-- Generated by Craft v2.6.2989 on Jan 10, 2018, 2:40:40 PM.

--
-- Disable foreign key checks and autocommit.
--

SET FOREIGN_KEY_CHECKS = 0;
SET SQL_MODE = "NO_AUTO_VALUE_ON_ZERO";
SET AUTOCOMMIT = 0;
SET NAMES utf8;


DROP TABLE IF EXISTS `craft_assetfiles`;


--
-- Schema for table `craft_assetfiles`
--
CREATE TABLE `craft_assetfiles` (
  `id` int(11) NOT NULL,
  `sourceId` int(11) DEFAULT NULL,
  `folderId` int(11) NOT NULL,
  `filename` varchar(255) COLLATE utf8_unicode_ci NOT NULL,
  `kind` varchar(50) COLLATE utf8_unicode_ci NOT NULL DEFAULT 'unknown',
  `width` int(11) unsigned DEFAULT NULL,
  `height` int(11) unsigned DEFAULT NULL,
  `size` bigint(20) unsigned DEFAULT NULL,
  `dateModified` datetime DEFAULT NULL,
  `dateCreated` datetime NOT NULL,
  `dateUpdated` datetime NOT NULL,
  `uid` char(36) COLLATE utf8_unicode_ci NOT NULL DEFAULT '0',
  PRIMARY KEY (`id`),
  UNIQUE KEY `craft_assetfiles_filename_folderId_unq_idx` (`filename`,`folderId`),
  KEY `craft_assetfiles_sourceId_fk` (`sourceId`),
  KEY `craft_assetfiles_folderId_fk` (`folderId`)
) ENGINE=InnoDB DEFAULT CHARSET=utf8 COLLATE=utf8_unicode_ci;

--
-- Data for table `craft_assetfiles`
--

INSERT INTO `craft_assetfiles` (`id`, `sourceId`, `folderId`, `filename`, `kind`, `width`, `height`, `size`, `dateModified`, `dateCreated`, `dateUpdated`, `uid`) VALUES
 ('51', '1', '1', '21886692_10159392533680584_1810545768_o.jpg', 'image', '750', '1334', '108761', '2017-09-21 09:53:01', '2017-09-21 09:53:01', '2017-09-21 09:53:01', 'af50e8a8-1ab0-439c-83ae-db7a2624528e'),
 ('54', '1', '1', '21366932_726196667580983_5094451678688575757_o.jpg', 'image', '1080', '783', '90812', '2017-09-21 10:12:44', '2017-09-21 10:12:44', '2017-09-21 10:12:44', '1a04a818-f543-4d75-b289-8b7a1cb43a6e'),
 ('57', '1', '1', '41Z3800-Edit.jpg', 'image', '5184', '3456', '9412696', '2017-09-21 10:21:42', '2017-09-21 10:21:43', '2017-09-21 10:21:43', 'acdbb3f5-0d6e-45bb-a696-d9b179ac5111'),
 ('65', '1', '1', 'IMG_3059.JPG', 'image', '3024', '4032', '1129468', '2017-09-21 11:49:12', '2017-09-21 11:49:12', '2017-09-21 11:49:12', 'c0a24361-610a-4571-b6a9-f6763f920ea6'),
 ('71', '1', '1', '41Z5249-Edit.jpg', 'image', '4762', '3175', '5403171', '2017-09-24 06:48:53', '2017-09-24 06:48:53', '2017-09-24 06:48:53', '3e161f35-ed00-4bb2-b285-c92ee35d25a7'),
 ('78', '1', '1', 'Skjermbilde-2017-12-15-11.34.14.png', 'image', '1283', '853', '1946003', '2017-12-15 11:10:51', '2017-12-15 11:10:51', '2017-12-15 11:10:51', 'bb5cb285-8716-463d-aa6b-a70655703612'),
 ('79', '1', '1', 'gulrotter.jpg', 'image', '2500', '1667', '2232662', '2017-12-15 11:36:11', '2017-12-15 11:36:12', '2017-12-15 11:36:12', 'ab2b3c5d-8fcc-4c0b-93ee-4ce3017e8491'),
 ('81', '1', '1', 'Bergs-Maskinhall-eksterior.jpg', 'image', '3308', '2113', '5045244', '2017-12-15 11:43:13', '2017-12-15 11:43:13', '2017-12-15 11:43:13', 'a0919cd8-1a98-4902-998e-4f12916144bd'),
 ('82', '1', '1', 'B5A6794.jpg', 'image', '8688', '5792', '16027032', '2017-12-15 11:48:32', '2017-12-15 11:48:33', '2017-12-15 11:48:33', '72c0121d-a715-40ca-85a4-b1352dd24135'),
 ('88', '1', '1', 'B5A6477.jpg', 'image', '2835', '1890', '2495836', '2017-12-15 12:05:02', '2017-12-15 12:05:02', '2017-12-15 12:05:02', '392f4841-4640-4a5a-a681-04cf70a157c1'),
 ('89', '1', '1', 'B5A7178-Edit.jpg', 'image', '4192', '2795', '5268084', '2017-12-15 12:07:28', '2017-12-15 12:07:28', '2017-12-15 12:07:28', '3f741829-30f4-4642-b278-b4f526d2fea0'),
 ('92', '1', '1', 'B5A7375.jpg', 'image', '2835', '1890', '1307108', '2017-12-15 12:09:08', '2017-12-15 12:09:08', '2017-12-15 12:09:08', '75be23cc-3d9e-4be5-b727-c8ca42716e9d'),
 ('93', '1', '1', '41Z4231-Edit.jpg', 'image', '5184', '3456', '8785728', '2017-12-15 12:10:25', '2017-12-15 12:10:26', '2017-12-15 12:10:26', 'c8017b51-3d2f-41bd-a21b-083b9bca304b'),
 ('96', '1', '1', '41Z0093.jpg', 'image', '3543', '2362', '3293451', '2017-12-15 12:12:34', '2017-12-15 12:12:34', '2017-12-15 12:12:34', 'e480cc03-454f-413d-b42a-4912012030f4'),
 ('98', '1', '1', 'B5A6903.jpg', 'image', '2835', '1890', '1455390', '2017-12-15 12:25:43', '2017-12-15 12:25:44', '2017-12-15 12:25:44', 'ac7da3f9-1cd8-4a7b-8012-6c2b0375816e'),
 ('99', '1', '1', 'ERE8482.jpg', 'image', '4928', '3280', '11547375', '2017-12-15 12:27:18', '2017-12-15 12:27:19', '2017-12-15 12:27:19', '428708de-26eb-497d-b783-131cdf845c15'),
 ('100', '1', '1', 'B5A6629.jpg', 'image', '2835', '1890', '1575889', '2017-12-15 12:29:35', '2017-12-15 12:29:35', '2017-12-15 12:29:35', '38a289ee-9e9a-4c67-96b5-dd2de344ceac'),
 ('101', '1', '1', 'Traena_034.jpg', 'image', '1755', '1138', '470014', '2017-12-15 12:34:20', '2017-12-15 12:34:20', '2017-12-15 12:34:20', '95d64e38-6056-4192-97a3-c421768e5b05'),
 ('109', '1', '1', 'B5A7193.jpg', 'image', '2835', '1890', '2096117', '2017-12-15 12:37:22', '2017-12-15 12:37:23', '2017-12-15 12:37:23', '7299349a-0891-4ff6-8855-72487e1dfbbd'),
 ('110', '1', '1', 'B5A7794_BW.jpg', 'image', '8688', '5792', '11609379', '2017-12-15 12:40:12', '2017-12-15 12:40:14', '2017-12-15 12:40:14', '79914950-7e00-48cb-8b0d-ed15b764df8c'),
 ('115', '1', '1', 'B5A6881.jpg', 'image', '8688', '5792', '16499849', '2017-12-15 13:01:50', '2017-12-15 13:01:52', '2017-12-15 13:01:52', '499c4e14-4304-4233-822a-4120755c6af5'),
 ('120', '1', '1', 'B5A1077.jpg', 'image', '8688', '5792', '14403803', '2017-12-15 13:10:38', '2017-12-15 13:10:39', '2017-12-15 13:10:39', '8fa960ba-857d-41a5-aaba-3b7f06092268'),
 ('122', '1', '1', 'B5A1435_2-1.jpg', 'image', '1200', '800', '214478', '2017-12-15 13:15:04', '2017-12-15 13:15:04', '2017-12-15 13:15:04', '01d42117-4f12-4bcd-8b8b-cc95b724d326'),
 ('125', '1', '1', 'B5A2315.jpg', 'image', '1275', '850', '752108', '2017-12-15 13:49:57', '2017-12-15 13:49:57', '2017-12-15 13:49:57', '1ec0e268-854e-4f23-b75e-b12084a6b248'),
 ('126', '1', '1', 'B5A2523.jpg', 'image', '1275', '850', '567423', '2017-12-15 13:51:02', '2017-12-15 13:51:02', '2017-12-15 13:51:02', 'af92a60f-30de-40d9-9379-63155b473c4a'),
 ('127', '1', '1', 'B5A2044.jpg', 'image', '1275', '850', '557770', '2017-12-15 13:51:19', '2017-12-15 13:51:19', '2017-12-15 13:51:19', '95e14778-a582-4f25-9173-30dbe2c0ff06'),
 ('129', '1', '1', 'heidi_grisebinge_crop.jpg', 'image', '990', '802', '454385', '2017-12-15 13:55:15', '2017-12-15 13:55:15', '2017-12-15 13:55:15', '24ba1c01-135d-4051-b034-adaea6b8e97f'),
 ('130', '1', '1', 'heidi_grisebinge_crop2.jpg', 'image', '1110', '810', '700568', '2017-12-15 13:56:09', '2017-12-15 13:56:09', '2017-12-15 13:56:09', '55364f1c-24b4-423e-89fd-42cd9e06d85f'),
 ('131', '1', '1', 'fiskeskoyte.jpg', 'image', '4928', '3280', '10964619', '2017-12-15 13:58:31', '2017-12-15 13:58:31', '2017-12-15 13:58:31', '64c4db5a-455b-45dc-85aa-5e00a3a65961'),
 ('132', '1', '1', 'finnes_skisse.jpg', 'image', '910', '633', '287779', '2017-12-15 14:36:54', '2017-12-15 14:36:54', '2017-12-15 14:36:54', '87a2b84d-d4ba-4ee2-9e93-2b368729e7e6'),
 ('136', '1', '1', 'jossa_bilde_forside_skisse.jpg', 'image', '770', '568', '113954', '2017-12-15 15:14:04', '2017-12-15 14:58:55', '2017-12-15 15:14:06', 'e736c2d6-8738-4f84-972d-a271c43e060f'),
 ('137', '1', '1', 'jossa_bilde_forside_skisse2.jpg', 'image', '992', '568', '113781', '2017-12-15 15:13:28', '2017-12-15 15:13:28', '2017-12-15 15:13:28', 'aa4e0f51-4b74-4b59-85ab-48ec7cd5539c'),
 ('139', '1', '1', 'jossa_bilde_forside_skisse3.jpg', 'image', '770', '568', '113954', '2017-12-15 15:14:35', '2017-12-15 15:14:35', '2017-12-15 15:14:35', '55e47795-bf0b-4dfc-b3aa-2d592937f7e3'),
 ('143', '1', '1', 'B5A1231.jpg', 'image', '8688', '5792', '17729492', '2017-12-15 15:20:26', '2017-12-15 15:20:28', '2017-12-15 15:20:28', 'eabf963e-3725-4fbc-80c5-9cdd4f1abdaf'),
 ('146', '1', '1', '41Z9983.jpg', 'image', '3543', '2362', '3787766', '2017-12-15 15:22:10', '2017-12-15 15:22:10', '2017-12-15 15:22:10', '3bfdb9e7-f4e8-47fb-b9a9-3c06a2f6add4'),
 ('147', '1', '1', 'B5A1236-1.jpg', 'image', '8688', '5792', '11191488', '2017-12-17 13:37:16', '2017-12-17 13:37:17', '2017-12-17 13:37:17', 'f460a47d-aa93-43b3-95c8-bcca5f5346ed'),
 ('148', '1', '1', 'jossa-Crop.jpg', 'image', '3000', '2390', '3420026', '2017-12-17 13:39:49', '2017-12-17 13:39:49', '2017-12-17 13:39:49', 'bd7a6aef-d047-48a5-a5d9-9f4b119b1352'),
 ('149', '1', '1', 'B5A3135.jpg', 'image', '1275', '850', '554547', '2017-12-17 19:19:37', '2017-12-17 19:19:37', '2017-12-17 19:19:37', '54939a12-4f02-4e33-95ed-5e61f0883826'),
 ('150', '1', '1', 'B5A3098.jpg', 'image', '1275', '850', '650100', '2017-12-17 19:24:51', '2017-12-17 19:24:51', '2017-12-17 19:24:51', '3b2d2e6f-6cd2-4db1-b3c2-5dededc1a0aa'),
 ('151', '1', '1', 'B5A1841.jpg', 'image', '1275', '850', '1026801', '2017-12-17 19:25:50', '2017-12-17 19:25:50', '2017-12-17 19:25:50', '610897e8-e6ff-48b0-af27-70c4fa685969'),
 ('152', '1', '1', 'B5A3275_2.jpg', 'image', '3543', '2362', '3476841', '2017-12-17 19:27:21', '2017-12-17 19:27:21', '2017-12-17 19:27:21', '4c1a8431-e096-48c5-a755-6f579292502d'),
 ('157', '1', '1', 'B5A7178-Edit_171217_193252.jpg', 'image', '4192', '2795', '5268084', '2017-12-17 19:32:52', '2017-12-17 19:32:52', '2017-12-17 19:32:52', '2848972a-2417-4fdf-81a8-c0940571fc0a'),
 ('159', '1', '1', 'B5A2954.jpg', 'image', '1275', '850', '363036', '2017-12-17 19:40:33', '2017-12-17 19:40:33', '2017-12-17 19:40:33', '4a686e75-ca50-45df-a5bd-c8cd847ce987'),
 ('160', '1', '1', 'B5A3150.jpg', 'image', '1275', '850', '678218', '2017-12-17 19:41:06', '2017-12-17 19:41:06', '2017-12-17 19:41:06', '81b34562-6fef-4146-a29a-696f5b881ad6'),
 ('163', '1', '1', 'ERE8763.jpg', 'image', '4928', '3280', '12477281', '2017-12-17 19:46:03', '2017-12-17 19:46:04', '2017-12-17 19:46:04', '430ae84f-e65d-40db-99b7-bdc4adcd7664'),
 ('170', '1', '1', '41Z4010-Edit-3.jpg', 'image', '3456', '5184', '15405368', '2018-01-10 11:27:44', '2018-01-10 11:27:44', '2018-01-10 11:27:44', 'f18517ad-2b41-42bf-8776-a6bb68d8aad3'),
 ('174', '1', '1', 'heidi_kyr_crop.jpg', 'image', '3456', '2306', '7149064', '2018-01-10 11:31:49', '2018-01-10 11:31:49', '2018-01-10 11:31:49', 'baf06cb7-087f-400e-b37b-3b1de735d030'),
 ('175', '1', '1', 'ERE2362.jpg', 'image', '4928', '3280', '13924973', '2018-01-10 11:37:07', '2018-01-10 11:37:08', '2018-01-10 11:37:08', 'dd282b43-0209-4b0c-8a8a-0fd119c37f53'),
 ('176', '1', '1', 'B5A3150_180110_120839.jpg', 'image', '1275', '850', '678218', '2018-01-10 12:08:39', '2018-01-10 12:08:39', '2018-01-10 12:08:39', '91ff7bd9-52ab-4426-bfa8-5d685c51b8c3'),
 ('178', '1', '1', 'Finnes-barnehjem-1024x647.jpg', 'image', '1024', '647', '213867', '2018-01-10 12:45:27', '2018-01-10 12:45:27', '2018-01-10 12:45:27', 'af4aed7d-411b-4796-8ea7-95d870f527d7'),
 ('181', '1', '1', 'finnes_kafe1-stortsidebilde.jpg', 'image', '1170', '878', '291546', '2018-01-10 13:17:22', '2018-01-10 13:17:22', '2018-01-10 13:17:22', 'a935cef3-addc-4b75-ae55-d4a53c61e8fc'),
 ('187', '1', '1', 'B5A1697.jpg', 'image', '8688', '5792', '18760058', '2018-01-10 13:28:24', '2018-01-10 13:28:26', '2018-01-10 13:28:26', 'f117e98e-88f8-4e53-8e5b-0830b423c68f'),
 ('188', '1', '1', 'austria1-1000x600.jpg', 'image', '1000', '600', '137647', '2018-01-10 14:05:59', '2018-01-10 14:05:59', '2018-01-10 14:05:59', 'c96ae957-f840-4fad-8bd6-0adf84eb6c0a'),
 ('191', '1', '1', 'p-nordiskkonst-1000x600.jpg', 'image', '1000', '600', '144623', '2018-01-10 14:07:48', '2018-01-10 14:07:48', '2018-01-10 14:07:48', '061cdc9f-a1e6-4a01-96ee-8bb5dcaad176'),
 ('194', '1', '1', 'Traena_127-web-1000x600.jpg', 'image', '1000', '600', '118706', '2018-01-10 14:09:30', '2018-01-10 14:09:30', '2018-01-10 14:09:30', '806556ed-1e34-4207-b29c-c753874d57dc'),
 ('197', '1', '1', '20160216-_DSC3947-1000x600.jpg', 'image', '1000', '600', '85066', '2018-01-10 14:11:11', '2018-01-10 14:11:11', '2018-01-10 14:11:11', '931983bf-6c35-4f81-8210-f6495be54304'),
 ('200', '1', '1', 'B5A1163-1000x600.jpg', 'image', '1000', '600', '135895', '2018-01-10 14:16:03', '2018-01-10 14:16:03', '2018-01-10 14:16:03', 'cf9daaa0-efba-40c5-bd63-4ce389b4b072');



DROP TABLE IF EXISTS `craft_assetfolders`;


--
-- Schema for table `craft_assetfolders`
--
CREATE TABLE `craft_assetfolders` (
  `id` int(11) NOT NULL AUTO_INCREMENT,
  `parentId` int(11) DEFAULT NULL,
  `sourceId` int(11) DEFAULT NULL,
  `name` varchar(255) COLLATE utf8_unicode_ci NOT NULL,
  `path` varchar(255) COLLATE utf8_unicode_ci DEFAULT NULL,
  `dateCreated` datetime NOT NULL,
  `dateUpdated` datetime NOT NULL,
  `uid` char(36) COLLATE utf8_unicode_ci NOT NULL DEFAULT '0',
  PRIMARY KEY (`id`),
  UNIQUE KEY `craft_assetfolders_name_parentId_sourceId_unq_idx` (`name`,`parentId`,`sourceId`),
  KEY `craft_assetfolders_parentId_fk` (`parentId`),
  KEY `craft_assetfolders_sourceId_fk` (`sourceId`)
) ENGINE=InnoDB AUTO_INCREMENT=2 DEFAULT CHARSET=utf8 COLLATE=utf8_unicode_ci;

--
-- Data for table `craft_assetfolders`
--

INSERT INTO `craft_assetfolders` (`id`, `parentId`, `sourceId`, `name`, `path`, `dateCreated`, `dateUpdated`, `uid`) VALUES
 ('1', NULL, '1', 'Uploads', '', '2017-09-20 09:39:49', '2017-09-20 09:39:49', 'ffc8d2ce-42c6-4523-a204-96d7af491f17');



DROP TABLE IF EXISTS `craft_assetindexdata`;


--
-- Schema for table `craft_assetindexdata`
--
CREATE TABLE `craft_assetindexdata` (
  `id` int(11) NOT NULL AUTO_INCREMENT,
  `sessionId` varchar(36) COLLATE utf8_unicode_ci NOT NULL DEFAULT '',
  `sourceId` int(10) NOT NULL,
  `offset` int(10) NOT NULL,
  `uri` varchar(255) COLLATE utf8_unicode_ci DEFAULT NULL,
  `size` varchar(255) COLLATE utf8_unicode_ci DEFAULT NULL,
  `recordId` int(10) DEFAULT NULL,
  `dateCreated` datetime NOT NULL,
  `dateUpdated` datetime NOT NULL,
  `uid` char(36) COLLATE utf8_unicode_ci NOT NULL DEFAULT '0',
  PRIMARY KEY (`id`),
  UNIQUE KEY `craft_assetindexdata_sessionId_sourceId_offset_unq_idx` (`sessionId`,`sourceId`,`offset`),
  KEY `craft_assetindexdata_sourceId_fk` (`sourceId`)
) ENGINE=InnoDB DEFAULT CHARSET=utf8 COLLATE=utf8_unicode_ci;

DROP TABLE IF EXISTS `craft_assetsources`;


--
-- Schema for table `craft_assetsources`
--
CREATE TABLE `craft_assetsources` (
  `id` int(11) NOT NULL AUTO_INCREMENT,
  `name` varchar(255) COLLATE utf8_unicode_ci NOT NULL,
  `handle` varchar(255) COLLATE utf8_unicode_ci NOT NULL,
  `type` varchar(150) COLLATE utf8_unicode_ci NOT NULL,
  `settings` text COLLATE utf8_unicode_ci,
  `sortOrder` smallint(6) unsigned DEFAULT NULL,
  `fieldLayoutId` int(10) DEFAULT NULL,
  `dateCreated` datetime NOT NULL,
  `dateUpdated` datetime NOT NULL,
  `uid` char(36) COLLATE utf8_unicode_ci NOT NULL DEFAULT '0',
  PRIMARY KEY (`id`),
  UNIQUE KEY `craft_assetsources_name_unq_idx` (`name`),
  UNIQUE KEY `craft_assetsources_handle_unq_idx` (`handle`),
  KEY `craft_assetsources_fieldLayoutId_fk` (`fieldLayoutId`)
) ENGINE=InnoDB AUTO_INCREMENT=2 DEFAULT CHARSET=utf8 COLLATE=utf8_unicode_ci;

--
-- Data for table `craft_assetsources`
--

INSERT INTO `craft_assetsources` (`id`, `name`, `handle`, `type`, `settings`, `sortOrder`, `fieldLayoutId`, `dateCreated`, `dateUpdated`, `uid`) VALUES
 ('1', 'Uploads', 'uploads', 'Local', '{\"path\":\"{fileSystemPath}{publicRootPath}uploads\\/main\\/\",\"publicURLs\":\"1\",\"url\":\"\\/credo\\/uploads\\/main\\/\"}', '1', '102', '2017-09-20 09:39:49', '2017-12-18 12:52:25', '87652e3e-7950-4366-bf78-97086d60065b');



DROP TABLE IF EXISTS `craft_assettransformindex`;


--
-- Schema for table `craft_assettransformindex`
--
CREATE TABLE `craft_assettransformindex` (
  `id` int(11) NOT NULL AUTO_INCREMENT,
  `fileId` int(11) NOT NULL,
  `filename` varchar(255) COLLATE utf8_unicode_ci DEFAULT NULL,
  `format` varchar(255) COLLATE utf8_unicode_ci DEFAULT NULL,
  `location` varchar(255) COLLATE utf8_unicode_ci NOT NULL,
  `sourceId` int(11) DEFAULT NULL,
  `fileExists` tinyint(1) DEFAULT NULL,
  `inProgress` tinyint(1) DEFAULT NULL,
  `dateIndexed` datetime DEFAULT NULL,
  `dateCreated` datetime NOT NULL,
  `dateUpdated` datetime NOT NULL,
  `uid` char(36) COLLATE utf8_unicode_ci NOT NULL DEFAULT '0',
  PRIMARY KEY (`id`),
  KEY `craft_assettransformindex_sourceId_fileId_location_idx` (`sourceId`,`fileId`,`location`)
) ENGINE=InnoDB AUTO_INCREMENT=21 DEFAULT CHARSET=utf8 COLLATE=utf8_unicode_ci;

DROP TABLE IF EXISTS `craft_assettransforms`;


--
-- Schema for table `craft_assettransforms`
--
CREATE TABLE `craft_assettransforms` (
  `id` int(11) NOT NULL AUTO_INCREMENT,
  `name` varchar(255) COLLATE utf8_unicode_ci NOT NULL,
  `handle` varchar(255) COLLATE utf8_unicode_ci NOT NULL,
  `mode` enum('stretch','fit','crop') COLLATE utf8_unicode_ci NOT NULL DEFAULT 'crop',
  `position` enum('top-left','top-center','top-right','center-left','center-center','center-right','bottom-left','bottom-center','bottom-right') COLLATE utf8_unicode_ci NOT NULL DEFAULT 'center-center',
  `height` int(10) DEFAULT NULL,
  `width` int(10) DEFAULT NULL,
  `format` varchar(255) COLLATE utf8_unicode_ci DEFAULT NULL,
  `quality` int(10) DEFAULT NULL,
  `dimensionChangeTime` datetime DEFAULT NULL,
  `dateCreated` datetime NOT NULL,
  `dateUpdated` datetime NOT NULL,
  `uid` char(36) COLLATE utf8_unicode_ci NOT NULL DEFAULT '0',
  PRIMARY KEY (`id`),
  UNIQUE KEY `craft_assettransforms_name_unq_idx` (`name`),
  UNIQUE KEY `craft_assettransforms_handle_unq_idx` (`handle`)
) ENGINE=InnoDB DEFAULT CHARSET=utf8 COLLATE=utf8_unicode_ci;

DROP TABLE IF EXISTS `craft_categories`;


--
-- Schema for table `craft_categories`
--
CREATE TABLE `craft_categories` (
  `id` int(11) NOT NULL,
  `groupId` int(11) NOT NULL,
  `dateCreated` datetime NOT NULL,
  `dateUpdated` datetime NOT NULL,
  `uid` char(36) COLLATE utf8_unicode_ci NOT NULL DEFAULT '0',
  PRIMARY KEY (`id`),
  KEY `craft_categories_groupId_fk` (`groupId`)
) ENGINE=InnoDB DEFAULT CHARSET=utf8 COLLATE=utf8_unicode_ci;

--
-- Data for table `craft_categories`
--

INSERT INTO `craft_categories` (`id`, `groupId`, `dateCreated`, `dateUpdated`, `uid`) VALUES
 ('4', '1', '2017-09-15 09:20:14', '2017-09-15 09:20:14', 'b259f985-6fa5-4f96-b071-b4a19bfdf292'),
 ('5', '1', '2017-09-15 09:20:20', '2017-09-15 09:20:20', '5d74ebea-a3c8-4d25-97bb-59dcd87bf285'),
 ('6', '1', '2017-09-15 09:20:24', '2017-09-15 09:20:24', 'b1b50672-4e55-4cdc-9746-76db6378ff10');



DROP TABLE IF EXISTS `craft_categorygroups`;


--
-- Schema for table `craft_categorygroups`
--
CREATE TABLE `craft_categorygroups` (
  `id` int(11) NOT NULL AUTO_INCREMENT,
  `structureId` int(11) NOT NULL,
  `fieldLayoutId` int(11) DEFAULT NULL,
  `name` varchar(255) COLLATE utf8_unicode_ci NOT NULL,
  `handle` varchar(255) COLLATE utf8_unicode_ci NOT NULL,
  `hasUrls` tinyint(1) unsigned NOT NULL DEFAULT '1',
  `template` varchar(500) COLLATE utf8_unicode_ci DEFAULT NULL,
  `dateCreated` datetime NOT NULL,
  `dateUpdated` datetime NOT NULL,
  `uid` char(36) COLLATE utf8_unicode_ci NOT NULL DEFAULT '0',
  PRIMARY KEY (`id`),
  UNIQUE KEY `craft_categorygroups_name_unq_idx` (`name`),
  UNIQUE KEY `craft_categorygroups_handle_unq_idx` (`handle`),
  KEY `craft_categorygroups_structureId_fk` (`structureId`),
  KEY `craft_categorygroups_fieldLayoutId_fk` (`fieldLayoutId`)
) ENGINE=InnoDB AUTO_INCREMENT=3 DEFAULT CHARSET=utf8 COLLATE=utf8_unicode_ci;

--
-- Data for table `craft_categorygroups`
--

INSERT INTO `craft_categorygroups` (`id`, `structureId`, `fieldLayoutId`, `name`, `handle`, `hasUrls`, `template`, `dateCreated`, `dateUpdated`, `uid`) VALUES
 ('1', '1', '99', 'Avdeling', 'avdeling', '0', NULL, '2017-09-15 09:20:07', '2017-09-21 08:56:42', '763d3403-9b25-47d2-9979-f11349e9d6b4'),
 ('2', '2', '7', 'Journalkategori', 'journalkategori', '1', '', '2017-09-15 09:20:42', '2017-09-15 09:20:42', 'bfc6c0ed-9f7b-4ef0-a65b-2b4643e6c4f7');



DROP TABLE IF EXISTS `craft_categorygroups_i18n`;


--
-- Schema for table `craft_categorygroups_i18n`
--
CREATE TABLE `craft_categorygroups_i18n` (
  `id` int(11) NOT NULL AUTO_INCREMENT,
  `groupId` int(11) NOT NULL,
  `locale` char(12) COLLATE utf8_unicode_ci NOT NULL,
  `urlFormat` text COLLATE utf8_unicode_ci,
  `nestedUrlFormat` text COLLATE utf8_unicode_ci,
  `dateCreated` datetime NOT NULL,
  `dateUpdated` datetime NOT NULL,
  `uid` char(36) COLLATE utf8_unicode_ci NOT NULL DEFAULT '0',
  PRIMARY KEY (`id`),
  UNIQUE KEY `craft_categorygroups_i18n_groupId_locale_unq_idx` (`groupId`,`locale`),
  KEY `craft_categorygroups_i18n_locale_fk` (`locale`)
) ENGINE=InnoDB AUTO_INCREMENT=3 DEFAULT CHARSET=utf8 COLLATE=utf8_unicode_ci;

--
-- Data for table `craft_categorygroups_i18n`
--

INSERT INTO `craft_categorygroups_i18n` (`id`, `groupId`, `locale`, `urlFormat`, `nestedUrlFormat`, `dateCreated`, `dateUpdated`, `uid`) VALUES
 ('1', '1', 'en', NULL, NULL, '2017-09-15 09:20:07', '2017-09-21 08:56:42', 'bccb1c68-6b45-43c6-9f84-42c5908c1cf5'),
 ('2', '2', 'en', 'journalkategori/{slug}', '{parent.uri}/{slug}', '2017-09-15 09:20:42', '2017-09-15 09:20:42', '708ace6a-31ed-4535-b605-f05e97be5934');



DROP TABLE IF EXISTS `craft_content`;


--
-- Schema for table `craft_content`
--
CREATE TABLE `craft_content` (
  `id` int(11) NOT NULL AUTO_INCREMENT,
  `elementId` int(11) NOT NULL,
  `locale` char(12) COLLATE utf8_unicode_ci NOT NULL,
  `title` varchar(255) COLLATE utf8_unicode_ci DEFAULT NULL,
  `field_standardBodyText` text COLLATE utf8_unicode_ci,
  `field_standardHeading` text COLLATE utf8_unicode_ci,
  `field_standardSubHeading` text COLLATE utf8_unicode_ci,
  `field_settingImagePosition` varchar(255) COLLATE utf8_unicode_ci DEFAULT 'left',
  `field_customOpeningHours` text COLLATE utf8_unicode_ci,
  `field_standardLeadText` text COLLATE utf8_unicode_ci,
  `field_settingTextOverImage` tinyint(1) unsigned NOT NULL DEFAULT '0',
  `field_settingHeaderAbsolute` tinyint(1) unsigned NOT NULL DEFAULT '0',
  `field_settingHeaderInvert` tinyint(1) unsigned NOT NULL DEFAULT '0',
  `field_settingTextWhiteBox` tinyint(1) unsigned NOT NULL DEFAULT '0',
  `dateCreated` datetime NOT NULL,
  `dateUpdated` datetime NOT NULL,
  `uid` char(36) COLLATE utf8_unicode_ci NOT NULL DEFAULT '0',
  PRIMARY KEY (`id`),
  UNIQUE KEY `craft_content_elementId_locale_unq_idx` (`elementId`,`locale`),
  KEY `craft_content_title_idx` (`title`),
  KEY `craft_content_locale_fk` (`locale`)
) ENGINE=InnoDB AUTO_INCREMENT=198 DEFAULT CHARSET=utf8 COLLATE=utf8_unicode_ci;

--
-- Data for table `craft_content`
--

INSERT INTO `craft_content` (`id`, `elementId`, `locale`, `title`, `field_standardBodyText`, `field_standardHeading`, `field_standardSubHeading`, `field_settingImagePosition`, `field_customOpeningHours`, `field_standardLeadText`, `field_settingTextOverImage`, `field_settingHeaderAbsolute`, `field_settingHeaderInvert`, `field_settingTextWhiteBox`, `dateCreated`, `dateUpdated`, `uid`) VALUES
 ('1', '1', 'en', NULL, NULL, NULL, NULL, NULL, NULL, NULL, '0', '0', '0', '0', '2017-09-15 09:15:42', '2017-09-15 09:15:42', 'b9d8c445-d0bd-41be-be05-73f49bdd9e4f'),
 ('4', '4', 'en', 'Credo', NULL, NULL, NULL, NULL, NULL, NULL, '0', '0', '0', '0', '2017-09-15 09:20:14', '2017-09-15 09:20:14', '34551865-3859-4310-ba83-8ff0f6135116'),
 ('5', '5', 'en', 'Finnes', NULL, NULL, NULL, NULL, NULL, NULL, '0', '0', '0', '0', '2017-09-15 09:20:20', '2017-09-15 09:20:20', '459cead1-5111-40c1-8f16-9431a974fec7'),
 ('6', '6', 'en', 'Jossa', NULL, NULL, NULL, NULL, NULL, NULL, '0', '0', '0', '0', '2017-09-15 09:20:24', '2017-09-15 09:20:24', 'ffee34c1-aa68-48a5-bf82-0f3be88908f3'),
 ('7', '7', 'en', 'Credo', NULL, NULL, NULL, NULL, NULL, NULL, '0', '1', '1', '0', '2017-09-15 09:53:53', '2018-01-10 11:57:30', 'e5a02a17-e142-4a07-955e-a27dc35d1502'),
 ('8', '8', 'en', 'Finnes', NULL, NULL, NULL, NULL, NULL, NULL, '0', '0', '0', '0', '2017-09-15 09:53:58', '2018-01-10 13:17:26', 'dc4fc2a7-facf-4f82-9fd1-e9e0689179dc'),
 ('9', '9', 'en', 'Jossa', NULL, NULL, NULL, NULL, NULL, NULL, '0', '0', '0', '0', '2017-09-15 09:54:03', '2018-01-10 14:33:46', '0a833c43-e4dc-4f45-9854-892dce0fa289'),
 ('10', '10', 'en', 'Meny', NULL, NULL, NULL, NULL, NULL, NULL, '0', '0', '0', '0', '2017-09-15 09:55:04', '2017-12-17 19:41:26', '38531963-a4e6-423a-b57c-90a53b27b3a7'),
 ('11', '11', 'en', 'Historier', NULL, NULL, NULL, NULL, NULL, NULL, '0', '0', '0', '0', '2017-09-15 09:55:10', '2017-09-23 18:04:12', '425130c3-1070-4005-9029-2851f438e804'),
 ('12', '12', 'en', 'Om oss', NULL, NULL, NULL, NULL, NULL, NULL, '0', '0', '0', '0', '2017-09-15 09:55:19', '2017-12-17 19:33:54', 'ce0001af-4843-4f6f-8bf9-d636d4c9625f'),
 ('13', '13', 'en', 'Karriere', NULL, NULL, NULL, NULL, NULL, NULL, '0', '0', '0', '0', '2017-09-15 09:55:23', '2018-01-10 13:23:24', '793b7933-f700-463e-b543-902a3b84e740'),
 ('14', '14', 'en', 'Omtale', NULL, NULL, NULL, NULL, NULL, NULL, '0', '0', '0', '0', '2017-09-15 09:55:28', '2017-09-23 18:27:51', 'b254d528-4284-4781-856d-8d1bd1bd7e67'),
 ('15', '15', 'en', 'Historier', NULL, NULL, NULL, NULL, NULL, NULL, '0', '0', '0', '0', '2017-09-15 09:55:44', '2017-12-11 12:22:08', 'e2d59374-1673-44ef-acb1-db15ec038b28'),
 ('16', '16', 'en', 'Om oss', NULL, NULL, NULL, NULL, NULL, NULL, '0', '1', '1', '0', '2017-09-15 09:56:09', '2018-01-10 12:12:03', '652aaab4-72b2-4547-9991-d3236810ec5a'),
 ('17', '17', 'en', 'Karriere', NULL, NULL, NULL, NULL, NULL, NULL, '0', '0', '0', '0', '2017-09-15 09:56:17', '2018-01-10 13:27:32', '42e43f1e-e8a1-4392-afad-9482cf1cf0e8'),
 ('18', '18', 'en', 'Omtale', NULL, NULL, NULL, NULL, NULL, NULL, '0', '0', '0', '0', '2017-09-15 09:56:21', '2018-01-10 11:46:17', 'c6cef77e-5d67-4c39-97bd-2aae4fe8cf6f'),
 ('19', '19', 'en', 'Historier', NULL, NULL, NULL, NULL, NULL, NULL, '0', '0', '0', '0', '2017-09-15 09:56:38', '2017-09-23 18:04:25', '46d6cabe-11a7-4301-af09-b52fbba1194a'),
 ('20', '20', 'en', 'Om oss', NULL, NULL, NULL, NULL, NULL, NULL, '0', '0', '0', '0', '2017-09-15 09:56:42', '2017-12-17 19:00:21', '240b61b5-b0e0-4ea7-8fb8-4de0d58a2818'),
 ('21', '21', 'en', 'Omtale', NULL, NULL, NULL, NULL, NULL, NULL, '0', '0', '0', '0', '2017-09-15 09:56:47', '2017-09-23 18:28:08', '209f0ee4-7570-4e61-83f1-4244fd136c4b'),
 ('22', '22', 'en', 'Karriere', NULL, NULL, NULL, NULL, NULL, NULL, '0', '0', '0', '0', '2017-09-15 09:56:57', '2018-01-10 13:22:13', '3722e0f9-b07d-4c72-9a18-f34b141fb9cb'),
 ('39', '42', 'en', NULL, '<p>Lorem ipsum dolor sit amet, consectetur adipiscing elit. Nulla placerat elit nec eleifend blandit. Vivamus consectetur risus at efficitur eleifend. Pellentesque eros magna, fermentum sed eros vel, convallis tempus massa. Vestibulum ante ipsum primis in faucibus orci luctus et <a href=\"{entry:41:url}\">ultrices</a> posuere cubilia Curae; Integer vitae congue ante. Integer ultrices nibh sem, a cursus diam eleifend eu. Cras non tincidunt risus. Phasellus gravida, ipsum ut ultrices iaculis, tortor est vestibulum nibh, vel blandit nulla sem ac ipsum.</p>\n<p>Proin blandit, risus a mattis tristique, ex ipsum convallis ex, at fringilla dolor urna nec nibh. Phasellus vel nisl eu sem suscipit viverra ut vitae magna. Fusce facilisis eros at quam rutrum, ac ullamcorper nunc commodo. Sed eget felis ligula. Ut interdum auctor mauris a feugiat. Nam in sagittis lacus, a semper nisl. Praesent ut nulla lacus. Proin id justo eu lorem accumsan varius in a sem. Sed malesuada nunc convallis nisl convallis placerat eget a elit. Pellentesque elementum auctor metus eget lacinia.</p>\n<p>Aenean non aliquet elit, sed consequat turpis. Maecenas condimentum ultrices lobortis. Mauris diam nisl, facilisis non interdum sed, ultricies in justo. Nunc aliquet volutpat augue, ac dictum mauris facilisis vulputate. In arcu lacus, malesuada nec porta et, commodo et velit. Curabitur magna felis, pulvinar nec risus id, vestibulum pulvinar lectus. Aenean hendrerit mattis sem ut vehicula. Proin sollicitudin dictum neque nec ultricies. Vestibulum vehicula, metus et ullamcorper facilisis, justo risus blandit augue, sit amet maximus libero est id dui. Pellentesque id lorem vitae felis lobortis mattis. Cras dui nulla, dapibus in arcu euismod, elementum venenatis dolor. Nulla condimentum justo in purus varius ullamcorper. Curabitur auctor sem nisi, in rhoncus tellus suscipit ut. Sed eu lectus felis. Morbi pulvinar mi non urna sodales, non placerat ipsum accumsan. Nam risus erat, condimentum vitae purus eu, ultrices pellentesque massa.</p>\n<p>Class aptent taciti sociosqu ad litora torquent per conubia nostra, per inceptos himenaeos. Proin nec sapien elit. Cras lectus justo, semper ut purus sed, aliquam facilisis metus. Proin vehicula lobortis pellentesque. Donec laoreet vitae odio non eleifend. Morbi interdum ornare tincidunt. Aenean consectetur luctus augue, a imperdiet est bibendum sed. Sed dignissim in ex pretium pellentesque. Cras eget erat neque.</p>\n<p>Nullam malesuada quam massa, et imperdiet sapien pellentesque id. Sed sit amet venenatis ipsum, at bibendum ante. Donec consectetur urna enim, in porttitor ante pulvinar quis. Nulla euismod nisl ac sem ullamcorper blandit. Mauris gravida eros eget arcu suscipit, sed dignissim justo aliquam. Sed eu nulla volutpat, elementum ligula lacinia, maximus elit. Nullam hendrerit ultricies finibus. In egestas eros magna, sit amet laoreet dolor placerat vel. Sed viverra ex eget diam ultrices faucibus. Fusce et arcu quis ipsum tincidunt condimentum.</p>', '', NULL, 'left', NULL, NULL, '0', '0', '0', '0', '2017-09-21 07:55:58', '2017-09-21 08:27:56', 'b8fdb5e3-2cd0-4dd7-9b30-aafbebc96cdd'),
 ('45', '49', 'en', NULL, NULL, NULL, NULL, 'left', NULL, NULL, '0', '0', '0', '0', '2017-09-21 09:46:55', '2017-09-21 09:46:55', '83a4b746-f9c3-4006-8f85-10501ab589d1'),
 ('46', '50', 'en', NULL, NULL, NULL, NULL, 'left', NULL, NULL, '0', '0', '0', '0', '2017-09-21 09:47:25', '2017-09-21 09:47:25', '784a9c06-cf7c-4f46-9264-a44bed20018d'),
 ('47', '51', 'en', '21886692 10159392533680584 1810545768 O', NULL, NULL, NULL, 'left', NULL, NULL, '0', '0', '0', '0', '2017-09-21 09:53:01', '2017-09-21 09:53:01', '7433893f-c006-44d5-a66a-d35a6ae4df68'),
 ('49', '53', 'en', NULL, '<p>En raffinert men avslappet kafe - Finnes er et sted som tilbyr en meny med like stort fokus på menneskene som maten, bøndene og dyrene, med kjøtt og fisk tilberedt i samme mål, mening og over samme kullgrill som Credo. Tenk lakrismuffins, surdeigsbrød, andebryst, stekte torskehoder og rabarbraslush.</p>', NULL, NULL, 'left', NULL, NULL, '0', '0', '0', '0', '2017-09-21 09:53:14', '2017-12-17 19:33:54', '2ebc9917-f496-4e8d-b92d-1c3cb1e347fc'),
 ('50', '54', 'en', '21366932 726196667580983 5094451678688575757 O', NULL, NULL, NULL, 'left', NULL, NULL, '0', '0', '0', '0', '2017-09-21 10:12:44', '2017-09-21 10:12:44', 'd0c41b2f-d305-4398-9ba1-533976f0289f'),
 ('51', '55', 'en', 'Ramen på Finnes torsdag 21. september', NULL, NULL, NULL, 'left', NULL, '<p>Finnes Kafé is serving Ramen again on the 21st of September, and this time we\'ll make sure that we have enough noodles to serve everyone who visits us! <br /></p>', '0', '0', '0', '0', '2017-09-21 10:14:10', '2017-09-21 10:14:10', '709b9bd8-925a-408e-8c13-7f24753aa4fd'),
 ('52', '56', 'en', NULL, '<p>Ramen will be served from 12PM - 8PM, and the price will be 150NOK. No reservation is needed and we are looking forward to welcome you all!</p>', '', NULL, 'left', NULL, NULL, '0', '0', '0', '0', '2017-09-21 10:14:10', '2017-09-21 10:14:10', '335e9122-5796-45d4-8e56-995e91c6942d'),
 ('53', '57', 'en', '41 Z3800 Edit', NULL, NULL, NULL, 'left', NULL, NULL, '0', '0', '0', '0', '2017-09-21 10:21:43', '2017-09-21 10:21:43', '0bd53563-219e-4abe-8c1b-83520ffe0645'),
 ('55', '59', 'en', NULL, NULL, NULL, NULL, 'left', NULL, NULL, '0', '0', '0', '0', '2017-09-21 10:27:29', '2017-09-21 10:27:29', '20a1f7f2-7258-44a9-a585-b760060a5840'),
 ('56', '60', 'en', NULL, NULL, '', NULL, 'left', NULL, NULL, '0', '0', '0', '0', '2017-09-21 11:48:20', '2018-01-10 11:57:30', '86bdb531-9330-4b40-ae91-1e5669c4b30a'),
 ('57', '62', 'en', NULL, NULL, NULL, NULL, 'right', NULL, NULL, '0', '0', '0', '0', '2017-09-21 11:48:20', '2018-01-10 11:57:30', 'ecd25ac4-0138-4a1a-9c04-3a7623e906a5'),
 ('60', '65', 'en', 'Img 3059', NULL, NULL, NULL, 'left', NULL, NULL, '0', '0', '0', '0', '2017-09-21 11:49:12', '2017-09-21 11:49:12', '46bebbb7-859d-4ef8-86ef-e28b5f24964f'),
 ('61', '66', 'en', NULL, NULL, NULL, NULL, 'left', NULL, NULL, '0', '0', '0', '0', '2017-09-21 13:23:03', '2017-09-21 13:23:03', '250c2ff9-6781-4314-9fd8-9d59af6180f2'),
 ('63', '68', 'en', 'Meny', NULL, NULL, NULL, 'left', NULL, NULL, '0', '0', '0', '0', '2017-09-23 18:29:10', '2018-01-10 13:20:51', '37ca9f61-20ae-41b2-83db-c0150d0a5215'),
 ('64', '69', 'en', 'Meny', NULL, NULL, NULL, 'left', NULL, NULL, '0', '0', '0', '0', '2017-09-24 06:24:06', '2018-01-10 11:45:59', 'd486368a-2fbe-43dc-8d31-d89ae5cec21d'),
 ('66', '71', 'en', '41 Z5249 Edit', NULL, NULL, NULL, 'left', NULL, NULL, '0', '0', '0', '0', '2017-09-24 06:48:53', '2017-09-24 06:48:53', 'f3e6e888-56b9-4762-8d5c-017d0f6a6ebd'),
 ('69', '74', 'en', NULL, '<p>Vi er alltid på utkikk etter nye, engasjerte ansatte som ønsker å bli en del av Credo-familien.</p>\n<p>Hvis du ønsker å søke en stilling eller har noen spørsmål, ta kontakt med administrasjonskoordinator: <a href=\"mailto:career@restaurantcredo.no\" target=\"_blank\" rel=\"noreferrer noopener\">career@restaurantcredo.no</a></p>', 'Karriere', NULL, 'left', NULL, NULL, '0', '0', '0', '1', '2017-09-24 07:02:20', '2018-01-10 13:27:32', 'b3f051e9-abac-4a68-9d1e-b96f7d7368f1'),
 ('71', '78', 'en', 'Skjermbilde 2017 12 15 11 34 14', NULL, NULL, NULL, 'left', NULL, NULL, '0', '0', '0', '0', '2017-12-15 11:10:51', '2017-12-15 11:10:51', '9be709b9-89ac-46f5-91b7-ce4c55e4e8ad'),
 ('72', '79', 'en', 'Gulrotter', NULL, NULL, NULL, 'left', NULL, NULL, '0', '0', '0', '0', '2017-12-15 11:36:12', '2017-12-15 11:36:12', '53aefe25-1c3b-4564-bf88-88ab40b40860'),
 ('73', '80', 'en', NULL, '<p>Credo er en råvare-drevet restaurant som åpnet i Credoveita i Trondheim i 1998. Februar 2018 gjenåpner vi på Lilleby i nye lokaler.  </p>', 'Kjærlighet til råvaren', NULL, 'left', NULL, NULL, '0', '0', '0', '0', '2017-12-15 11:38:07', '2018-01-10 11:57:30', '37d009e7-7acd-45b0-b32b-00171aa2e49b'),
 ('74', '81', 'en', 'Bergs Maskinhall Eksterior', NULL, NULL, NULL, 'left', NULL, NULL, '0', '0', '0', '0', '2017-12-15 11:43:13', '2017-12-15 11:43:13', '35b7684a-5d9a-4592-b973-e44444316ad7'),
 ('75', '82', 'en', 'B5 A6794', NULL, NULL, NULL, 'left', NULL, NULL, '0', '0', '0', '0', '2017-12-15 11:48:33', '2017-12-15 11:48:33', '5f831d62-365b-49a7-9147-0df327abec96'),
 ('76', '83', 'en', 'Forvandlingen på Lilleby ', NULL, NULL, NULL, 'left', NULL, '<p>Credo er en råvare-drevet restaurant som åpnet i Credoveita i Trondheim i 1998. Februar 2018 gjenåpner vi på Lilleby i nye lokaler.  </p>', '0', '0', '0', '0', '2017-12-15 11:58:11', '2017-12-17 13:35:05', 'a706520c-86e5-472e-b4ee-506f8bac0782'),
 ('77', '84', 'en', NULL, '<p>Credo ønsker å ta deg gjennom flerfoldige smaker, teksturer og følelser. Vi ønsker å vise deg gårdene våre, fra dyrene deres, fra jorda og fra havet. Vi bruker tid på å finne råvarer som best viser egenskapene til tiden vi er i og til stedet vi er. Menyen er basert på det mest interessante og beste vi får levert, fra dag til dag. Vi setter også sammen en drikkemeny som på beste mulige måte komplementerer og løfter frem hver enkelt rett. Har du spesielle ønsker kan du gjerne bestille fra vår rikholdige vinkjeller bestående av flere tusen viner.</p>', NULL, NULL, 'left', NULL, NULL, '0', '0', '0', '0', '2017-12-15 11:58:11', '2017-12-17 13:35:05', '0b870d27-e0f3-4498-8f79-b9d0e6d9000a'),
 ('78', '85', 'en', NULL, NULL, NULL, NULL, 'left', NULL, NULL, '0', '0', '0', '0', '2017-12-15 11:58:11', '2017-12-17 13:35:05', 'cd7c4415-3752-4c06-a70f-8b644dbb1812'),
 ('79', '86', 'en', NULL, '<p>Credo ønsker å ta deg gjennom flerfoldige smaker, teksturer og følelser. Vi ønsker å vise deg gårdene våre, fra dyrene deres, fra jorda og fra havet. Vi bruker tid på å finne råvarer som best viser egenskapene til tiden vi er i og til stedet vi er. Menyen er basert på det mest interessante og beste vi får levert, fra dag til dag. Vi setter også sammen en drikkemeny som på beste mulige måte komplementerer og løfter frem hver enkelt rett. Har du spesielle ønsker kan du gjerne bestille fra vår rikholdige vinkjeller bestående av flere tusen viner.</p>', 'En liten mellomtittel', NULL, 'left', NULL, NULL, '0', '0', '0', '0', '2017-12-15 12:04:13', '2017-12-17 13:35:05', '0bb4e9af-f54f-4d8b-9c07-a27f0e5bd311'),
 ('80', '87', 'en', NULL, '<p>Råvarene er motivasjonen vår. Hvorfor skulle vi ellers betale 260 kroner per kilo smør? Med rent håndverk kan vi som kokker utfolde oss med en oppmerksomhet rettet utad, på gjesten som en del av et system. Vi tror at ethvert komponent er gjeldende - dyrene, skogen, jorden, månen, sjøen, kroppen.<br /></p>', 'Vegen videre', NULL, 'left', NULL, NULL, '0', '0', '0', '0', '2017-12-15 12:04:13', '2017-12-17 13:35:05', '7fe950f0-2a3c-4b9d-afa8-f0db8766ad8c'),
 ('81', '88', 'en', 'B5 A6477', NULL, NULL, NULL, 'left', NULL, NULL, '0', '0', '0', '0', '2017-12-15 12:05:02', '2017-12-15 12:05:02', 'a6f1ebcd-6573-44c1-bffc-f318146d3d22'),
 ('82', '89', 'en', 'B5 A7178 Edit', NULL, NULL, NULL, 'left', NULL, NULL, '0', '0', '0', '0', '2017-12-15 12:07:28', '2017-12-15 12:07:28', 'ff78fc9b-7322-4208-8f17-96da7a372fd9'),
 ('83', '90', 'en', 'Skjølberg Søndre, Svorkmo', NULL, NULL, NULL, 'left', NULL, '<p>Skjølberg Søndre er en biodynamisk kretsløpsgård som drives av Elin Östlund og Carl Erik Skjølberg. </p>', '0', '0', '0', '0', '2017-12-15 12:08:02', '2017-12-15 14:20:17', '57dba44c-5d7b-4def-98d6-e6024ba70c9f'),
 ('84', '91', 'en', NULL, '<p>Her arbeider de med jordbrukskulturer hvor mangfold, smak, opplevelser og nysgjerrighet for naturens orden er det sentrale. Å plukke rene, ærlige grønnsaker og urter med egne hender er et høydepunkt for oss som kokker, og vi setter svært stor pris på kunnskapen som Skjølberg Søndre viser oss om agro-økologisk jordbruk.<br /><a href=\"http://www.skjolbergsondre.no/\">www.skjolbergsondre.no</a></p>', NULL, NULL, 'left', NULL, NULL, '0', '0', '0', '0', '2017-12-15 12:08:02', '2017-12-15 14:20:17', 'c2c70baf-c490-4313-a423-2bced97e1a82'),
 ('85', '92', 'en', 'B5 A7375', NULL, NULL, NULL, 'left', NULL, NULL, '0', '0', '0', '0', '2017-12-15 12:09:08', '2017-12-15 12:09:08', '06da3d17-10bd-447f-a72e-f381cd460fb8'),
 ('86', '93', 'en', '41 Z4231 Edit', NULL, NULL, NULL, 'left', NULL, NULL, '0', '0', '0', '0', '2017-12-15 12:10:26', '2017-12-15 12:10:26', '081f9852-5fcd-41d1-ab2c-b892b125f99f'),
 ('87', '94', 'en', 'Fannremsgården, Orkdal', NULL, NULL, NULL, 'left', NULL, '<p>Småkkå på historien på Fannremsgården.<br /></p>', '0', '0', '0', '0', '2017-12-15 12:10:33', '2017-12-15 14:19:55', 'f98c4494-feb0-4832-9641-70e969c9efb8'),
 ('88', '95', 'en', NULL, '<p>Credo jobber svært tett med historiker og gårdbruker Jon Fredrik Skauge. Blant flere råvarer henter vi ukentlig nykinnet smør, fersk melk, rømme og kjøtt – alt fra gårdens sidete Trønderfe. De ulike sesongene gir råvarer som endrer smak hele tiden, til vår store begeistring.<br /></p>', NULL, NULL, 'left', NULL, NULL, '0', '0', '0', '0', '2017-12-15 12:10:33', '2017-12-15 14:19:55', '680635e8-bcdf-4cff-97b3-ed1b0d3be16e'),
 ('89', '96', 'en', '41 Z0093', NULL, NULL, NULL, 'left', NULL, NULL, '0', '0', '0', '0', '2017-12-15 12:12:34', '2017-12-15 12:12:34', 'd79c377f-433a-4d5c-b993-9c185b344472'),
 ('90', '97', 'en', NULL, '<p>Credo er en råvare-drevet restaurant som åpnet i Credoveita i Trondheim i 1998. Februar 2018 gjenåpner vi på Lilleby i nye lokaler.  </p>', 'Kjærlighet til råvaren', NULL, 'left', NULL, NULL, '0', '0', '0', '1', '2017-12-15 12:12:59', '2018-01-10 11:57:30', '5b454c95-f7c5-4859-9d11-8ad97522c41f'),
 ('91', '98', 'en', 'B5 A6903', NULL, NULL, NULL, 'left', NULL, NULL, '0', '0', '0', '0', '2017-12-15 12:25:43', '2017-12-15 12:25:43', '724c38e1-5fd4-4c05-b97f-2365f7e26505'),
 ('92', '99', 'en', 'Ere8482', NULL, NULL, NULL, 'left', NULL, NULL, '0', '0', '0', '0', '2017-12-15 12:27:19', '2017-12-15 12:27:19', '32c6ad9d-a019-4050-a96e-1df6da3c1610'),
 ('93', '100', 'en', 'B5 A6629', NULL, NULL, NULL, 'left', NULL, NULL, '0', '0', '0', '0', '2017-12-15 12:29:35', '2017-12-15 12:29:35', 'eb4f7415-d46c-4ec8-8c01-da5cc08708f2'),
 ('94', '101', 'en', 'Traena 034', NULL, NULL, NULL, 'left', NULL, NULL, '0', '0', '0', '0', '2017-12-15 12:34:20', '2017-12-15 12:34:20', '767a7cde-5b11-43f0-b8ba-97d0ef5fe4bf'),
 ('95', '102', 'en', NULL, '<p>På Credo skal du få mat laget på råvarer dyrket i regionen, fisket i havet utenfor, og meieriprodukter kultivert på måter der smak og bærekraft er viktige elementer.<br /></p>', 'Credos hjerte ligger der råvarene produseres.', NULL, 'left', NULL, NULL, '0', '0', '0', '1', '2017-12-15 12:34:47', '2018-01-10 12:12:03', '927c9b8d-ba62-4b17-874f-1a5c0fddb000'),
 ('96', '103', 'en', NULL, '<p>Credo åpnet i Credoveita i Trondheim i 1998. Februar 2018 gjenåpner vi på Lilleby i nye lokaler.  </p>', NULL, '', 'left', NULL, NULL, '0', '0', '0', '0', '2017-12-15 12:34:47', '2018-01-10 12:12:03', '22b10893-3dfc-45de-a699-0ec7b09f5871'),
 ('97', '104', 'en', NULL, '<p>Credo ønsker å ta deg gjennom flerfoldige smaker, teksturer og følelser. Vi ønsker å vise deg gårdene våre, fra dyrene deres, fra jorda og fra havet. Vi bruker tid på å finne råvarer som best viser egenskapene til tiden vi er i og til stedet vi er. Menyen er basert på det mest interessante og beste vi får levert, fra dag til dag. Vi setter også sammen en drikkemeny som på beste mulige måte komplementerer og løfter frem hver enkelt rett. Har du spesielle ønsker kan du gjerne bestille fra vår rikholdige vinkjeller bestående av flere tusen viner.<br /></p>\n<p>Med nær kontakt til produsentene våre og med en etisk tilnærming til det vi gjør, søker vi kontinuerlig utvikling mot bærekraft. Vi tror veldig på at dette gjenspeiler seg i smak. <br /></p>', NULL, NULL, 'left', NULL, NULL, '0', '0', '0', '0', '2017-12-15 12:34:47', '2018-01-10 12:12:03', '488467dd-66d3-4bef-a537-36ccfdc14acb'),
 ('98', '105', 'en', NULL, NULL, NULL, NULL, 'left', NULL, NULL, '0', '0', '0', '0', '2017-12-15 12:34:47', '2018-01-10 12:12:03', 'b5cb41db-4d7d-4a4e-b7f5-8687b2281ab9'),
 ('99', '106', 'en', NULL, '<p>Råvarene er motivasjonen vår. Hvorfor skulle vi ellers betale 260 kroner per kilo smør? Med rent håndverk kan vi som kokker utfolde oss med en oppmerksomhet rettet utad, på gjesten som en del av et system. Vi tror at ethvert komponent er gjeldende - dyrene, skogen, jorden, månen, sjøen, kroppen.<br /></p>\n<p>Vi tar deg nært til smaker, teksturer og følelser. Vi ønsker å integrere deg og kretsløpene som gårdene våre representerer, fra dyrene deres, fra jorda og fra havet. Vi bruker tid på å finne råvarer som best viser egenskapene til tiden vi er i og til stedet vi er på.</p>', NULL, NULL, 'right', NULL, NULL, '0', '0', '0', '0', '2017-12-15 12:34:47', '2018-01-10 12:12:03', '8d1bd7b7-570d-4b39-a10a-dd51cbc44a9a'),
 ('102', '109', 'en', 'B5 A7193', NULL, NULL, NULL, 'left', NULL, NULL, '0', '0', '0', '0', '2017-12-15 12:37:22', '2017-12-15 12:37:22', '4ee8e850-f2df-4038-b2a3-a3312bf31a1e'),
 ('103', '110', 'en', 'B5 A7794 Bw', NULL, NULL, NULL, 'left', NULL, NULL, '0', '0', '0', '0', '2017-12-15 12:40:14', '2017-12-15 12:40:14', '0e2cae5b-de23-4a5e-a7f2-af3cae22f3eb'),
 ('108', '115', 'en', 'B5 A6881', NULL, NULL, NULL, 'left', NULL, NULL, '0', '0', '0', '0', '2017-12-15 13:01:52', '2017-12-15 13:01:52', '577174c5-060f-49b0-b63f-f30928562e22'),
 ('110', '117', 'en', NULL, '<p>Credo meny 1050,-  <br />med vinpakke 2100,-<br /></p>\n<p>Vi tilrettelegger menyer innenfor statens regulativ.</p>', 'Meny', NULL, 'left', NULL, NULL, '0', '0', '0', '0', '2017-12-15 13:06:33', '2018-01-10 11:45:59', 'f5735d1b-72bd-4301-84b0-260b1c4d3d39'),
 ('111', '118', 'en', NULL, '<p>Vi setter også sammen en drikkemeny som på beste mulige måte komplementerer og løfter frem hver enkelt rett. Har du spesielle ønsker kan du gjerne bestille fra vår rikholdige vinkjeller bestående av flere tusen viner.<br /></p>', NULL, NULL, 'right', NULL, NULL, '0', '0', '0', '0', '2017-12-15 13:06:33', '2018-01-10 11:45:59', 'bc589baa-c47c-4b7c-9ddf-eca26669800d'),
 ('112', '119', 'en', NULL, '', 'Credo meny 1050,-  \r\nmed vinpakke 2100,-\r\nLiten Credo meny 830,- \r\nmed vinpakke 1660,-\r\n\r\nVi tilrettelegger menyer innenfor statens regulativ.​​\r\n', NULL, 'left', NULL, NULL, '0', '0', '0', '0', '2017-12-15 13:06:34', '2018-01-10 11:45:59', 'd767c1ac-b0db-4463-8858-696256056a40'),
 ('113', '120', 'en', 'B5 A1077', NULL, NULL, NULL, 'left', NULL, NULL, '0', '0', '0', '0', '2017-12-15 13:10:39', '2017-12-15 13:10:39', '530b11c6-4ac7-4a00-b7d5-1a869d1a6d26'),
 ('114', '121', 'en', NULL, '<p>Her legger vi ut pressesaker og pressebilder</p>', 'Omtale', NULL, 'left', NULL, NULL, '0', '0', '0', '0', '2017-12-15 13:10:47', '2018-01-10 11:46:17', 'cabe8b7d-9067-4aba-9644-cadfe9d90758'),
 ('115', '122', 'en', 'B5 A1435 2 1', NULL, NULL, NULL, 'left', NULL, NULL, '0', '0', '0', '0', '2017-12-15 13:15:04', '2017-12-15 13:15:04', '7968a14f-544f-4bb5-a05a-8bd199082c12'),
 ('116', '123', 'en', NULL, NULL, NULL, NULL, 'right', NULL, NULL, '0', '0', '0', '0', '2017-12-15 13:48:22', '2018-01-10 11:57:30', 'a2ce9268-10f3-4ae9-8f51-840e732e3ce4'),
 ('117', '124', 'en', NULL, NULL, NULL, NULL, 'left', NULL, NULL, '0', '0', '0', '0', '2017-12-15 13:48:22', '2018-01-10 11:57:30', '94cd16c7-def3-48f5-ab21-dee5edee975c'),
 ('118', '125', 'en', 'B5 A2315', NULL, NULL, NULL, 'left', NULL, NULL, '0', '0', '0', '0', '2017-12-15 13:49:57', '2017-12-15 13:49:57', '9bee558c-6714-4546-afbd-5fdd056fb3e8'),
 ('119', '126', 'en', 'B5 A2523', NULL, NULL, NULL, 'left', NULL, NULL, '0', '0', '0', '0', '2017-12-15 13:51:02', '2017-12-15 13:51:02', 'd7988ece-0093-4d82-a0c0-9a554b802dbd'),
 ('120', '127', 'en', 'B5 A2044', NULL, NULL, NULL, 'left', NULL, NULL, '0', '0', '0', '0', '2017-12-15 13:51:19', '2017-12-15 13:51:19', '2886e2a1-3ee6-444f-a069-86c6a632a911'),
 ('122', '129', 'en', 'Heidi Grisebinge Crop', NULL, NULL, NULL, 'left', NULL, NULL, '0', '0', '0', '0', '2017-12-15 13:55:15', '2017-12-15 13:55:15', '5fee7fbf-11d2-4186-bc77-86937593002e'),
 ('123', '130', 'en', 'Heidi Grisebinge Crop2', NULL, NULL, NULL, 'left', NULL, NULL, '0', '0', '0', '0', '2017-12-15 13:56:09', '2017-12-15 13:56:09', '749c1e7b-b8d2-4189-a1ac-4392b6ac6d75'),
 ('124', '131', 'en', 'Fiskeskoyte', NULL, NULL, NULL, 'left', NULL, NULL, '0', '0', '0', '0', '2017-12-15 13:58:31', '2017-12-15 13:58:31', '94baea81-6a5a-4d4f-b0f6-eae58420d907'),
 ('125', '132', 'en', 'Finnes Skisse', NULL, NULL, NULL, 'left', NULL, NULL, '0', '0', '0', '0', '2017-12-15 14:36:54', '2017-12-15 14:36:54', '9ec73ee2-3cba-4cf3-884a-f35f5c468d9b'),
 ('126', '133', 'en', NULL, '', '', NULL, 'left', NULL, NULL, '0', '0', '0', '0', '2017-12-15 14:45:49', '2018-01-10 13:17:26', '42fdca78-a378-48b4-b187-dd84a79d84c5'),
 ('127', '134', 'en', NULL, NULL, NULL, NULL, 'left', NULL, NULL, '0', '0', '0', '0', '2017-12-15 14:45:50', '2018-01-10 13:17:26', 'f313a5c8-536c-4ea6-8397-176d5e2f12a7'),
 ('128', '135', 'en', NULL, NULL, NULL, NULL, 'right', NULL, NULL, '0', '0', '0', '0', '2017-12-15 14:45:50', '2018-01-10 13:17:26', 'f0c45532-a24b-498f-8188-c96f8fc18f8f'),
 ('129', '136', 'en', 'Jossa Bilde Forside Skisse', NULL, NULL, NULL, 'left', NULL, NULL, '0', '0', '0', '0', '2017-12-15 14:58:55', '2017-12-15 15:14:06', '0f3523d9-ad39-4ef9-b98d-0f43461c4bbf'),
 ('130', '137', 'en', 'Jossa Bilde Forside Skisse2', NULL, NULL, NULL, 'left', NULL, NULL, '0', '0', '0', '0', '2017-12-15 15:13:28', '2017-12-15 15:13:28', 'bbe7fc5f-6af8-4ea4-ab4e-83cef9b5d269'),
 ('132', '139', 'en', 'Jossa Bilde Forside Skisse3', NULL, NULL, NULL, 'left', NULL, NULL, '0', '0', '0', '0', '2017-12-15 15:14:35', '2017-12-15 15:14:35', '65c5f6c7-cac5-4f4a-8d24-257b0e9ba055'),
 ('134', '141', 'en', 'På tur til Peru', NULL, NULL, NULL, 'left', NULL, '<p>På midten av 1900-tallet bodde det en nysgjerrig, ujålete og raus dame i Credoveita; Josefine Halvorsen. Selv om Trondheim sto hjertet henne nærmest, hadde hun en umettelig utfartstrang i verden. <i>Hva trigget henne?</i> Vi tror det var jakten på de rene smakene. Og mat som ingen hun kjente hadde hørt om før. Rettene måtte ha jordnær betydning for å smake det lille ekstra, i følge Jossa.<br /></p>\n', '0', '0', '0', '0', '2017-12-15 15:17:50', '2017-12-15 15:17:50', '55754e61-ee69-456c-beff-ac607fefdb25'),
 ('135', '142', 'en', NULL, NULL, NULL, NULL, 'left', NULL, NULL, '0', '0', '0', '0', '2017-12-15 15:18:20', '2018-01-10 14:33:47', 'dcba83a5-d29b-4a84-b955-d4f85de7f5e3'),
 ('136', '143', 'en', 'B5 A1231', NULL, NULL, NULL, 'left', NULL, NULL, '0', '0', '0', '0', '2017-12-15 15:20:28', '2017-12-15 15:20:28', 'b6d3556d-e91b-497b-a33a-54dc50fe1e3f'),
 ('137', '144', 'en', NULL, '<p>På midten av 1900-tallet bodde det en nysgjerrig, ujålete og raus dame i Credoveita; Josefine Halvorsen. Selv om Trondheim sto hjertet henne nærmest, hadde hun en umettelig utfartstrang i verden. <em>Hva trigget henne?</em> Vi tror det var jakten på de rene smakene. Og mat som ingen hun kjente hadde hørt om før. Rettene måtte ha jordnær betydning for å smake det lille ekstra, i følge Jossa. Hun ønsket å forstå seg på verden gjennom mat. Vi er derfor veldig glad og takknemlig for å få fortsette historiene hennes videre, gjennom Jossa mat og drikke her i Credoveita.<br /></p>', 'Jossa', NULL, 'left', NULL, NULL, '0', '0', '0', '0', '2017-12-15 15:21:00', '2017-12-17 19:00:21', '12e1e277-db19-4ac4-ba3c-1d4e411ce054'),
 ('138', '145', 'en', NULL, '', 'Vi åpner i starten av 2018, så meld deg på nyhetsbrevet vårt for å motta oppdateringer.', NULL, 'left', NULL, NULL, '0', '0', '0', '0', '2017-12-15 15:21:00', '2017-12-17 19:00:21', '9edebf16-7fc4-4bae-9d57-39b8ddd5b09c'),
 ('139', '146', 'en', '41 Z9983', NULL, NULL, NULL, 'left', NULL, NULL, '0', '0', '0', '0', '2017-12-15 15:22:10', '2017-12-15 15:22:10', '0d263f9a-7b36-46e9-9f86-bf25252a3481'),
 ('140', '147', 'en', 'B5 A1236 1', NULL, NULL, NULL, 'left', NULL, NULL, '0', '0', '0', '0', '2017-12-17 13:37:17', '2017-12-17 13:37:17', '5a597385-fb62-401d-869b-354f9cbfc443'),
 ('141', '148', 'en', 'Jossa Crop', NULL, NULL, NULL, 'left', NULL, NULL, '0', '0', '0', '0', '2017-12-17 13:39:49', '2017-12-17 13:39:49', 'b91a10b2-08be-4858-808c-a5fe29749058'),
 ('142', '149', 'en', 'B5 A3135', NULL, NULL, NULL, 'left', NULL, NULL, '0', '0', '0', '0', '2017-12-17 19:19:37', '2017-12-17 19:19:37', '5134c50b-3ef5-417e-a32e-d2d26b8695f6');
INSERT INTO `craft_content` (`id`, `elementId`, `locale`, `title`, `field_standardBodyText`, `field_standardHeading`, `field_standardSubHeading`, `field_settingImagePosition`, `field_customOpeningHours`, `field_standardLeadText`, `field_settingTextOverImage`, `field_settingHeaderAbsolute`, `field_settingHeaderInvert`, `field_settingTextWhiteBox`, `dateCreated`, `dateUpdated`, `uid`) VALUES
 ('143', '150', 'en', 'B5 A3098', NULL, NULL, NULL, 'left', NULL, NULL, '0', '0', '0', '0', '2017-12-17 19:24:51', '2017-12-17 19:24:51', '57e394a7-5160-43b9-ac69-f19d41e460e1'),
 ('144', '151', 'en', 'B5 A1841', NULL, NULL, NULL, 'left', NULL, NULL, '0', '0', '0', '0', '2017-12-17 19:25:50', '2017-12-17 19:25:50', 'eb1aecce-9935-48aa-82c6-22efd2f5849a'),
 ('145', '152', 'en', 'B5 A3275 2', NULL, NULL, NULL, 'left', NULL, NULL, '0', '0', '0', '0', '2017-12-17 19:27:21', '2017-12-17 19:27:21', '6616aa01-db31-4c28-a79a-2dfba9230d3e'),
 ('146', '153', 'en', NULL, '<p>Innkvartert i Lillebys historiske gamle barnehjem er Finnes Kafe det siste kulinariske tillegget til Heidi Bjerkans voksende spisestue.</p>', 'Finnes Kafé', NULL, 'left', NULL, NULL, '0', '0', '0', '0', '2017-12-17 19:27:46', '2017-12-17 19:33:54', 'b36f4eba-629e-435a-9e17-1cae73b3ea55'),
 ('147', '154', 'en', NULL, '<p>En raffinert men avslappet kafe - Finnes er et sted som tilbyr en meny med like stort fokus på menneskene som maten, bøndene og dyrene, med kjøtt og fisk tilberedt i samme mål, mening og over samme kullgrill som Credo. Tenk lakrismuffins, surdeigsbrød, andebryst, stekte torskehoder og rabarbraslush.</p>', 'Historien', NULL, 'left', NULL, NULL, '0', '0', '0', '0', '2017-12-17 19:27:46', '2017-12-17 19:33:54', '9354d70e-17c0-46ad-a115-b34b62beb70a'),
 ('149', '156', 'en', NULL, '<p>Tekst om Heidi En raffinert men avslappet kafe - Finnes er et sted som tilbyr en meny med like stort fokus på menneskene som maten, bøndene og dyrene, med kjøtt og fisk tilberedt i samme mål, mening og over samme kullgrill som Credo. Tenk lakrismuffins, surdeigsbrød, andebryst, stekte torskehoder og rabarbraslush.</p>', NULL, NULL, 'right', NULL, NULL, '0', '0', '0', '0', '2017-12-17 19:27:46', '2017-12-17 19:33:54', 'abaa008a-6dd4-41ad-865d-cf839e4c3ec6'),
 ('150', '157', 'en', 'B5 A7178 Edit', NULL, NULL, NULL, 'left', NULL, NULL, '0', '0', '0', '0', '2017-12-17 19:32:52', '2017-12-17 19:32:52', '01afbacf-36ea-4660-bf42-2413d40159d2'),
 ('151', '158', 'en', NULL, '<p>En raffinert men avslappet kafe - Finnes er et sted som tilbyr en meny med like stort fokus på menneskene som maten, bøndene og dyrene, med kjøtt og fisk tilberedt i samme mål, mening og over samme kullgrill som Credo. Tenk lakrismuffins, surdeigsbrød, andebryst, stekte torskehoder og rabarbraslush.</p>', 'Menneskene', NULL, 'left', NULL, NULL, '0', '0', '0', '0', '2017-12-17 19:33:54', '2017-12-17 19:33:54', '1a5a76f4-0b23-4347-9c2c-d550495daacd'),
 ('152', '159', 'en', 'B5 A2954', NULL, NULL, NULL, 'left', NULL, NULL, '0', '0', '0', '0', '2017-12-17 19:40:33', '2017-12-17 19:40:33', '4c521611-c3ee-4844-a292-7b2028e4cee1'),
 ('153', '160', 'en', 'B5 A3150', NULL, NULL, NULL, 'left', NULL, NULL, '0', '0', '0', '0', '2017-12-17 19:41:06', '2017-12-17 19:41:06', '3cc8ac7b-c5b9-4c02-82a2-2a6c8fc302ff'),
 ('154', '161', 'en', NULL, '<p>Navnet på retten — 130,-</p><p>Neste navnet — 150,-</p>', 'Frokost', NULL, 'left', NULL, NULL, '0', '0', '0', '0', '2017-12-17 19:41:26', '2017-12-17 19:41:26', '84a4fb73-60f1-4177-bf14-503e0e51708c'),
 ('155', '162', 'en', NULL, '<p>Navnet på retten — 130,-</p>\n<p>Neste navnet — 150,-</p>', 'Lunsj', NULL, 'left', NULL, NULL, '0', '0', '0', '0', '2017-12-17 19:41:26', '2017-12-17 19:41:26', 'cd50729a-1e8e-4d30-9c50-1ebea5b33ab3'),
 ('156', '163', 'en', 'Ere8763', NULL, NULL, NULL, 'left', NULL, NULL, '0', '0', '0', '0', '2017-12-17 19:46:04', '2017-12-17 19:46:04', 'e9828e4f-891b-43bd-bee6-02ea34d325eb'),
 ('158', '165', 'en', NULL, NULL, '', NULL, 'left', NULL, NULL, '0', '0', '0', '0', '2017-12-17 19:48:05', '2018-01-10 13:20:51', '780ecff9-73f6-47cd-bca4-03de2cb517f2'),
 ('160', '170', 'en', '41 Z4010 Edit 3', NULL, NULL, NULL, 'left', NULL, NULL, '0', '0', '0', '0', '2018-01-10 11:27:44', '2018-01-10 11:27:44', '9de0f24c-aada-4b2d-b89b-9ecec0e45254'),
 ('161', '171', 'en', 'Heidi', NULL, NULL, NULL, 'left', NULL, '<p>Heidi Bjerkan er en norsk kokk, kjøkkensjef og medeier. Hun åpnet Credo Restaurant i Credoveita, Trondheim i 1997.</p>', '0', '0', '0', '0', '2018-01-10 11:28:00', '2018-01-10 11:31:55', 'a2721b91-a4b7-446e-a419-234238b9d7f6'),
 ('162', '172', 'en', NULL, '<p>Heidi Bjerkan vokste opp i Trondheim og i båten til bestefaren på Garten - trøndelagskysten. Her knyttet hun sterke bånd til jord og vann, som siden er å se i hennes matlaging. For Heidi Bjerkan er det bøndene som er heltene, og det er produsentene som skal skinne. Gjennom måltidet på Credo tar hun med alle gjestene på hennes tur gjennom gårdene, sjøen og skogen der råvarene kommer fra.</p>\n<p>Heidi Bjerkan engasjerer seg for mer kunnskap, for bedre landbruk og for større interesse for tradisjoner, og Heidi Bjerkan fikk i år Matprisen for sitt engasjement for bedre mat og et bedre landbruk.</p>', NULL, NULL, 'left', NULL, NULL, '0', '0', '0', '0', '2018-01-10 11:28:00', '2018-01-10 11:31:56', 'a531715c-77e3-442e-be2a-2f81ed4ba2bc'),
 ('163', '173', 'en', NULL, NULL, NULL, NULL, 'left', NULL, NULL, '0', '0', '0', '0', '2018-01-10 11:28:31', '2018-01-10 11:57:30', 'e2810cce-eb9e-4ba2-b212-53b034f1043e'),
 ('164', '174', 'en', 'Heidi Kyr Crop', NULL, NULL, NULL, 'left', NULL, NULL, '0', '0', '0', '0', '2018-01-10 11:31:49', '2018-01-10 11:31:49', '62405c0f-da12-4c7d-a7e8-f511167e7034'),
 ('165', '175', 'en', 'Ere2362', NULL, NULL, NULL, 'left', NULL, NULL, '0', '0', '0', '0', '2018-01-10 11:37:08', '2018-01-10 11:37:08', '4ffeb698-4947-4d7e-80cb-11c7ac6fa356'),
 ('166', '176', 'en', 'B5 A3150', NULL, NULL, NULL, 'left', NULL, NULL, '0', '0', '0', '0', '2018-01-10 12:08:39', '2018-01-10 12:08:39', '28be2afa-e7a8-40aa-9c05-fd7e999e1b9c'),
 ('167', '177', 'en', NULL, '<p>Jossa er et rustikk alternativ til Credo, og endrer meny ut i fra hvor Jossa reiser.</p>', 'Credo på tur', NULL, 'left', NULL, NULL, '0', '0', '0', '0', '2018-01-10 12:42:22', '2018-01-10 14:33:47', '434b5d7f-3435-48c7-8cdc-de5c9d35f8ed'),
 ('168', '178', 'en', 'Finnes Barnehjem 1024X647', NULL, NULL, NULL, 'left', NULL, NULL, '0', '0', '0', '0', '2018-01-10 12:45:27', '2018-01-10 12:45:27', 'dc4f965c-7e9a-493a-9d2a-53dc2b27f575'),
 ('169', '179', 'en', NULL, '<p>Innkvartert i Lillebys historiske gamle barnehjem er Finnes Kafe det siste kulinariske tillegget til Heidi Bjerkans voksende spisestue.</p>', 'Velkommen til oss', NULL, 'left', NULL, NULL, '0', '0', '0', '1', '2018-01-10 12:45:56', '2018-01-10 13:17:26', '31480b88-4297-43bc-a018-fdaaf54a8d71'),
 ('170', '180', 'en', NULL, '', 'Dagens meny', NULL, 'left', NULL, NULL, '0', '0', '0', '1', '2018-01-10 12:50:19', '2018-01-10 13:20:51', '48e4410f-a90f-418a-a782-8ffb4389ff74'),
 ('171', '181', 'en', 'Finnes Kafe1 Stortsidebilde', NULL, NULL, NULL, 'left', NULL, NULL, '0', '0', '0', '0', '2018-01-10 13:17:22', '2018-01-10 13:17:22', '14a94729-05bd-4b1f-9726-0605d37ea4d0'),
 ('172', '182', 'en', NULL, '<p>12.00 - 16.00</p>', 'Lunsjmeny', NULL, 'left', NULL, NULL, '0', '0', '0', '0', '2018-01-10 13:19:36', '2018-01-10 13:20:51', '17f73fd2-3027-4219-a296-6800e4b71532'),
 ('173', '183', 'en', NULL, '<p>16.00 — 22.00</p>', 'Kveldsmeny', NULL, 'left', NULL, NULL, '0', '0', '0', '0', '2018-01-10 13:20:51', '2018-01-10 13:20:51', '0c0adb39-36e0-4c93-8214-9d3913c22c8e'),
 ('174', '184', 'en', NULL, '', 'Vinmeny', NULL, 'left', NULL, NULL, '0', '0', '0', '0', '2018-01-10 13:20:51', '2018-01-10 13:20:51', '88513428-191e-4015-bb14-bed64efe8ccb'),
 ('175', '185', 'en', NULL, '<p>Vi er alltid på utkikk etter nye, engasjerte ansatte som ønsker å bli en del av Credo-familien.</p>\n<p>Hvis du ønsker å søke en stilling eller har noen spørsmål, ta kontakt med administrasjonskoordinator: career@restaurantcredo.no</p>', 'Karriere', NULL, 'left', NULL, NULL, '0', '0', '0', '1', '2018-01-10 13:22:13', '2018-01-10 13:22:13', '12da40bd-5bb9-4090-b76c-e32353693d27'),
 ('176', '186', 'en', NULL, '<p>Vi er alltid på utkikk etter nye, engasjerte ansatte som ønsker å bli en del av Credo-familien.</p>\n<p>Hvis du ønsker å søke en stilling eller har noen spørsmål, ta kontakt med administrasjonskoordinator: <a href=\"mailto:career@restaurantcredo.no\" target=\"_blank\" rel=\"noreferrer noopener\">career@restaurantcredo.no</a></p>', 'Karrierere', NULL, 'left', NULL, NULL, '0', '0', '0', '1', '2018-01-10 13:23:24', '2018-01-10 13:23:24', 'ed2c8e8a-c511-43ff-8bda-29c1d5f58213'),
 ('177', '187', 'en', 'B5 A1697', NULL, NULL, NULL, 'left', NULL, NULL, '0', '0', '0', '0', '2018-01-10 13:28:26', '2018-01-10 13:28:26', '990b68a6-27d7-4232-b7aa-6a55c8e8055d'),
 ('178', '188', 'en', 'Austria1 1000X600', NULL, NULL, NULL, 'left', NULL, NULL, '0', '0', '0', '0', '2018-01-10 14:05:59', '2018-01-10 14:05:59', 'd07d51cf-a401-4435-adba-9bc066c58900'),
 ('179', '189', 'en', 'Jossa til Østerike', NULL, NULL, NULL, 'left', NULL, '<p>Jossa står på stasjonen med sekken full av tjærepastiller og kandisert angelicastang, en god porsjon med isterban, en falukorv og en limpa. </p>', '0', '0', '0', '0', '2018-01-10 14:07:06', '2018-01-10 14:07:06', '55ceb305-c99d-460f-90f7-de22cc109778'),
 ('180', '190', 'en', NULL, '<p>Tobias har sagt farvel for kort tid siden. Han takket for selskapet, ga henne en god klem og trykket en gave ned i sekken. – Du må ikke åpne den pakken før du er fremme. Tobias så på Jossa og smilte.\n– God tur, og hils  til Werner.</p>\n<p>Jossa klatrer om bord i toget og finner kupeen sin. Nattoget til malmø, en behagelig måte å reise på, og fra Malmø er det ikke langt til kontinentet. Hun bryter av skalken på brødet og legger seg på den oppredde senga. Føttene er møre etter all vandringen. Hun forsvinner inn i søvnen samtidig med togets startende bevegelser. Som et barn blir hun dysset i søvn, før hun selv hadde tenkt. Det er mørkt, varmt og behagelig.</p>\n<p>Det spraker i en høyttaler, plinger i en bjelle og det bankes på døren. Det føles som om det er samtidig, men hun tar det på oppvåkingsfasen, at hun har duppet av mellom lydene, bare fortrengt det litt.\nMalmø, den kom raskere enn hun trodde, hele byen ligger der, foran henne, flat som den er.\nHun har børstet av seg smulene fra brødskalken, skiftet, tatt en kattevask og prøvd å legge håret stramt slik det sømmer seg, før hun gikk av toget.</p>\n<p>Båten venter, båten til kontinentet står i havna, noen hundre meter bortenfor stasjonen.\nFra København ble det tog til wien, med bytte i münchen, Jossa var utmattet men merket seg at København var en by hun skulle utforske, men da på vei hjem.</p>\n<p>Brosteinen og kumlokkene, de er fine. Jossa ser ned mens hun tusler ut av stasjonsbygget i Wien.\nMen jeg er sulten. Sier hun høyt til seg selv, så den døsige mannen som sto rett ved siden av i sin egen verden skvetter til og ser på henne.\n– unnskyld, sier han.\nÅh, nei – det var ikke meningen, men jeg er bare litt sulten. Eller hvis jeg skal si det som sant er, jeg er skrubbsulten.\nHun hadde helt glemt å spise, helt glemt at hun var sulten når hun løp fra båt til tog i København, og i München ble det akkurat tid nok til en pølse med sauerkraut.\nHaha! Mannen smiler til, det glimter i gull bakerst i munnen\n– Du har kommet til rett sted. Kom bli med meg.\n-Unnskyld, jeg glemte meg helt bort. Hvor er mine manerer, uff , Werner heter jeg frøken.  Han strekker ut en hånd. Jossa griper den og kjenner det faste håndtrykket. Jossa sier hun, og smiler.</p>\n<p>De nærmest småløper innover byen. Jossa klarer ikke få med seg noe, hun tenker bare på mat.\n– Hva skal du her i Wien ?\n– Jeg skal spise, jeg vil smake det som er østerisk. Det er det som er reisen min skjønner du, jeg vil finne ut av hva ting smaker på forskjellige steder.\nWerner stopper litt, mens han tenker.\n– Så du vil smake det som er mest Wiensk, ok, men da tar vi til høyre her.\nDu skal få Spätzle, og det er best på et bitte lite sted rett her borte.</p>\n<p>De småløper videre, litt uten grunn, men drevet av sult og nysgjerrighet. Spätzle, en slags urpasta, eller gnocchi, eller en blanding av de begge. Når Werner forteller om smaken, den smeltede osten og ikke minst vinen som skal drikkes til går det nesten rundt for Jossa.</p>\n<p>Endelig skal hun få mat.\nWerner dumper ned i stolen ved siden av henne.\n– Sånn, vin og mat på vei. Du er skikkelig sulten ? Jossa klarer knapt å ytre ja, hun venter bare på noe å spise.\n– Jeg bestillte litt forskjellig, så du skal få et raskt overblikk, det blir kanskje litt mye. Men det kommer noen andre venner av meg også, som kan mer om vin, så da spiser han det vi ikke klarer. Ok? Werner har tatt kommandoen og ser ut til å kose seg i rollen som vertskap. – Grillet kalvetunge med syltede grønnsaker, Spätzle med sopp og ost, Gresskarsuppe med krepse-dumplings, Pølse med sauerkraut, Snitzel med potetsalat og sitron, Røye med kål, og til dessert får du Schwartswaldkake med kirsebær også kan du ikke unngå strudelen da. Den må du smake når du er i Wien .\nJossa rister på hodet og ler.\n– Jeg klarer jo ikke alt sammen, det er jo umulig.</p>', '', NULL, 'left', NULL, NULL, '0', '0', '0', '0', '2018-01-10 14:07:06', '2018-01-10 14:07:06', 'edbe0c19-5227-4dd1-b565-ebf9132274ca'),
 ('181', '191', 'en', 'P Nordiskkonst 1000X600', NULL, NULL, NULL, 'left', NULL, NULL, '0', '0', '0', '0', '2018-01-10 14:07:48', '2018-01-10 14:07:48', '606c7dff-1e22-4634-8780-2ab4ce804d4f'),
 ('182', '192', 'en', 'Jossa til Sverige', NULL, NULL, NULL, 'left', NULL, '<p>Jossa ser nedover dalen. Hun har vandret i et par dager fra Trondheim. Nå har hun endelig møtt Tobias, en som er kjent i dalen.</p>', '0', '0', '0', '0', '2018-01-10 14:08:30', '2018-01-10 14:08:30', '93626783-1525-4a15-8dfa-76c64cf3ca9e'),
 ('183', '193', 'en', NULL, '<p>– Jaha du, så du er ute etter den svenske smaken du, sier Tobias på slepent svensk mål.<br />Jossa har spurt og gravd for å finne den som lager den beste maten på denne siden av grensen.</p>\n<p>– Så de sier det ja. Hehe. Tobias ler mens han plukker opp noe som kan virke som en vilkårlig blomst fra bakken.Han smaker og smatter.<br />– At jeg er den du skal snakke med ja.<br />Jossa smiler opprømt, og nikker.<br />– Den kommer herfra. Det er i jorden alt starter, det er der alt opprinner. Så vi må bevege oss litt rundt.</p>\n<p>De fortsetter ferden nedover, mot et forgjettet sted, mot en gård som det går flotte ord om rundt i hele verden.<br />– For at du skal forstå hva de gjør akkurat der, så må vi nesten spise et par ting på veien.</p>\n<p>Tobias lister opp hva Jossa skal smake -Raggmunk med Vesterbotten, Sild med egg, poteter, rug og rødbeter , sild ost og smør, Falukorv, Flesk, rotmos, løk, Fisk med Skagensaus. <br />Dette er veldig kjente smaker, men Raggmunk, det er jeg usikker på.<br />Han ler, mens han henter ut en potet fra sekken. Raggmunk, det er nesten det beste du kan gjøre med poteter.<br />Men kom nå, så spiser vi. Så får du oppskriftenen på alt, som du kan ta med deg hjem igjen.</p>', '', NULL, 'left', NULL, NULL, '0', '0', '0', '0', '2018-01-10 14:08:30', '2018-01-10 14:08:30', '60aba918-2518-430c-851b-33c461c24c13'),
 ('184', '194', 'en', 'Traena 127 Web 1000X600', NULL, NULL, NULL, 'left', NULL, NULL, '0', '0', '0', '0', '2018-01-10 14:09:30', '2018-01-10 14:09:30', '73162059-76c8-4e48-81fd-9e5bb7af7e11'),
 ('185', '195', 'en', 'Jossa på hjemmebane', NULL, NULL, NULL, 'left', NULL, '<p>Jossa ser utover Ripa på den store båten. Hun tar dype trekk av den friske lufta, helt inn. Det er som om lungene har lengtet etter den kjølige fuktige lufta.</p>', '0', '0', '0', '0', '2018-01-10 14:10:01', '2018-01-10 14:10:01', 'dec9e3cf-5b77-43fb-ab68-93fee0efdea9'),
 ('186', '196', 'en', NULL, '<p>Hun ser havnen i det fjerne, og tusler ned i kahytten.<br />– Hjem. Jeg skal hjem en liten tur, hun smiler til seg selv og tenker på hvordan hun plutselig savnet sild. Og akevitt.</p>\n<p>Det har vært en lang reise siden hun var i Bangkok, eller lille bangkokk da, gjemt inne i chinatown i london. Der hun fikk noen nye smaker, som aldri hadde vært innom Trondheim, før nå. Hun klapper på kofferten som er breddfull av urter, røtter, krydder og oppskrifter hun tar med seg hjem.<br />Men nam prik pao til side, selv om det kanskje er det beste hun hadde smakt, på alt, hun er klar for sild. Og for svinekjøtt. Hun har tenkt mye på hvordan svinekjøttet fra nettopp trøndelag vil passe til alle de thailandske smakene, som et avbrekk fra all julematen. Friskt, sterkt, morsomt.</p>\n<p>Men nå er det rømme som står i hodet. Rømme på vaffel, med løyrom. Og riskrem. Jossa klarer nesten ikke stå stille hun tripper opp og ned dekk mens de legger landgangen klar.</p>\n<p>Hjemme, nærmest roper hun når hun treffer brygga med foten.</p>\n<p>Nå skal det bli godt med gravet fisk.</p>', '', NULL, 'left', NULL, NULL, '0', '0', '0', '0', '2018-01-10 14:10:01', '2018-01-10 14:10:01', '44304869-abe8-415e-846f-222d24bfe632'),
 ('187', '197', 'en', '20160216  Dsc3947 1000X600', NULL, NULL, NULL, 'left', NULL, NULL, '0', '0', '0', '0', '2018-01-10 14:11:11', '2018-01-10 14:11:11', 'c55b95a7-9d78-483a-9207-baf7d85305e7'),
 ('188', '198', 'en', 'Smak.no om Jossa i Venezuela', NULL, NULL, NULL, 'left', NULL, '<p>Smak.no, Dagens Næringslivs matportal har skrevet en flott<strong> <a href=\"http://www.dn.no/smak/2016/02/17/1409/Restauranter/lag-lammebog-med-sramerikansk-vri\" target=\"_blank\" rel=\"noreferrer noopener\">anmeldelse</a> </strong>av første uken vår i Venezuela med Karlos Ponte. Selv om gjestekokken Ponte er tilbake på hjemmebane i København, kjører Jossa videre med meny fra Venezuela fremover! Les teksten<strong> <a href=\"http://www.dn.no/smak/2016/02/17/1409/Restauranter/lag-lammebog-med-sramerikansk-vri\" target=\"_blank\" rel=\"noreferrer noopener\">her</a>.</strong></p>', '0', '0', '0', '0', '2018-01-10 14:12:03', '2018-01-10 14:12:30', '24adecd0-05da-46e5-9afd-b252d87d8dd0'),
 ('190', '200', 'en', 'B5 A1163 1000X600', NULL, NULL, NULL, 'left', NULL, NULL, '0', '0', '0', '0', '2018-01-10 14:16:03', '2018-01-10 14:16:03', '5f824a5b-b03e-4cf4-b84c-045c0ba9e52c'),
 ('191', '201', 'en', 'Lokalt grogrunnlag', NULL, NULL, NULL, 'left', NULL, '<p>Jossa setter seg opp i stolen, tar en slurk kaffe og tenker på hva hun smakte i går. Det er utvilsomt det beste i Norge sier hun høyt til seg selv. Men hvor går egentlig grensene for smak, og hvem bestemmer hva som er godt og vondt, fortsetter hun mens koppen snart er tom. Med råvarer fra trøndelag, så burde man kunne lag hva som helst, men hvem avgjør hva som er best akkurat her ?</p>', '0', '0', '0', '0', '2018-01-10 14:16:19', '2018-01-10 14:16:19', '3e479d37-50b4-4d85-a18b-ddb8e3a2522b'),
 ('192', '202', 'en', NULL, '<p>Jossa står i gangen. Hun har pakket en sekk, tatt på seg vandreskoene og ikledd seg den fineste turstasen. </p>\n<p>Drevet av nysgjerrighet går hun ut, låser døra, sjekker at ekstranøkkelen ligger under potta, sånn i tilfelle noen skulle trenge noe, snur seg mot huset og sier – Jeg går en tur jeg. Jeg vil finne ut hvor smak kommer fra. </p>\n<p>Det har med kultur å gjøre. Gamle tradisjoner og overbevisninger. Selvsagt har det med lokale grogrunnlag også. Jossa tenker mens hun vandrer mot fjorden.<br />Hun setter kursen østover, til et sted som har både vært Sverige og Norge.<br />Og det har det vært flere ganger. </p>\n<p>Smaken er litt annerledes der. De gjør noe litt annet. </p>\n<p>Jossa snur seg og ser seg over skulderen. Hun kan så vidt se gatehjørnet der huset hennes ligger.<br />Ingen vei tilbake nå tenker hun.</p>', '', NULL, 'left', NULL, NULL, '0', '0', '0', '0', '2018-01-10 14:16:19', '2018-01-10 14:16:19', '058afa74-c3cc-4869-b6cc-7f521f4ee4ab'),
 ('193', '203', 'en', NULL, NULL, NULL, NULL, 'right', NULL, NULL, '0', '0', '0', '0', '2018-01-10 14:32:39', '2018-01-10 14:33:47', '0e627172-b650-48cd-8c6a-931a86df001c'),
 ('194', '204', 'en', NULL, NULL, NULL, NULL, 'left', NULL, NULL, '0', '0', '0', '0', '2018-01-10 14:32:39', '2018-01-10 14:33:47', 'b750e77d-133c-4aac-b255-ad9e46800029'),
 ('195', '205', 'en', NULL, NULL, NULL, NULL, 'right', NULL, NULL, '0', '0', '0', '0', '2018-01-10 14:32:39', '2018-01-10 14:33:47', 'c7c9dc01-b9de-40c7-a9a3-48d016024926'),
 ('196', '206', 'en', NULL, NULL, NULL, NULL, 'left', NULL, NULL, '0', '0', '0', '0', '2018-01-10 14:32:39', '2018-01-10 14:33:47', '82574caf-ddc1-4674-a650-8fef026c7994'),
 ('197', '207', 'en', NULL, NULL, NULL, NULL, 'right', NULL, NULL, '0', '0', '0', '0', '2018-01-10 14:32:39', '2018-01-10 14:33:47', '68b3c97e-0627-4fe3-9839-7427f657b7ca');



DROP TABLE IF EXISTS `craft_cpnav_layouts`;


--
-- Schema for table `craft_cpnav_layouts`
--
CREATE TABLE `craft_cpnav_layouts` (
  `id` int(11) NOT NULL AUTO_INCREMENT,
  `name` varchar(255) COLLATE utf8_unicode_ci DEFAULT NULL,
  `isDefault` tinyint(1) unsigned NOT NULL DEFAULT '0',
  `permissions` text COLLATE utf8_unicode_ci,
  `dateCreated` datetime NOT NULL,
  `dateUpdated` datetime NOT NULL,
  `uid` char(36) COLLATE utf8_unicode_ci NOT NULL DEFAULT '0',
  PRIMARY KEY (`id`)
) ENGINE=InnoDB AUTO_INCREMENT=3 DEFAULT CHARSET=utf8 COLLATE=utf8_unicode_ci;

--
-- Data for table `craft_cpnav_layouts`
--

INSERT INTO `craft_cpnav_layouts` (`id`, `name`, `isDefault`, `permissions`, `dateCreated`, `dateUpdated`, `uid`) VALUES
 ('1', 'Default', '1', NULL, '2017-09-15 09:17:50', '2017-09-15 09:17:50', 'e90c8da2-7156-47a1-ba77-a26aeb82d42a'),
 ('2', 'Credo', '0', '[\"1\"]', '2017-09-21 09:43:29', '2017-09-21 09:43:29', 'b6614026-a3a3-418a-89b6-dc343baff0fa');



DROP TABLE IF EXISTS `craft_cpnav_navs`;


--
-- Schema for table `craft_cpnav_navs`
--
CREATE TABLE `craft_cpnav_navs` (
  `id` int(11) NOT NULL AUTO_INCREMENT,
  `layoutId` int(11) DEFAULT NULL,
  `handle` varchar(255) COLLATE utf8_unicode_ci DEFAULT NULL,
  `prevLabel` varchar(255) COLLATE utf8_unicode_ci DEFAULT NULL,
  `currLabel` varchar(255) COLLATE utf8_unicode_ci DEFAULT NULL,
  `enabled` tinyint(1) unsigned NOT NULL DEFAULT '1',
  `order` int(10) DEFAULT '0',
  `prevUrl` varchar(255) COLLATE utf8_unicode_ci DEFAULT NULL,
  `url` varchar(255) COLLATE utf8_unicode_ci DEFAULT NULL,
  `icon` varchar(255) COLLATE utf8_unicode_ci DEFAULT NULL,
  `customIcon` varchar(255) COLLATE utf8_unicode_ci DEFAULT NULL,
  `manualNav` tinyint(1) unsigned NOT NULL DEFAULT '0',
  `newWindow` tinyint(1) unsigned NOT NULL DEFAULT '0',
  `dateCreated` datetime NOT NULL,
  `dateUpdated` datetime NOT NULL,
  `uid` char(36) COLLATE utf8_unicode_ci NOT NULL DEFAULT '0',
  PRIMARY KEY (`id`),
  KEY `craft_cpnav_navs_layoutId_fk` (`layoutId`)
) ENGINE=InnoDB AUTO_INCREMENT=18 DEFAULT CHARSET=utf8 COLLATE=utf8_unicode_ci;

--
-- Data for table `craft_cpnav_navs`
--

INSERT INTO `craft_cpnav_navs` (`id`, `layoutId`, `handle`, `prevLabel`, `currLabel`, `enabled`, `order`, `prevUrl`, `url`, `icon`, `customIcon`, `manualNav`, `newWindow`, `dateCreated`, `dateUpdated`, `uid`) VALUES
 ('1', '1', 'dashboard', 'Dashboard', 'Dashboard', '1', '0', 'dashboard', 'dashboard', 'gauge', NULL, '0', '0', '2017-09-15 09:17:50', '2017-09-21 09:45:28', '28f5ee17-7422-481b-a3c3-7de64f8520e6'),
 ('3', '1', 'users', 'Users', 'Users', '1', '2', 'users', 'users', 'users', NULL, '0', '0', '2017-09-15 09:17:50', '2017-09-21 09:45:26', '4706c1b5-992b-4626-9ad1-52f959bf5646'),
 ('4', '1', 'settings', 'Settings', 'Settings', '1', '3', 'settings', 'settings', 'settings', NULL, '0', '0', '2017-09-15 09:17:50', '2017-09-21 09:45:26', '26717d9c-5450-40a4-91bd-f8a1b868ddcd'),
 ('5', '1', 'categories', 'Categories', 'Categories', '1', '2', 'categories', 'categories', 'categories', NULL, '0', '0', '2017-09-15 09:20:07', '2017-09-21 09:45:26', '059add9b-5db3-4892-8973-d9117c502e12'),
 ('6', '1', 'entries', 'Entries', 'Entries', '1', '1', 'entries', 'entries', 'section', NULL, '0', '0', '2017-09-15 09:53:17', '2017-09-21 09:45:27', 'bbc1009a-590d-4172-a566-46fce849ca2b'),
 ('7', '1', 'assets', 'Assets', 'Assets', '1', '3', 'assets', 'assets', 'assets', NULL, '0', '0', '2017-09-20 09:39:50', '2017-09-21 09:45:25', '9bb3eba4-7339-4e1f-8406-47a08b613dbc'),
 ('8', '2', 'dashboard', 'Dashboard', 'Dashboard', '0', '0', 'dashboard', 'dashboard', 'gauge', NULL, '0', '0', '2017-09-21 09:43:29', '2017-09-21 09:45:33', 'fb068187-b50b-447f-83b9-b1d9903d2274'),
 ('9', '2', 'entries', 'Entries', 'Entries', '0', '1', 'entries', 'entries', 'section', NULL, '0', '0', '2017-09-21 09:43:29', '2017-09-21 09:45:33', 'eaa5bdc9-42b8-42fd-ba9d-d00c03a97c53'),
 ('10', '2', 'users', 'Users', 'Users', '0', '2', 'users', 'users', 'users', NULL, '0', '0', '2017-09-21 09:43:29', '2017-09-21 09:45:34', '912792a2-2860-4fd1-b0a7-f22b14d19044'),
 ('11', '2', 'categories', 'Categories', 'Categories', '0', '3', 'categories', 'categories', 'categories', NULL, '0', '0', '2017-09-21 09:43:29', '2017-09-21 09:45:34', '132f6821-aeec-44c1-98fe-6fca57f358d8'),
 ('13', '2', 'assets', 'Assets', 'Assets', '0', '5', 'assets', 'assets', 'assets', NULL, '0', '0', '2017-09-21 09:43:29', '2017-09-21 09:45:35', 'e8b4b2f5-5f2c-4eca-8809-1b56a822f5c1'),
 ('14', '1', 'sider', 'Sider', 'Sider', '0', '99', '/admin/entries/sider', '/admin/entries/sider', NULL, NULL, '1', '0', '2017-09-21 09:43:52', '2017-09-21 09:45:23', 'e0253f4b-661b-4b21-84bd-23c8b2c8bb69'),
 ('15', '1', 'journal', 'Journal', 'Journal', '0', '99', '/admin/entries/journal', '/admin/entries/journal', NULL, NULL, '1', '0', '2017-09-21 09:44:27', '2017-09-21 09:45:25', '91429754-6d7f-406c-9433-cf501abc1770'),
 ('16', '2', 'sider', 'Sider', 'Sider', '1', '99', '/admin/entries/sider', '/admin/entries/sider', NULL, NULL, '1', '0', '2017-09-21 09:45:39', '2017-09-21 09:45:39', '750b16f5-7fe6-4bb3-8737-e7cdf4e4f17e'),
 ('17', '2', 'journal', 'Journal', 'Journal', '1', '99', '/admin/entries/journal', '/admin/entries/journal', NULL, NULL, '1', '0', '2017-09-21 09:46:10', '2017-09-21 09:46:10', 'd05f8b24-10fa-4685-8f23-c86782b48f01');



DROP TABLE IF EXISTS `craft_deprecationerrors`;


--
-- Schema for table `craft_deprecationerrors`
--
CREATE TABLE `craft_deprecationerrors` (
  `id` int(11) NOT NULL AUTO_INCREMENT,
  `key` varchar(255) COLLATE utf8_unicode_ci NOT NULL,
  `fingerprint` varchar(255) COLLATE utf8_unicode_ci NOT NULL,
  `lastOccurrence` datetime NOT NULL,
  `file` varchar(255) COLLATE utf8_unicode_ci NOT NULL,
  `line` smallint(6) unsigned NOT NULL,
  `class` varchar(255) COLLATE utf8_unicode_ci DEFAULT NULL,
  `method` varchar(255) COLLATE utf8_unicode_ci DEFAULT NULL,
  `template` varchar(255) COLLATE utf8_unicode_ci DEFAULT NULL,
  `templateLine` smallint(6) unsigned DEFAULT NULL,
  `message` varchar(255) COLLATE utf8_unicode_ci DEFAULT NULL,
  `traces` text COLLATE utf8_unicode_ci,
  `dateCreated` datetime NOT NULL,
  `dateUpdated` datetime NOT NULL,
  `uid` char(36) COLLATE utf8_unicode_ci NOT NULL DEFAULT '0',
  PRIMARY KEY (`id`),
  UNIQUE KEY `craft_deprecationerrors_key_fingerprint_unq_idx` (`key`,`fingerprint`)
) ENGINE=InnoDB AUTO_INCREMENT=1004 DEFAULT CHARSET=utf8 COLLATE=utf8_unicode_ci;

--
-- Data for table `craft_deprecationerrors`
--

INSERT INTO `craft_deprecationerrors` (`id`, `key`, `fingerprint`, `lastOccurrence`, `file`, `line`, `class`, `method`, `template`, `templateLine`, `message`, `traces`, `dateCreated`, `dateUpdated`, `uid`) VALUES
 ('1', 'element_depth_param', 'assets/templates/_pages/content.twig:35', '2017-12-18 12:32:52', '/chroot/home/seamsno/skogen.io/html/credo/craft/app/services/ElementsService.php', '1142', 'Craft\\ElementsService', 'buildElementsQuery', 'assets/templates/_pages/content.twig', '35', 'The \'depth\' element param has been deprecated. Use \'level\' instead.', '[{\"objectClass\":\"Craft\\\\DeprecatorService\",\"file\":\"\\/chroot\\/home\\/seamsno\\/skogen.io\\/html\\/credo\\/craft\\/app\\/services\\/ElementsService.php\",\"line\":1142,\"class\":\"Craft\\\\DeprecatorService\",\"method\":\"log\",\"args\":\"\\\"element_depth_param\\\", \\\"The \'depth\' element param has been deprecated. Use \'level\' inste...\\\"\"},{\"objectClass\":\"Craft\\\\ElementsService\",\"file\":\"\\/chroot\\/home\\/seamsno\\/skogen.io\\/html\\/credo\\/craft\\/app\\/services\\/ElementsService.php\",\"line\":206,\"class\":\"Craft\\\\ElementsService\",\"method\":\"buildElementsQuery\",\"args\":\"Craft\\\\ElementCriteriaModel, \\\"content\\\", array(array(\\\"handle\\\" => \\\"customOpeningHours\\\", \\\"column\\\" => \\\"field_customOpeningHours\\\"), array(\\\"handle\\\" => \\\"settingImagePosition\\\", \\\"column\\\" => \\\"field_settingImagePosition\\\"), array(\\\"handle\\\" => \\\"standardLeadText\\\", \\\"column\\\" => \\\"field_standardLeadText\\\"), array(\\\"handle\\\" => \\\"standardHeading\\\", \\\"column\\\" => \\\"field_standardHeading\\\")), false\"},{\"objectClass\":\"Craft\\\\ElementsService\",\"file\":\"\\/chroot\\/home\\/seamsno\\/skogen.io\\/html\\/credo\\/craft\\/app\\/models\\/ElementCriteriaModel.php\",\"line\":277,\"class\":\"Craft\\\\ElementsService\",\"method\":\"findElements\",\"args\":\"Craft\\\\ElementCriteriaModel\"},{\"objectClass\":\"Craft\\\\ElementCriteriaModel\",\"file\":\"\\/chroot\\/home\\/seamsno\\/skogen.io\\/html\\/credo\\/craft\\/app\\/models\\/ElementCriteriaModel.php\",\"line\":81,\"class\":\"Craft\\\\ElementCriteriaModel\",\"method\":\"find\",\"args\":null},{\"objectClass\":\"Craft\\\\ElementCriteriaModel\",\"file\":\"\\/chroot\\/home\\/seamsno\\/skogen.io\\/html\\/credo\\/craft\\/storage\\/runtime\\/compiled_templates\\/91\\/917d80e944312784c1432382f166ab3c840e5834b33ab74bcede1601aeaa4982.php\",\"line\":93,\"class\":\"Craft\\\\ElementCriteriaModel\",\"method\":\"getIterator\",\"args\":null},{\"objectClass\":\"__TwigTemplate_2ddaa4f82d75e318af7c14e6f83a763e854e5f10e032f4e375b21f6bac2727f9\",\"file\":\"\\/chroot\\/home\\/seamsno\\/skogen.io\\/html\\/credo\\/craft\\/app\\/vendor\\/twig\\/twig\\/lib\\/Twig\\/Template.php\",\"line\":432,\"class\":\"__TwigTemplate_2ddaa4f82d75e318af7c14e6f83a763e854e5f10e032f4e375b21f6bac2727f9\",\"method\":\"doDisplay\",\"args\":\"array(\\\"entry\\\" => Craft\\\\EntryModel, \\\"user\\\" => Craft\\\\UserModel, \\\"currentUser\\\" => Craft\\\\UserModel, \\\"craft\\\" => Craft\\\\CraftVariable), array()\"},{\"objectClass\":\"__TwigTemplate_2ddaa4f82d75e318af7c14e6f83a763e854e5f10e032f4e375b21f6bac2727f9\",\"file\":\"\\/chroot\\/home\\/seamsno\\/skogen.io\\/html\\/credo\\/craft\\/app\\/etc\\/templating\\/BaseTemplate.php\",\"line\":26,\"class\":\"Twig_Template\",\"method\":\"displayWithErrorHandling\",\"args\":\"array(\\\"entry\\\" => Craft\\\\EntryModel, \\\"user\\\" => Craft\\\\UserModel, \\\"currentUser\\\" => Craft\\\\UserModel, \\\"craft\\\" => Craft\\\\CraftVariable), array()\"},{\"objectClass\":\"__TwigTemplate_2ddaa4f82d75e318af7c14e6f83a763e854e5f10e032f4e375b21f6bac2727f9\",\"file\":\"\\/chroot\\/home\\/seamsno\\/skogen.io\\/html\\/credo\\/craft\\/app\\/vendor\\/twig\\/twig\\/lib\\/Twig\\/Template.php\",\"line\":403,\"class\":\"Craft\\\\BaseTemplate\",\"method\":\"displayWithErrorHandling\",\"args\":\"array(\\\"entry\\\" => Craft\\\\EntryModel, \\\"user\\\" => Craft\\\\UserModel, \\\"currentUser\\\" => Craft\\\\UserModel, \\\"craft\\\" => Craft\\\\CraftVariable), array()\"},{\"objectClass\":\"__TwigTemplate_2ddaa4f82d75e318af7c14e6f83a763e854e5f10e032f4e375b21f6bac2727f9\",\"file\":\"\\/chroot\\/home\\/seamsno\\/skogen.io\\/html\\/credo\\/craft\\/storage\\/runtime\\/compiled_templates\\/ec\\/ec0589c183bb689d913de66bf4f5172c911f4032524c81569a66bdeebd384017.php\",\"line\":85,\"class\":\"Twig_Template\",\"method\":\"display\",\"args\":\"array(\\\"entry\\\" => Craft\\\\EntryModel, \\\"user\\\" => Craft\\\\UserModel, \\\"currentUser\\\" => Craft\\\\UserModel, \\\"craft\\\" => Craft\\\\CraftVariable)\",\"template\":\"_includes\\/site-header\",\"templateLine\":35},{\"objectClass\":\"__TwigTemplate_492d2009909901f2c615aed0804d543bc7fdc44d5345f1c48c2b5b86067aad2d\",\"file\":\"\\/chroot\\/home\\/seamsno\\/skogen.io\\/html\\/credo\\/craft\\/app\\/vendor\\/twig\\/twig\\/lib\\/Twig\\/Template.php\",\"line\":432,\"class\":\"__TwigTemplate_492d2009909901f2c615aed0804d543bc7fdc44d5345f1c48c2b5b86067aad2d\",\"method\":\"doDisplay\",\"args\":\"array(\\\"entry\\\" => Craft\\\\EntryModel, \\\"user\\\" => Craft\\\\UserModel, \\\"currentUser\\\" => Craft\\\\UserModel, \\\"craft\\\" => Craft\\\\CraftVariable), array(\\\"content\\\" => array(__TwigTemplate_eea64b7ab250c91b9c6c9287c07274a33d77d550436d00e986eb770033f56435, \\\"block_content\\\"))\"},{\"objectClass\":\"__TwigTemplate_492d2009909901f2c615aed0804d543bc7fdc44d5345f1c48c2b5b86067aad2d\",\"file\":\"\\/chroot\\/home\\/seamsno\\/skogen.io\\/html\\/credo\\/craft\\/app\\/etc\\/templating\\/BaseTemplate.php\",\"line\":26,\"class\":\"Twig_Template\",\"method\":\"displayWithErrorHandling\",\"args\":\"array(\\\"entry\\\" => Craft\\\\EntryModel, \\\"user\\\" => Craft\\\\UserModel, \\\"currentUser\\\" => Craft\\\\UserModel, \\\"craft\\\" => Craft\\\\CraftVariable), array(\\\"content\\\" => array(__TwigTemplate_eea64b7ab250c91b9c6c9287c07274a33d77d550436d00e986eb770033f56435, \\\"block_content\\\"))\"},{\"objectClass\":\"__TwigTemplate_492d2009909901f2c615aed0804d543bc7fdc44d5345f1c48c2b5b86067aad2d\",\"file\":\"\\/chroot\\/home\\/seamsno\\/skogen.io\\/html\\/credo\\/craft\\/app\\/vendor\\/twig\\/twig\\/lib\\/Twig\\/Template.php\",\"line\":403,\"class\":\"Craft\\\\BaseTemplate\",\"method\":\"displayWithErrorHandling\",\"args\":\"array(\\\"entry\\\" => Craft\\\\EntryModel, \\\"user\\\" => Craft\\\\UserModel, \\\"currentUser\\\" => Craft\\\\UserModel, \\\"craft\\\" => Craft\\\\CraftVariable), array(\\\"content\\\" => array(__TwigTemplate_eea64b7ab250c91b9c6c9287c07274a33d77d550436d00e986eb770033f56435, \\\"block_content\\\"))\"},{\"objectClass\":\"__TwigTemplate_492d2009909901f2c615aed0804d543bc7fdc44d5345f1c48c2b5b86067aad2d\",\"file\":\"\\/chroot\\/home\\/seamsno\\/skogen.io\\/html\\/credo\\/craft\\/storage\\/runtime\\/compiled_templates\\/9a\\/9a5d5bdc0a5f54e774d1e538331b069805cdbdfdfd8f7d9f7882cc2048582571.php\",\"line\":24,\"class\":\"Twig_Template\",\"method\":\"display\",\"args\":\"array(\\\"entry\\\" => Craft\\\\EntryModel, \\\"user\\\" => Craft\\\\UserModel, \\\"currentUser\\\" => Craft\\\\UserModel, \\\"craft\\\" => Craft\\\\CraftVariable), array(\\\"content\\\" => array(__TwigTemplate_eea64b7ab250c91b9c6c9287c07274a33d77d550436d00e986eb770033f56435, \\\"block_content\\\"))\",\"template\":\"_layouts\\/main-layout\",\"templateLine\":2},{\"objectClass\":\"__TwigTemplate_eea64b7ab250c91b9c6c9287c07274a33d77d550436d00e986eb770033f56435\",\"file\":\"\\/chroot\\/home\\/seamsno\\/skogen.io\\/html\\/credo\\/craft\\/app\\/vendor\\/twig\\/twig\\/lib\\/Twig\\/Template.php\",\"line\":432,\"class\":\"__TwigTemplate_eea64b7ab250c91b9c6c9287c07274a33d77d550436d00e986eb770033f56435\",\"method\":\"doDisplay\",\"args\":\"array(\\\"entry\\\" => Craft\\\\EntryModel, \\\"user\\\" => Craft\\\\UserModel, \\\"currentUser\\\" => Craft\\\\UserModel, \\\"craft\\\" => Craft\\\\CraftVariable), array(\\\"content\\\" => array(__TwigTemplate_eea64b7ab250c91b9c6c9287c07274a33d77d550436d00e986eb770033f56435, \\\"block_content\\\"))\"},{\"objectClass\":\"__TwigTemplate_eea64b7ab250c91b9c6c9287c07274a33d77d550436d00e986eb770033f56435\",\"file\":\"\\/chroot\\/home\\/seamsno\\/skogen.io\\/html\\/credo\\/craft\\/app\\/etc\\/templating\\/BaseTemplate.php\",\"line\":26,\"class\":\"Twig_Template\",\"method\":\"displayWithErrorHandling\",\"args\":\"array(\\\"entry\\\" => Craft\\\\EntryModel, \\\"user\\\" => Craft\\\\UserModel, \\\"currentUser\\\" => Craft\\\\UserModel, \\\"craft\\\" => Craft\\\\CraftVariable), array(\\\"content\\\" => array(__TwigTemplate_eea64b7ab250c91b9c6c9287c07274a33d77d550436d00e986eb770033f56435, \\\"block_content\\\"))\"},{\"objectClass\":\"__TwigTemplate_eea64b7ab250c91b9c6c9287c07274a33d77d550436d00e986eb770033f56435\",\"file\":\"\\/chroot\\/home\\/seamsno\\/skogen.io\\/html\\/credo\\/craft\\/app\\/vendor\\/twig\\/twig\\/lib\\/Twig\\/Template.php\",\"line\":403,\"class\":\"Craft\\\\BaseTemplate\",\"method\":\"displayWithErrorHandling\",\"args\":\"array(\\\"entry\\\" => Craft\\\\EntryModel, \\\"user\\\" => Craft\\\\UserModel, \\\"currentUser\\\" => Craft\\\\UserModel, \\\"craft\\\" => Craft\\\\CraftVariable), array(\\\"content\\\" => array(__TwigTemplate_eea64b7ab250c91b9c6c9287c07274a33d77d550436d00e986eb770033f56435, \\\"block_content\\\"))\"},{\"objectClass\":\"__TwigTemplate_eea64b7ab250c91b9c6c9287c07274a33d77d550436d00e986eb770033f56435\",\"file\":\"\\/chroot\\/home\\/seamsno\\/skogen.io\\/html\\/credo\\/craft\\/app\\/vendor\\/twig\\/twig\\/lib\\/Twig\\/Template.php\",\"line\":411,\"class\":\"Twig_Template\",\"method\":\"display\",\"args\":\"array(\\\"entry\\\" => Craft\\\\EntryModel)\"},{\"objectClass\":\"__TwigTemplate_eea64b7ab250c91b9c6c9287c07274a33d77d550436d00e986eb770033f56435\",\"file\":\"\\/chroot\\/home\\/seamsno\\/skogen.io\\/html\\/credo\\/craft\\/app\\/vendor\\/twig\\/twig\\/lib\\/Twig\\/Environment.php\",\"line\":362,\"class\":\"Twig_Template\",\"method\":\"render\",\"args\":\"array(\\\"entry\\\" => Craft\\\\EntryModel)\"},{\"objectClass\":\"Craft\\\\TwigEnvironment\",\"file\":\"\\/chroot\\/home\\/seamsno\\/skogen.io\\/html\\/credo\\/craft\\/app\\/services\\/TemplatesService.php\",\"line\":256,\"class\":\"Twig_Environment\",\"method\":\"render\",\"args\":\"\\\"_pages\\/content\\\", array(\\\"entry\\\" => Craft\\\\EntryModel)\"},{\"objectClass\":\"Craft\\\\TemplatesService\",\"file\":\"\\/chroot\\/home\\/seamsno\\/skogen.io\\/html\\/credo\\/craft\\/app\\/controllers\\/BaseController.php\",\"line\":74,\"class\":\"Craft\\\\TemplatesService\",\"method\":\"render\",\"args\":\"\\\"_pages\\/content\\\", array(\\\"entry\\\" => Craft\\\\EntryModel)\"},{\"objectClass\":\"Craft\\\\TemplatesController\",\"file\":\"\\/chroot\\/home\\/seamsno\\/skogen.io\\/html\\/credo\\/craft\\/app\\/controllers\\/TemplatesController.php\",\"line\":68,\"class\":\"Craft\\\\BaseController\",\"method\":\"renderTemplate\",\"args\":\"\\\"_pages\\/content\\\", array(\\\"entry\\\" => Craft\\\\EntryModel)\"},{\"objectClass\":\"Craft\\\\TemplatesController\",\"file\":null,\"line\":null,\"class\":\"Craft\\\\TemplatesController\",\"method\":\"actionRender\",\"args\":\"\\\"_pages\\/content\\\", array(\\\"entry\\\" => Craft\\\\EntryModel)\"},{\"objectClass\":\"ReflectionMethod\",\"file\":\"\\/chroot\\/home\\/seamsno\\/skogen.io\\/html\\/credo\\/craft\\/app\\/framework\\/web\\/actions\\/CAction.php\",\"line\":109,\"class\":\"ReflectionMethod\",\"method\":\"invokeArgs\",\"args\":\"Craft\\\\TemplatesController, array(\\\"_pages\\/content\\\", array(\\\"entry\\\" => Craft\\\\EntryModel))\"},{\"objectClass\":\"CInlineAction\",\"file\":\"\\/chroot\\/home\\/seamsno\\/skogen.io\\/html\\/credo\\/craft\\/app\\/framework\\/web\\/actions\\/CInlineAction.php\",\"line\":47,\"class\":\"CAction\",\"method\":\"runWithParamsInternal\",\"args\":\"Craft\\\\TemplatesController, ReflectionMethod, array(\\\"variables\\\" => array(\\\"entry\\\" => Craft\\\\EntryModel), \\\"template\\\" => \\\"_pages\\/content\\\")\"},{\"objectClass\":\"CInlineAction\",\"file\":\"\\/chroot\\/home\\/seamsno\\/skogen.io\\/html\\/credo\\/craft\\/app\\/framework\\/web\\/CController.php\",\"line\":308,\"class\":\"CInlineAction\",\"method\":\"runWithParams\",\"args\":\"array(\\\"variables\\\" => array(\\\"entry\\\" => Craft\\\\EntryModel), \\\"template\\\" => \\\"_pages\\/content\\\")\"},{\"objectClass\":\"Craft\\\\TemplatesController\",\"file\":\"\\/chroot\\/home\\/seamsno\\/skogen.io\\/html\\/credo\\/craft\\/app\\/framework\\/web\\/CController.php\",\"line\":286,\"class\":\"CController\",\"method\":\"runAction\",\"args\":\"CInlineAction\"},{\"objectClass\":\"Craft\\\\TemplatesController\",\"file\":\"\\/chroot\\/home\\/seamsno\\/skogen.io\\/html\\/credo\\/craft\\/app\\/framework\\/web\\/CController.php\",\"line\":265,\"class\":\"CController\",\"method\":\"runActionWithFilters\",\"args\":\"CInlineAction, array()\"},{\"objectClass\":\"Craft\\\\TemplatesController\",\"file\":\"\\/chroot\\/home\\/seamsno\\/skogen.io\\/html\\/credo\\/craft\\/app\\/framework\\/web\\/CWebApplication.php\",\"line\":282,\"class\":\"CController\",\"method\":\"run\",\"args\":\"\\\"render\\\"\"},{\"objectClass\":\"Craft\\\\WebApp\",\"file\":\"\\/chroot\\/home\\/seamsno\\/skogen.io\\/html\\/credo\\/craft\\/app\\/framework\\/web\\/CWebApplication.php\",\"line\":141,\"class\":\"CWebApplication\",\"method\":\"runController\",\"args\":\"\\\"templates\\/render\\\"\"},{\"objectClass\":\"Craft\\\\WebApp\",\"file\":\"\\/chroot\\/home\\/seamsno\\/skogen.io\\/html\\/credo\\/craft\\/app\\/etc\\/web\\/WebApp.php\",\"line\":290,\"class\":\"CWebApplication\",\"method\":\"processRequest\",\"args\":null},{\"objectClass\":\"Craft\\\\WebApp\",\"file\":\"\\/chroot\\/home\\/seamsno\\/skogen.io\\/html\\/credo\\/craft\\/app\\/framework\\/base\\/CApplication.php\",\"line\":185,\"class\":\"Craft\\\\WebApp\",\"method\":\"processRequest\",\"args\":null},{\"objectClass\":\"Craft\\\\WebApp\",\"file\":\"\\/chroot\\/home\\/seamsno\\/skogen.io\\/html\\/credo\\/craft\\/app\\/index.php\",\"line\":62,\"class\":\"CApplication\",\"method\":\"run\",\"args\":null},{\"objectClass\":null,\"file\":\"\\/chroot\\/home\\/seamsno\\/skogen.io\\/html\\/credo\\/index.php\",\"line\":40,\"class\":null,\"method\":\"require_once\",\"args\":\"\\\"\\/chroot\\/home\\/seamsno\\/skogen.io\\/html\\/credo\\/craft\\/app\\/index.php\\\"\"}]', '2017-09-21 09:31:54', '2017-12-18 12:32:52', '89193b8e-4e6c-4e04-9ce9-61c97e593836'),
 ('59', 'element_depth_param', 'assets/templates/_pages/journal.twig:35', '2017-12-18 12:14:03', '/Users/magnus/Localhost/credocraft/craft/app/services/ElementsService.php', '1142', 'Craft\\ElementsService', 'buildElementsQuery', 'assets/templates/_pages/journal.twig', '35', 'The \'depth\' element param has been deprecated. Use \'level\' instead.', '[{\"objectClass\":\"Craft\\\\DeprecatorService\",\"file\":\"\\/Users\\/magnus\\/Localhost\\/credocraft\\/craft\\/app\\/services\\/ElementsService.php\",\"line\":1142,\"class\":\"Craft\\\\DeprecatorService\",\"method\":\"log\",\"args\":\"\\\"element_depth_param\\\", \\\"The \'depth\' element param has been deprecated. Use \'level\' inste...\\\"\"},{\"objectClass\":\"Craft\\\\ElementsService\",\"file\":\"\\/Users\\/magnus\\/Localhost\\/credocraft\\/craft\\/app\\/services\\/ElementsService.php\",\"line\":206,\"class\":\"Craft\\\\ElementsService\",\"method\":\"buildElementsQuery\",\"args\":\"Craft\\\\ElementCriteriaModel, \\\"content\\\", array(array(\\\"handle\\\" => \\\"customOpeningHours\\\", \\\"column\\\" => \\\"field_customOpeningHours\\\"), array(\\\"handle\\\" => \\\"settingImagePosition\\\", \\\"column\\\" => \\\"field_settingImagePosition\\\"), array(\\\"handle\\\" => \\\"standardLeadText\\\", \\\"column\\\" => \\\"field_standardLeadText\\\"), array(\\\"handle\\\" => \\\"standardHeading\\\", \\\"column\\\" => \\\"field_standardHeading\\\")), false\"},{\"objectClass\":\"Craft\\\\ElementsService\",\"file\":\"\\/Users\\/magnus\\/Localhost\\/credocraft\\/craft\\/app\\/models\\/ElementCriteriaModel.php\",\"line\":277,\"class\":\"Craft\\\\ElementsService\",\"method\":\"findElements\",\"args\":\"Craft\\\\ElementCriteriaModel\"},{\"objectClass\":\"Craft\\\\ElementCriteriaModel\",\"file\":\"\\/Users\\/magnus\\/Localhost\\/credocraft\\/craft\\/app\\/models\\/ElementCriteriaModel.php\",\"line\":81,\"class\":\"Craft\\\\ElementCriteriaModel\",\"method\":\"find\",\"args\":null},{\"objectClass\":\"Craft\\\\ElementCriteriaModel\",\"file\":\"\\/Users\\/magnus\\/Localhost\\/credocraft\\/craft\\/storage\\/runtime\\/compiled_templates\\/91\\/917d80e944312784c1432382f166ab3c840e5834b33ab74bcede1601aeaa4982.php\",\"line\":93,\"class\":\"Craft\\\\ElementCriteriaModel\",\"method\":\"getIterator\",\"args\":null},{\"objectClass\":\"__TwigTemplate_2ddaa4f82d75e318af7c14e6f83a763e854e5f10e032f4e375b21f6bac2727f9\",\"file\":\"\\/Users\\/magnus\\/Localhost\\/credocraft\\/craft\\/app\\/vendor\\/twig\\/twig\\/lib\\/Twig\\/Template.php\",\"line\":432,\"class\":\"__TwigTemplate_2ddaa4f82d75e318af7c14e6f83a763e854e5f10e032f4e375b21f6bac2727f9\",\"method\":\"doDisplay\",\"args\":\"array(\\\"entry\\\" => Craft\\\\EntryModel, \\\"user\\\" => Craft\\\\UserModel, \\\"currentUser\\\" => Craft\\\\UserModel, \\\"craft\\\" => Craft\\\\CraftVariable), array()\"},{\"objectClass\":\"__TwigTemplate_2ddaa4f82d75e318af7c14e6f83a763e854e5f10e032f4e375b21f6bac2727f9\",\"file\":\"\\/Users\\/magnus\\/Localhost\\/credocraft\\/craft\\/app\\/etc\\/templating\\/BaseTemplate.php\",\"line\":26,\"class\":\"Twig_Template\",\"method\":\"displayWithErrorHandling\",\"args\":\"array(\\\"entry\\\" => Craft\\\\EntryModel, \\\"user\\\" => Craft\\\\UserModel, \\\"currentUser\\\" => Craft\\\\UserModel, \\\"craft\\\" => Craft\\\\CraftVariable), array()\"},{\"objectClass\":\"__TwigTemplate_2ddaa4f82d75e318af7c14e6f83a763e854e5f10e032f4e375b21f6bac2727f9\",\"file\":\"\\/Users\\/magnus\\/Localhost\\/credocraft\\/craft\\/app\\/vendor\\/twig\\/twig\\/lib\\/Twig\\/Template.php\",\"line\":403,\"class\":\"Craft\\\\BaseTemplate\",\"method\":\"displayWithErrorHandling\",\"args\":\"array(\\\"entry\\\" => Craft\\\\EntryModel, \\\"user\\\" => Craft\\\\UserModel, \\\"currentUser\\\" => Craft\\\\UserModel, \\\"craft\\\" => Craft\\\\CraftVariable), array()\"},{\"objectClass\":\"__TwigTemplate_2ddaa4f82d75e318af7c14e6f83a763e854e5f10e032f4e375b21f6bac2727f9\",\"file\":\"\\/Users\\/magnus\\/Localhost\\/credocraft\\/craft\\/storage\\/runtime\\/compiled_templates\\/ec\\/ec0589c183bb689d913de66bf4f5172c911f4032524c81569a66bdeebd384017.php\",\"line\":85,\"class\":\"Twig_Template\",\"method\":\"display\",\"args\":\"array(\\\"entry\\\" => Craft\\\\EntryModel, \\\"user\\\" => Craft\\\\UserModel, \\\"currentUser\\\" => Craft\\\\UserModel, \\\"craft\\\" => Craft\\\\CraftVariable)\",\"template\":\"_includes\\/site-header\",\"templateLine\":35},{\"objectClass\":\"__TwigTemplate_492d2009909901f2c615aed0804d543bc7fdc44d5345f1c48c2b5b86067aad2d\",\"file\":\"\\/Users\\/magnus\\/Localhost\\/credocraft\\/craft\\/app\\/vendor\\/twig\\/twig\\/lib\\/Twig\\/Template.php\",\"line\":432,\"class\":\"__TwigTemplate_492d2009909901f2c615aed0804d543bc7fdc44d5345f1c48c2b5b86067aad2d\",\"method\":\"doDisplay\",\"args\":\"array(\\\"entry\\\" => Craft\\\\EntryModel, \\\"user\\\" => Craft\\\\UserModel, \\\"currentUser\\\" => Craft\\\\UserModel, \\\"craft\\\" => Craft\\\\CraftVariable), array(\\\"content\\\" => array(__TwigTemplate_53a62571ffb54561938c3002adc84e2baf130b31683fb8f8192684bce1006c46, \\\"block_content\\\"))\"},{\"objectClass\":\"__TwigTemplate_492d2009909901f2c615aed0804d543bc7fdc44d5345f1c48c2b5b86067aad2d\",\"file\":\"\\/Users\\/magnus\\/Localhost\\/credocraft\\/craft\\/app\\/etc\\/templating\\/BaseTemplate.php\",\"line\":26,\"class\":\"Twig_Template\",\"method\":\"displayWithErrorHandling\",\"args\":\"array(\\\"entry\\\" => Craft\\\\EntryModel, \\\"user\\\" => Craft\\\\UserModel, \\\"currentUser\\\" => Craft\\\\UserModel, \\\"craft\\\" => Craft\\\\CraftVariable), array(\\\"content\\\" => array(__TwigTemplate_53a62571ffb54561938c3002adc84e2baf130b31683fb8f8192684bce1006c46, \\\"block_content\\\"))\"},{\"objectClass\":\"__TwigTemplate_492d2009909901f2c615aed0804d543bc7fdc44d5345f1c48c2b5b86067aad2d\",\"file\":\"\\/Users\\/magnus\\/Localhost\\/credocraft\\/craft\\/app\\/vendor\\/twig\\/twig\\/lib\\/Twig\\/Template.php\",\"line\":403,\"class\":\"Craft\\\\BaseTemplate\",\"method\":\"displayWithErrorHandling\",\"args\":\"array(\\\"entry\\\" => Craft\\\\EntryModel, \\\"user\\\" => Craft\\\\UserModel, \\\"currentUser\\\" => Craft\\\\UserModel, \\\"craft\\\" => Craft\\\\CraftVariable), array(\\\"content\\\" => array(__TwigTemplate_53a62571ffb54561938c3002adc84e2baf130b31683fb8f8192684bce1006c46, \\\"block_content\\\"))\"},{\"objectClass\":\"__TwigTemplate_492d2009909901f2c615aed0804d543bc7fdc44d5345f1c48c2b5b86067aad2d\",\"file\":\"\\/Users\\/magnus\\/Localhost\\/credocraft\\/craft\\/storage\\/runtime\\/compiled_templates\\/c6\\/c6502f0b8c2d3ab0dc8075b4834f289946045847834d94c12b13c66572f32cf2.php\",\"line\":29,\"class\":\"Twig_Template\",\"method\":\"display\",\"args\":\"array(\\\"entry\\\" => Craft\\\\EntryModel, \\\"user\\\" => Craft\\\\UserModel, \\\"currentUser\\\" => Craft\\\\UserModel, \\\"craft\\\" => Craft\\\\CraftVariable), array(\\\"content\\\" => array(__TwigTemplate_53a62571ffb54561938c3002adc84e2baf130b31683fb8f8192684bce1006c46, \\\"block_content\\\"))\",\"template\":\"_layouts\\/main-layout\",\"templateLine\":5},{\"objectClass\":\"__TwigTemplate_53a62571ffb54561938c3002adc84e2baf130b31683fb8f8192684bce1006c46\",\"file\":\"\\/Users\\/magnus\\/Localhost\\/credocraft\\/craft\\/app\\/vendor\\/twig\\/twig\\/lib\\/Twig\\/Template.php\",\"line\":432,\"class\":\"__TwigTemplate_53a62571ffb54561938c3002adc84e2baf130b31683fb8f8192684bce1006c46\",\"method\":\"doDisplay\",\"args\":\"array(\\\"entry\\\" => Craft\\\\EntryModel, \\\"user\\\" => Craft\\\\UserModel, \\\"currentUser\\\" => Craft\\\\UserModel, \\\"craft\\\" => Craft\\\\CraftVariable), array(\\\"content\\\" => array(__TwigTemplate_53a62571ffb54561938c3002adc84e2baf130b31683fb8f8192684bce1006c46, \\\"block_content\\\"))\"},{\"objectClass\":\"__TwigTemplate_53a62571ffb54561938c3002adc84e2baf130b31683fb8f8192684bce1006c46\",\"file\":\"\\/Users\\/magnus\\/Localhost\\/credocraft\\/craft\\/app\\/etc\\/templating\\/BaseTemplate.php\",\"line\":26,\"class\":\"Twig_Template\",\"method\":\"displayWithErrorHandling\",\"args\":\"array(\\\"entry\\\" => Craft\\\\EntryModel, \\\"user\\\" => Craft\\\\UserModel, \\\"currentUser\\\" => Craft\\\\UserModel, \\\"craft\\\" => Craft\\\\CraftVariable), array(\\\"content\\\" => array(__TwigTemplate_53a62571ffb54561938c3002adc84e2baf130b31683fb8f8192684bce1006c46, \\\"block_content\\\"))\"},{\"objectClass\":\"__TwigTemplate_53a62571ffb54561938c3002adc84e2baf130b31683fb8f8192684bce1006c46\",\"file\":\"\\/Users\\/magnus\\/Localhost\\/credocraft\\/craft\\/app\\/vendor\\/twig\\/twig\\/lib\\/Twig\\/Template.php\",\"line\":403,\"class\":\"Craft\\\\BaseTemplate\",\"method\":\"displayWithErrorHandling\",\"args\":\"array(\\\"entry\\\" => Craft\\\\EntryModel, \\\"user\\\" => Craft\\\\UserModel, \\\"currentUser\\\" => Craft\\\\UserModel, \\\"craft\\\" => Craft\\\\CraftVariable), array(\\\"content\\\" => array(__TwigTemplate_53a62571ffb54561938c3002adc84e2baf130b31683fb8f8192684bce1006c46, \\\"block_content\\\"))\"},{\"objectClass\":\"__TwigTemplate_53a62571ffb54561938c3002adc84e2baf130b31683fb8f8192684bce1006c46\",\"file\":\"\\/Users\\/magnus\\/Localhost\\/credocraft\\/craft\\/app\\/vendor\\/twig\\/twig\\/lib\\/Twig\\/Template.php\",\"line\":411,\"class\":\"Twig_Template\",\"method\":\"display\",\"args\":\"array(\\\"entry\\\" => Craft\\\\EntryModel)\"},{\"objectClass\":\"__TwigTemplate_53a62571ffb54561938c3002adc84e2baf130b31683fb8f8192684bce1006c46\",\"file\":\"\\/Users\\/magnus\\/Localhost\\/credocraft\\/craft\\/app\\/vendor\\/twig\\/twig\\/lib\\/Twig\\/Environment.php\",\"line\":362,\"class\":\"Twig_Template\",\"method\":\"render\",\"args\":\"array(\\\"entry\\\" => Craft\\\\EntryModel)\"},{\"objectClass\":\"Craft\\\\TwigEnvironment\",\"file\":\"\\/Users\\/magnus\\/Localhost\\/credocraft\\/craft\\/app\\/services\\/TemplatesService.php\",\"line\":256,\"class\":\"Twig_Environment\",\"method\":\"render\",\"args\":\"\\\"_pages\\/journal\\\", array(\\\"entry\\\" => Craft\\\\EntryModel)\"},{\"objectClass\":\"Craft\\\\TemplatesService\",\"file\":\"\\/Users\\/magnus\\/Localhost\\/credocraft\\/craft\\/app\\/controllers\\/BaseController.php\",\"line\":74,\"class\":\"Craft\\\\TemplatesService\",\"method\":\"render\",\"args\":\"\\\"_pages\\/journal\\\", array(\\\"entry\\\" => Craft\\\\EntryModel)\"},{\"objectClass\":\"Craft\\\\TemplatesController\",\"file\":\"\\/Users\\/magnus\\/Localhost\\/credocraft\\/craft\\/app\\/controllers\\/TemplatesController.php\",\"line\":68,\"class\":\"Craft\\\\BaseController\",\"method\":\"renderTemplate\",\"args\":\"\\\"_pages\\/journal\\\", array(\\\"entry\\\" => Craft\\\\EntryModel)\"},{\"objectClass\":\"Craft\\\\TemplatesController\",\"file\":null,\"line\":null,\"class\":\"Craft\\\\TemplatesController\",\"method\":\"actionRender\",\"args\":\"\\\"_pages\\/journal\\\", array(\\\"entry\\\" => Craft\\\\EntryModel)\"},{\"objectClass\":\"ReflectionMethod\",\"file\":\"\\/Users\\/magnus\\/Localhost\\/credocraft\\/craft\\/app\\/framework\\/web\\/actions\\/CAction.php\",\"line\":109,\"class\":\"ReflectionMethod\",\"method\":\"invokeArgs\",\"args\":\"Craft\\\\TemplatesController, array(\\\"_pages\\/journal\\\", array(\\\"entry\\\" => Craft\\\\EntryModel))\"},{\"objectClass\":\"CInlineAction\",\"file\":\"\\/Users\\/magnus\\/Localhost\\/credocraft\\/craft\\/app\\/framework\\/web\\/actions\\/CInlineAction.php\",\"line\":47,\"class\":\"CAction\",\"method\":\"runWithParamsInternal\",\"args\":\"Craft\\\\TemplatesController, ReflectionMethod, array(\\\"variables\\\" => array(\\\"entry\\\" => Craft\\\\EntryModel), \\\"template\\\" => \\\"_pages\\/journal\\\")\"},{\"objectClass\":\"CInlineAction\",\"file\":\"\\/Users\\/magnus\\/Localhost\\/credocraft\\/craft\\/app\\/framework\\/web\\/CController.php\",\"line\":308,\"class\":\"CInlineAction\",\"method\":\"runWithParams\",\"args\":\"array(\\\"variables\\\" => array(\\\"entry\\\" => Craft\\\\EntryModel), \\\"template\\\" => \\\"_pages\\/journal\\\")\"},{\"objectClass\":\"Craft\\\\TemplatesController\",\"file\":\"\\/Users\\/magnus\\/Localhost\\/credocraft\\/craft\\/app\\/framework\\/web\\/CController.php\",\"line\":286,\"class\":\"CController\",\"method\":\"runAction\",\"args\":\"CInlineAction\"},{\"objectClass\":\"Craft\\\\TemplatesController\",\"file\":\"\\/Users\\/magnus\\/Localhost\\/credocraft\\/craft\\/app\\/framework\\/web\\/CController.php\",\"line\":265,\"class\":\"CController\",\"method\":\"runActionWithFilters\",\"args\":\"CInlineAction, array()\"},{\"objectClass\":\"Craft\\\\TemplatesController\",\"file\":\"\\/Users\\/magnus\\/Localhost\\/credocraft\\/craft\\/app\\/framework\\/web\\/CWebApplication.php\",\"line\":282,\"class\":\"CController\",\"method\":\"run\",\"args\":\"\\\"render\\\"\"},{\"objectClass\":\"Craft\\\\WebApp\",\"file\":\"\\/Users\\/magnus\\/Localhost\\/credocraft\\/craft\\/app\\/framework\\/web\\/CWebApplication.php\",\"line\":141,\"class\":\"CWebApplication\",\"method\":\"runController\",\"args\":\"\\\"templates\\/render\\\"\"},{\"objectClass\":\"Craft\\\\WebApp\",\"file\":\"\\/Users\\/magnus\\/Localhost\\/credocraft\\/craft\\/app\\/etc\\/web\\/WebApp.php\",\"line\":290,\"class\":\"CWebApplication\",\"method\":\"processRequest\",\"args\":null},{\"objectClass\":\"Craft\\\\WebApp\",\"file\":\"\\/Users\\/magnus\\/Localhost\\/credocraft\\/craft\\/app\\/framework\\/base\\/CApplication.php\",\"line\":185,\"class\":\"Craft\\\\WebApp\",\"method\":\"processRequest\",\"args\":null},{\"objectClass\":\"Craft\\\\WebApp\",\"file\":\"\\/Users\\/magnus\\/Localhost\\/credocraft\\/craft\\/app\\/index.php\",\"line\":62,\"class\":\"CApplication\",\"method\":\"run\",\"args\":null},{\"objectClass\":null,\"file\":\"\\/Users\\/magnus\\/Localhost\\/credocraft\\/html\\/index.php\",\"line\":40,\"class\":null,\"method\":\"require_once\",\"args\":\"\\\"\\/Users\\/magnus\\/Localhost\\/credocraft\\/craft\\/app\\/index.php\\\"\"}]', '2017-09-21 10:13:33', '2017-12-18 12:14:03', '9a9ad26b-2787-4082-bca8-c7d289d19a7e'),
 ('62', 'element_depth_param', 'assets/templates/index.twig:35', '2017-12-18 12:32:03', '/chroot/home/seamsno/skogen.io/html/credo/craft/app/services/ElementsService.php', '1142', 'Craft\\ElementsService', 'buildElementsQuery', 'assets/templates/index.twig', '35', 'The \'depth\' element param has been deprecated. Use \'level\' instead.', '[{\"objectClass\":\"Craft\\\\DeprecatorService\",\"file\":\"\\/chroot\\/home\\/seamsno\\/skogen.io\\/html\\/credo\\/craft\\/app\\/services\\/ElementsService.php\",\"line\":1142,\"class\":\"Craft\\\\DeprecatorService\",\"method\":\"log\",\"args\":\"\\\"element_depth_param\\\", \\\"The \'depth\' element param has been deprecated. Use \'level\' inste...\\\"\"},{\"objectClass\":\"Craft\\\\ElementsService\",\"file\":\"\\/chroot\\/home\\/seamsno\\/skogen.io\\/html\\/credo\\/craft\\/app\\/services\\/ElementsService.php\",\"line\":206,\"class\":\"Craft\\\\ElementsService\",\"method\":\"buildElementsQuery\",\"args\":\"Craft\\\\ElementCriteriaModel, \\\"content\\\", array(array(\\\"handle\\\" => \\\"customOpeningHours\\\", \\\"column\\\" => \\\"field_customOpeningHours\\\"), array(\\\"handle\\\" => \\\"settingImagePosition\\\", \\\"column\\\" => \\\"field_settingImagePosition\\\"), array(\\\"handle\\\" => \\\"standardLeadText\\\", \\\"column\\\" => \\\"field_standardLeadText\\\"), array(\\\"handle\\\" => \\\"standardHeading\\\", \\\"column\\\" => \\\"field_standardHeading\\\")), false\"},{\"objectClass\":\"Craft\\\\ElementsService\",\"file\":\"\\/chroot\\/home\\/seamsno\\/skogen.io\\/html\\/credo\\/craft\\/app\\/models\\/ElementCriteriaModel.php\",\"line\":277,\"class\":\"Craft\\\\ElementsService\",\"method\":\"findElements\",\"args\":\"Craft\\\\ElementCriteriaModel\"},{\"objectClass\":\"Craft\\\\ElementCriteriaModel\",\"file\":\"\\/chroot\\/home\\/seamsno\\/skogen.io\\/html\\/credo\\/craft\\/app\\/models\\/ElementCriteriaModel.php\",\"line\":81,\"class\":\"Craft\\\\ElementCriteriaModel\",\"method\":\"find\",\"args\":null},{\"objectClass\":\"Craft\\\\ElementCriteriaModel\",\"file\":\"\\/chroot\\/home\\/seamsno\\/skogen.io\\/html\\/credo\\/craft\\/storage\\/runtime\\/compiled_templates\\/91\\/917d80e944312784c1432382f166ab3c840e5834b33ab74bcede1601aeaa4982.php\",\"line\":93,\"class\":\"Craft\\\\ElementCriteriaModel\",\"method\":\"getIterator\",\"args\":null},{\"objectClass\":\"__TwigTemplate_2ddaa4f82d75e318af7c14e6f83a763e854e5f10e032f4e375b21f6bac2727f9\",\"file\":\"\\/chroot\\/home\\/seamsno\\/skogen.io\\/html\\/credo\\/craft\\/app\\/vendor\\/twig\\/twig\\/lib\\/Twig\\/Template.php\",\"line\":432,\"class\":\"__TwigTemplate_2ddaa4f82d75e318af7c14e6f83a763e854e5f10e032f4e375b21f6bac2727f9\",\"method\":\"doDisplay\",\"args\":\"array(\\\"user\\\" => Craft\\\\UserModel, \\\"currentUser\\\" => Craft\\\\UserModel, \\\"craft\\\" => Craft\\\\CraftVariable, \\\"blx\\\" => Craft\\\\CraftVariable), array()\"},{\"objectClass\":\"__TwigTemplate_2ddaa4f82d75e318af7c14e6f83a763e854e5f10e032f4e375b21f6bac2727f9\",\"file\":\"\\/chroot\\/home\\/seamsno\\/skogen.io\\/html\\/credo\\/craft\\/app\\/etc\\/templating\\/BaseTemplate.php\",\"line\":26,\"class\":\"Twig_Template\",\"method\":\"displayWithErrorHandling\",\"args\":\"array(\\\"user\\\" => Craft\\\\UserModel, \\\"currentUser\\\" => Craft\\\\UserModel, \\\"craft\\\" => Craft\\\\CraftVariable, \\\"blx\\\" => Craft\\\\CraftVariable), array()\"},{\"objectClass\":\"__TwigTemplate_2ddaa4f82d75e318af7c14e6f83a763e854e5f10e032f4e375b21f6bac2727f9\",\"file\":\"\\/chroot\\/home\\/seamsno\\/skogen.io\\/html\\/credo\\/craft\\/app\\/vendor\\/twig\\/twig\\/lib\\/Twig\\/Template.php\",\"line\":403,\"class\":\"Craft\\\\BaseTemplate\",\"method\":\"displayWithErrorHandling\",\"args\":\"array(\\\"user\\\" => Craft\\\\UserModel, \\\"currentUser\\\" => Craft\\\\UserModel, \\\"craft\\\" => Craft\\\\CraftVariable, \\\"blx\\\" => Craft\\\\CraftVariable), array()\"},{\"objectClass\":\"__TwigTemplate_2ddaa4f82d75e318af7c14e6f83a763e854e5f10e032f4e375b21f6bac2727f9\",\"file\":\"\\/chroot\\/home\\/seamsno\\/skogen.io\\/html\\/credo\\/craft\\/storage\\/runtime\\/compiled_templates\\/ec\\/ec0589c183bb689d913de66bf4f5172c911f4032524c81569a66bdeebd384017.php\",\"line\":85,\"class\":\"Twig_Template\",\"method\":\"display\",\"args\":\"array(\\\"user\\\" => Craft\\\\UserModel, \\\"currentUser\\\" => Craft\\\\UserModel, \\\"craft\\\" => Craft\\\\CraftVariable, \\\"blx\\\" => Craft\\\\CraftVariable)\",\"template\":\"_includes\\/site-header\",\"templateLine\":35},{\"objectClass\":\"__TwigTemplate_492d2009909901f2c615aed0804d543bc7fdc44d5345f1c48c2b5b86067aad2d\",\"file\":\"\\/chroot\\/home\\/seamsno\\/skogen.io\\/html\\/credo\\/craft\\/app\\/vendor\\/twig\\/twig\\/lib\\/Twig\\/Template.php\",\"line\":432,\"class\":\"__TwigTemplate_492d2009909901f2c615aed0804d543bc7fdc44d5345f1c48c2b5b86067aad2d\",\"method\":\"doDisplay\",\"args\":\"array(\\\"user\\\" => Craft\\\\UserModel, \\\"currentUser\\\" => Craft\\\\UserModel, \\\"craft\\\" => Craft\\\\CraftVariable, \\\"blx\\\" => Craft\\\\CraftVariable), array(\\\"content\\\" => array(__TwigTemplate_88a831af891a647fb1fb2d5264a77c24764995b04e1fd3352c0d2ff510fdbc89, \\\"block_content\\\"))\"},{\"objectClass\":\"__TwigTemplate_492d2009909901f2c615aed0804d543bc7fdc44d5345f1c48c2b5b86067aad2d\",\"file\":\"\\/chroot\\/home\\/seamsno\\/skogen.io\\/html\\/credo\\/craft\\/app\\/etc\\/templating\\/BaseTemplate.php\",\"line\":26,\"class\":\"Twig_Template\",\"method\":\"displayWithErrorHandling\",\"args\":\"array(\\\"user\\\" => Craft\\\\UserModel, \\\"currentUser\\\" => Craft\\\\UserModel, \\\"craft\\\" => Craft\\\\CraftVariable, \\\"blx\\\" => Craft\\\\CraftVariable), array(\\\"content\\\" => array(__TwigTemplate_88a831af891a647fb1fb2d5264a77c24764995b04e1fd3352c0d2ff510fdbc89, \\\"block_content\\\"))\"},{\"objectClass\":\"__TwigTemplate_492d2009909901f2c615aed0804d543bc7fdc44d5345f1c48c2b5b86067aad2d\",\"file\":\"\\/chroot\\/home\\/seamsno\\/skogen.io\\/html\\/credo\\/craft\\/app\\/vendor\\/twig\\/twig\\/lib\\/Twig\\/Template.php\",\"line\":403,\"class\":\"Craft\\\\BaseTemplate\",\"method\":\"displayWithErrorHandling\",\"args\":\"array(\\\"user\\\" => Craft\\\\UserModel, \\\"currentUser\\\" => Craft\\\\UserModel, \\\"craft\\\" => Craft\\\\CraftVariable, \\\"blx\\\" => Craft\\\\CraftVariable), array(\\\"content\\\" => array(__TwigTemplate_88a831af891a647fb1fb2d5264a77c24764995b04e1fd3352c0d2ff510fdbc89, \\\"block_content\\\"))\"},{\"objectClass\":\"__TwigTemplate_492d2009909901f2c615aed0804d543bc7fdc44d5345f1c48c2b5b86067aad2d\",\"file\":\"\\/chroot\\/home\\/seamsno\\/skogen.io\\/html\\/credo\\/craft\\/storage\\/runtime\\/compiled_templates\\/f6\\/f685f912de5d6bcd7c387ef810252b0c8e63a99800a41a44f1504ee902332978.php\",\"line\":24,\"class\":\"Twig_Template\",\"method\":\"display\",\"args\":\"array(\\\"user\\\" => Craft\\\\UserModel, \\\"currentUser\\\" => Craft\\\\UserModel, \\\"craft\\\" => Craft\\\\CraftVariable, \\\"blx\\\" => Craft\\\\CraftVariable), array(\\\"content\\\" => array(__TwigTemplate_88a831af891a647fb1fb2d5264a77c24764995b04e1fd3352c0d2ff510fdbc89, \\\"block_content\\\"))\",\"template\":\"_layouts\\/main-layout\",\"templateLine\":2},{\"objectClass\":\"__TwigTemplate_88a831af891a647fb1fb2d5264a77c24764995b04e1fd3352c0d2ff510fdbc89\",\"file\":\"\\/chroot\\/home\\/seamsno\\/skogen.io\\/html\\/credo\\/craft\\/app\\/vendor\\/twig\\/twig\\/lib\\/Twig\\/Template.php\",\"line\":432,\"class\":\"__TwigTemplate_88a831af891a647fb1fb2d5264a77c24764995b04e1fd3352c0d2ff510fdbc89\",\"method\":\"doDisplay\",\"args\":\"array(\\\"user\\\" => Craft\\\\UserModel, \\\"currentUser\\\" => Craft\\\\UserModel, \\\"craft\\\" => Craft\\\\CraftVariable, \\\"blx\\\" => Craft\\\\CraftVariable), array(\\\"content\\\" => array(__TwigTemplate_88a831af891a647fb1fb2d5264a77c24764995b04e1fd3352c0d2ff510fdbc89, \\\"block_content\\\"))\"},{\"objectClass\":\"__TwigTemplate_88a831af891a647fb1fb2d5264a77c24764995b04e1fd3352c0d2ff510fdbc89\",\"file\":\"\\/chroot\\/home\\/seamsno\\/skogen.io\\/html\\/credo\\/craft\\/app\\/etc\\/templating\\/BaseTemplate.php\",\"line\":26,\"class\":\"Twig_Template\",\"method\":\"displayWithErrorHandling\",\"args\":\"array(\\\"user\\\" => Craft\\\\UserModel, \\\"currentUser\\\" => Craft\\\\UserModel, \\\"craft\\\" => Craft\\\\CraftVariable, \\\"blx\\\" => Craft\\\\CraftVariable), array(\\\"content\\\" => array(__TwigTemplate_88a831af891a647fb1fb2d5264a77c24764995b04e1fd3352c0d2ff510fdbc89, \\\"block_content\\\"))\"},{\"objectClass\":\"__TwigTemplate_88a831af891a647fb1fb2d5264a77c24764995b04e1fd3352c0d2ff510fdbc89\",\"file\":\"\\/chroot\\/home\\/seamsno\\/skogen.io\\/html\\/credo\\/craft\\/app\\/vendor\\/twig\\/twig\\/lib\\/Twig\\/Template.php\",\"line\":403,\"class\":\"Craft\\\\BaseTemplate\",\"method\":\"displayWithErrorHandling\",\"args\":\"array(\\\"user\\\" => Craft\\\\UserModel, \\\"currentUser\\\" => Craft\\\\UserModel, \\\"craft\\\" => Craft\\\\CraftVariable, \\\"blx\\\" => Craft\\\\CraftVariable), array(\\\"content\\\" => array(__TwigTemplate_88a831af891a647fb1fb2d5264a77c24764995b04e1fd3352c0d2ff510fdbc89, \\\"block_content\\\"))\"},{\"objectClass\":\"__TwigTemplate_88a831af891a647fb1fb2d5264a77c24764995b04e1fd3352c0d2ff510fdbc89\",\"file\":\"\\/chroot\\/home\\/seamsno\\/skogen.io\\/html\\/credo\\/craft\\/app\\/vendor\\/twig\\/twig\\/lib\\/Twig\\/Template.php\",\"line\":411,\"class\":\"Twig_Template\",\"method\":\"display\",\"args\":\"array()\"},{\"objectClass\":\"__TwigTemplate_88a831af891a647fb1fb2d5264a77c24764995b04e1fd3352c0d2ff510fdbc89\",\"file\":\"\\/chroot\\/home\\/seamsno\\/skogen.io\\/html\\/credo\\/craft\\/app\\/vendor\\/twig\\/twig\\/lib\\/Twig\\/Environment.php\",\"line\":362,\"class\":\"Twig_Template\",\"method\":\"render\",\"args\":\"array()\"},{\"objectClass\":\"Craft\\\\TwigEnvironment\",\"file\":\"\\/chroot\\/home\\/seamsno\\/skogen.io\\/html\\/credo\\/craft\\/app\\/services\\/TemplatesService.php\",\"line\":256,\"class\":\"Twig_Environment\",\"method\":\"render\",\"args\":\"\\\"\\\", array()\"},{\"objectClass\":\"Craft\\\\TemplatesService\",\"file\":\"\\/chroot\\/home\\/seamsno\\/skogen.io\\/html\\/credo\\/craft\\/app\\/controllers\\/BaseController.php\",\"line\":74,\"class\":\"Craft\\\\TemplatesService\",\"method\":\"render\",\"args\":\"\\\"\\\", array()\"},{\"objectClass\":\"Craft\\\\TemplatesController\",\"file\":\"\\/chroot\\/home\\/seamsno\\/skogen.io\\/html\\/credo\\/craft\\/app\\/controllers\\/TemplatesController.php\",\"line\":68,\"class\":\"Craft\\\\BaseController\",\"method\":\"renderTemplate\",\"args\":\"\\\"\\\", array()\"},{\"objectClass\":\"Craft\\\\TemplatesController\",\"file\":null,\"line\":null,\"class\":\"Craft\\\\TemplatesController\",\"method\":\"actionRender\",\"args\":\"\\\"\\\", array()\"},{\"objectClass\":\"ReflectionMethod\",\"file\":\"\\/chroot\\/home\\/seamsno\\/skogen.io\\/html\\/credo\\/craft\\/app\\/framework\\/web\\/actions\\/CAction.php\",\"line\":109,\"class\":\"ReflectionMethod\",\"method\":\"invokeArgs\",\"args\":\"Craft\\\\TemplatesController, array(\\\"\\\", array())\"},{\"objectClass\":\"CInlineAction\",\"file\":\"\\/chroot\\/home\\/seamsno\\/skogen.io\\/html\\/credo\\/craft\\/app\\/framework\\/web\\/actions\\/CInlineAction.php\",\"line\":47,\"class\":\"CAction\",\"method\":\"runWithParamsInternal\",\"args\":\"Craft\\\\TemplatesController, ReflectionMethod, array(\\\"variables\\\" => array(), \\\"template\\\" => \\\"\\\")\"},{\"objectClass\":\"CInlineAction\",\"file\":\"\\/chroot\\/home\\/seamsno\\/skogen.io\\/html\\/credo\\/craft\\/app\\/framework\\/web\\/CController.php\",\"line\":308,\"class\":\"CInlineAction\",\"method\":\"runWithParams\",\"args\":\"array(\\\"variables\\\" => array(), \\\"template\\\" => \\\"\\\")\"},{\"objectClass\":\"Craft\\\\TemplatesController\",\"file\":\"\\/chroot\\/home\\/seamsno\\/skogen.io\\/html\\/credo\\/craft\\/app\\/framework\\/web\\/CController.php\",\"line\":286,\"class\":\"CController\",\"method\":\"runAction\",\"args\":\"CInlineAction\"},{\"objectClass\":\"Craft\\\\TemplatesController\",\"file\":\"\\/chroot\\/home\\/seamsno\\/skogen.io\\/html\\/credo\\/craft\\/app\\/framework\\/web\\/CController.php\",\"line\":265,\"class\":\"CController\",\"method\":\"runActionWithFilters\",\"args\":\"CInlineAction, array()\"},{\"objectClass\":\"Craft\\\\TemplatesController\",\"file\":\"\\/chroot\\/home\\/seamsno\\/skogen.io\\/html\\/credo\\/craft\\/app\\/framework\\/web\\/CWebApplication.php\",\"line\":282,\"class\":\"CController\",\"method\":\"run\",\"args\":\"\\\"render\\\"\"},{\"objectClass\":\"Craft\\\\WebApp\",\"file\":\"\\/chroot\\/home\\/seamsno\\/skogen.io\\/html\\/credo\\/craft\\/app\\/framework\\/web\\/CWebApplication.php\",\"line\":141,\"class\":\"CWebApplication\",\"method\":\"runController\",\"args\":\"\\\"templates\\/render\\\"\"},{\"objectClass\":\"Craft\\\\WebApp\",\"file\":\"\\/chroot\\/home\\/seamsno\\/skogen.io\\/html\\/credo\\/craft\\/app\\/etc\\/web\\/WebApp.php\",\"line\":290,\"class\":\"CWebApplication\",\"method\":\"processRequest\",\"args\":null},{\"objectClass\":\"Craft\\\\WebApp\",\"file\":\"\\/chroot\\/home\\/seamsno\\/skogen.io\\/html\\/credo\\/craft\\/app\\/framework\\/base\\/CApplication.php\",\"line\":185,\"class\":\"Craft\\\\WebApp\",\"method\":\"processRequest\",\"args\":null},{\"objectClass\":\"Craft\\\\WebApp\",\"file\":\"\\/chroot\\/home\\/seamsno\\/skogen.io\\/html\\/credo\\/craft\\/app\\/index.php\",\"line\":62,\"class\":\"CApplication\",\"method\":\"run\",\"args\":null},{\"objectClass\":null,\"file\":\"\\/chroot\\/home\\/seamsno\\/skogen.io\\/html\\/credo\\/index.php\",\"line\":40,\"class\":null,\"method\":\"require_once\",\"args\":\"\\\"\\/chroot\\/home\\/seamsno\\/skogen.io\\/html\\/credo\\/craft\\/app\\/index.php\\\"\"}]', '2017-09-21 10:15:26', '2017-12-18 12:32:03', '91d1992d-4a95-4257-8be2-5ab11fef2a92'),
 ('765', 'element_depth_param', 'assets/templates/_pages/content.twig:29', '2018-01-10 14:36:39', '/chroot/home/seamsno/skogen.io/html/credo/craft/app/services/ElementsService.php', '1142', 'Craft\\ElementsService', 'buildElementsQuery', 'assets/templates/_pages/content.twig', '29', 'The \'depth\' element param has been deprecated. Use \'level\' instead.', '[{\"objectClass\":\"Craft\\\\DeprecatorService\",\"file\":\"\\/chroot\\/home\\/seamsno\\/skogen.io\\/html\\/credo\\/craft\\/app\\/services\\/ElementsService.php\",\"line\":1142,\"class\":\"Craft\\\\DeprecatorService\",\"method\":\"log\",\"args\":\"\\\"element_depth_param\\\", \\\"The \'depth\' element param has been deprecated. Use \'level\' inste...\\\"\"},{\"objectClass\":\"Craft\\\\ElementsService\",\"file\":\"\\/chroot\\/home\\/seamsno\\/skogen.io\\/html\\/credo\\/craft\\/app\\/services\\/ElementsService.php\",\"line\":206,\"class\":\"Craft\\\\ElementsService\",\"method\":\"buildElementsQuery\",\"args\":\"Craft\\\\ElementCriteriaModel, \\\"content\\\", array(array(\\\"handle\\\" => \\\"customOpeningHours\\\", \\\"column\\\" => \\\"field_customOpeningHours\\\"), array(\\\"handle\\\" => \\\"settingImagePosition\\\", \\\"column\\\" => \\\"field_settingImagePosition\\\"), array(\\\"handle\\\" => \\\"standardLeadText\\\", \\\"column\\\" => \\\"field_standardLeadText\\\"), array(\\\"handle\\\" => \\\"standardHeading\\\", \\\"column\\\" => \\\"field_standardHeading\\\")), false\"},{\"objectClass\":\"Craft\\\\ElementsService\",\"file\":\"\\/chroot\\/home\\/seamsno\\/skogen.io\\/html\\/credo\\/craft\\/app\\/models\\/ElementCriteriaModel.php\",\"line\":277,\"class\":\"Craft\\\\ElementsService\",\"method\":\"findElements\",\"args\":\"Craft\\\\ElementCriteriaModel\"},{\"objectClass\":\"Craft\\\\ElementCriteriaModel\",\"file\":\"\\/chroot\\/home\\/seamsno\\/skogen.io\\/html\\/credo\\/craft\\/app\\/models\\/ElementCriteriaModel.php\",\"line\":81,\"class\":\"Craft\\\\ElementCriteriaModel\",\"method\":\"find\",\"args\":null},{\"objectClass\":\"Craft\\\\ElementCriteriaModel\",\"file\":\"\\/chroot\\/home\\/seamsno\\/skogen.io\\/html\\/credo\\/craft\\/storage\\/runtime\\/compiled_templates\\/91\\/917d80e944312784c1432382f166ab3c840e5834b33ab74bcede1601aeaa4982.php\",\"line\":113,\"class\":\"Craft\\\\ElementCriteriaModel\",\"method\":\"getIterator\",\"args\":null},{\"objectClass\":\"__TwigTemplate_2ddaa4f82d75e318af7c14e6f83a763e854e5f10e032f4e375b21f6bac2727f9\",\"file\":\"\\/chroot\\/home\\/seamsno\\/skogen.io\\/html\\/credo\\/craft\\/app\\/vendor\\/twig\\/twig\\/lib\\/Twig\\/Template.php\",\"line\":432,\"class\":\"__TwigTemplate_2ddaa4f82d75e318af7c14e6f83a763e854e5f10e032f4e375b21f6bac2727f9\",\"method\":\"doDisplay\",\"args\":\"array(\\\"entry\\\" => Craft\\\\EntryModel, \\\"user\\\" => Craft\\\\UserModel, \\\"currentUser\\\" => Craft\\\\UserModel, \\\"craft\\\" => Craft\\\\CraftVariable), array()\"},{\"objectClass\":\"__TwigTemplate_2ddaa4f82d75e318af7c14e6f83a763e854e5f10e032f4e375b21f6bac2727f9\",\"file\":\"\\/chroot\\/home\\/seamsno\\/skogen.io\\/html\\/credo\\/craft\\/app\\/etc\\/templating\\/BaseTemplate.php\",\"line\":26,\"class\":\"Twig_Template\",\"method\":\"displayWithErrorHandling\",\"args\":\"array(\\\"entry\\\" => Craft\\\\EntryModel, \\\"user\\\" => Craft\\\\UserModel, \\\"currentUser\\\" => Craft\\\\UserModel, \\\"craft\\\" => Craft\\\\CraftVariable), array()\"},{\"objectClass\":\"__TwigTemplate_2ddaa4f82d75e318af7c14e6f83a763e854e5f10e032f4e375b21f6bac2727f9\",\"file\":\"\\/chroot\\/home\\/seamsno\\/skogen.io\\/html\\/credo\\/craft\\/app\\/vendor\\/twig\\/twig\\/lib\\/Twig\\/Template.php\",\"line\":403,\"class\":\"Craft\\\\BaseTemplate\",\"method\":\"displayWithErrorHandling\",\"args\":\"array(\\\"entry\\\" => Craft\\\\EntryModel, \\\"user\\\" => Craft\\\\UserModel, \\\"currentUser\\\" => Craft\\\\UserModel, \\\"craft\\\" => Craft\\\\CraftVariable), array()\"},{\"objectClass\":\"__TwigTemplate_2ddaa4f82d75e318af7c14e6f83a763e854e5f10e032f4e375b21f6bac2727f9\",\"file\":\"\\/chroot\\/home\\/seamsno\\/skogen.io\\/html\\/credo\\/craft\\/storage\\/runtime\\/compiled_templates\\/ec\\/ec0589c183bb689d913de66bf4f5172c911f4032524c81569a66bdeebd384017.php\",\"line\":95,\"class\":\"Twig_Template\",\"method\":\"display\",\"args\":\"array(\\\"entry\\\" => Craft\\\\EntryModel, \\\"user\\\" => Craft\\\\UserModel, \\\"currentUser\\\" => Craft\\\\UserModel, \\\"craft\\\" => Craft\\\\CraftVariable)\",\"template\":\"_includes\\/site-header\",\"templateLine\":29},{\"objectClass\":\"__TwigTemplate_492d2009909901f2c615aed0804d543bc7fdc44d5345f1c48c2b5b86067aad2d\",\"file\":\"\\/chroot\\/home\\/seamsno\\/skogen.io\\/html\\/credo\\/craft\\/app\\/vendor\\/twig\\/twig\\/lib\\/Twig\\/Template.php\",\"line\":432,\"class\":\"__TwigTemplate_492d2009909901f2c615aed0804d543bc7fdc44d5345f1c48c2b5b86067aad2d\",\"method\":\"doDisplay\",\"args\":\"array(\\\"entry\\\" => Craft\\\\EntryModel, \\\"user\\\" => Craft\\\\UserModel, \\\"currentUser\\\" => Craft\\\\UserModel, \\\"craft\\\" => Craft\\\\CraftVariable), array(\\\"content\\\" => array(__TwigTemplate_eea64b7ab250c91b9c6c9287c07274a33d77d550436d00e986eb770033f56435, \\\"block_content\\\"))\"},{\"objectClass\":\"__TwigTemplate_492d2009909901f2c615aed0804d543bc7fdc44d5345f1c48c2b5b86067aad2d\",\"file\":\"\\/chroot\\/home\\/seamsno\\/skogen.io\\/html\\/credo\\/craft\\/app\\/etc\\/templating\\/BaseTemplate.php\",\"line\":26,\"class\":\"Twig_Template\",\"method\":\"displayWithErrorHandling\",\"args\":\"array(\\\"entry\\\" => Craft\\\\EntryModel, \\\"user\\\" => Craft\\\\UserModel, \\\"currentUser\\\" => Craft\\\\UserModel, \\\"craft\\\" => Craft\\\\CraftVariable), array(\\\"content\\\" => array(__TwigTemplate_eea64b7ab250c91b9c6c9287c07274a33d77d550436d00e986eb770033f56435, \\\"block_content\\\"))\"},{\"objectClass\":\"__TwigTemplate_492d2009909901f2c615aed0804d543bc7fdc44d5345f1c48c2b5b86067aad2d\",\"file\":\"\\/chroot\\/home\\/seamsno\\/skogen.io\\/html\\/credo\\/craft\\/app\\/vendor\\/twig\\/twig\\/lib\\/Twig\\/Template.php\",\"line\":403,\"class\":\"Craft\\\\BaseTemplate\",\"method\":\"displayWithErrorHandling\",\"args\":\"array(\\\"entry\\\" => Craft\\\\EntryModel, \\\"user\\\" => Craft\\\\UserModel, \\\"currentUser\\\" => Craft\\\\UserModel, \\\"craft\\\" => Craft\\\\CraftVariable), array(\\\"content\\\" => array(__TwigTemplate_eea64b7ab250c91b9c6c9287c07274a33d77d550436d00e986eb770033f56435, \\\"block_content\\\"))\"},{\"objectClass\":\"__TwigTemplate_492d2009909901f2c615aed0804d543bc7fdc44d5345f1c48c2b5b86067aad2d\",\"file\":\"\\/chroot\\/home\\/seamsno\\/skogen.io\\/html\\/credo\\/craft\\/storage\\/runtime\\/compiled_templates\\/9a\\/9a5d5bdc0a5f54e774d1e538331b069805cdbdfdfd8f7d9f7882cc2048582571.php\",\"line\":33,\"class\":\"Twig_Template\",\"method\":\"display\",\"args\":\"array(\\\"entry\\\" => Craft\\\\EntryModel, \\\"user\\\" => Craft\\\\UserModel, \\\"currentUser\\\" => Craft\\\\UserModel, \\\"craft\\\" => Craft\\\\CraftVariable), array(\\\"content\\\" => array(__TwigTemplate_eea64b7ab250c91b9c6c9287c07274a33d77d550436d00e986eb770033f56435, \\\"block_content\\\"))\",\"template\":\"_layouts\\/main-layout\",\"templateLine\":3},{\"objectClass\":\"__TwigTemplate_eea64b7ab250c91b9c6c9287c07274a33d77d550436d00e986eb770033f56435\",\"file\":\"\\/chroot\\/home\\/seamsno\\/skogen.io\\/html\\/credo\\/craft\\/app\\/vendor\\/twig\\/twig\\/lib\\/Twig\\/Template.php\",\"line\":432,\"class\":\"__TwigTemplate_eea64b7ab250c91b9c6c9287c07274a33d77d550436d00e986eb770033f56435\",\"method\":\"doDisplay\",\"args\":\"array(\\\"entry\\\" => Craft\\\\EntryModel, \\\"user\\\" => Craft\\\\UserModel, \\\"currentUser\\\" => Craft\\\\UserModel, \\\"craft\\\" => Craft\\\\CraftVariable), array(\\\"content\\\" => array(__TwigTemplate_eea64b7ab250c91b9c6c9287c07274a33d77d550436d00e986eb770033f56435, \\\"block_content\\\"))\"},{\"objectClass\":\"__TwigTemplate_eea64b7ab250c91b9c6c9287c07274a33d77d550436d00e986eb770033f56435\",\"file\":\"\\/chroot\\/home\\/seamsno\\/skogen.io\\/html\\/credo\\/craft\\/app\\/etc\\/templating\\/BaseTemplate.php\",\"line\":26,\"class\":\"Twig_Template\",\"method\":\"displayWithErrorHandling\",\"args\":\"array(\\\"entry\\\" => Craft\\\\EntryModel, \\\"user\\\" => Craft\\\\UserModel, \\\"currentUser\\\" => Craft\\\\UserModel, \\\"craft\\\" => Craft\\\\CraftVariable), array(\\\"content\\\" => array(__TwigTemplate_eea64b7ab250c91b9c6c9287c07274a33d77d550436d00e986eb770033f56435, \\\"block_content\\\"))\"},{\"objectClass\":\"__TwigTemplate_eea64b7ab250c91b9c6c9287c07274a33d77d550436d00e986eb770033f56435\",\"file\":\"\\/chroot\\/home\\/seamsno\\/skogen.io\\/html\\/credo\\/craft\\/app\\/vendor\\/twig\\/twig\\/lib\\/Twig\\/Template.php\",\"line\":403,\"class\":\"Craft\\\\BaseTemplate\",\"method\":\"displayWithErrorHandling\",\"args\":\"array(\\\"entry\\\" => Craft\\\\EntryModel, \\\"user\\\" => Craft\\\\UserModel, \\\"currentUser\\\" => Craft\\\\UserModel, \\\"craft\\\" => Craft\\\\CraftVariable), array(\\\"content\\\" => array(__TwigTemplate_eea64b7ab250c91b9c6c9287c07274a33d77d550436d00e986eb770033f56435, \\\"block_content\\\"))\"},{\"objectClass\":\"__TwigTemplate_eea64b7ab250c91b9c6c9287c07274a33d77d550436d00e986eb770033f56435\",\"file\":\"\\/chroot\\/home\\/seamsno\\/skogen.io\\/html\\/credo\\/craft\\/app\\/vendor\\/twig\\/twig\\/lib\\/Twig\\/Template.php\",\"line\":411,\"class\":\"Twig_Template\",\"method\":\"display\",\"args\":\"array(\\\"entry\\\" => Craft\\\\EntryModel)\"},{\"objectClass\":\"__TwigTemplate_eea64b7ab250c91b9c6c9287c07274a33d77d550436d00e986eb770033f56435\",\"file\":\"\\/chroot\\/home\\/seamsno\\/skogen.io\\/html\\/credo\\/craft\\/app\\/vendor\\/twig\\/twig\\/lib\\/Twig\\/Environment.php\",\"line\":362,\"class\":\"Twig_Template\",\"method\":\"render\",\"args\":\"array(\\\"entry\\\" => Craft\\\\EntryModel)\"},{\"objectClass\":\"Craft\\\\TwigEnvironment\",\"file\":\"\\/chroot\\/home\\/seamsno\\/skogen.io\\/html\\/credo\\/craft\\/app\\/services\\/TemplatesService.php\",\"line\":256,\"class\":\"Twig_Environment\",\"method\":\"render\",\"args\":\"\\\"_pages\\/content\\\", array(\\\"entry\\\" => Craft\\\\EntryModel)\"},{\"objectClass\":\"Craft\\\\TemplatesService\",\"file\":\"\\/chroot\\/home\\/seamsno\\/skogen.io\\/html\\/credo\\/craft\\/app\\/controllers\\/BaseController.php\",\"line\":74,\"class\":\"Craft\\\\TemplatesService\",\"method\":\"render\",\"args\":\"\\\"_pages\\/content\\\", array(\\\"entry\\\" => Craft\\\\EntryModel)\"},{\"objectClass\":\"Craft\\\\TemplatesController\",\"file\":\"\\/chroot\\/home\\/seamsno\\/skogen.io\\/html\\/credo\\/craft\\/app\\/controllers\\/TemplatesController.php\",\"line\":68,\"class\":\"Craft\\\\BaseController\",\"method\":\"renderTemplate\",\"args\":\"\\\"_pages\\/content\\\", array(\\\"entry\\\" => Craft\\\\EntryModel)\"},{\"objectClass\":\"Craft\\\\TemplatesController\",\"file\":null,\"line\":null,\"class\":\"Craft\\\\TemplatesController\",\"method\":\"actionRender\",\"args\":\"\\\"_pages\\/content\\\", array(\\\"entry\\\" => Craft\\\\EntryModel)\"},{\"objectClass\":\"ReflectionMethod\",\"file\":\"\\/chroot\\/home\\/seamsno\\/skogen.io\\/html\\/credo\\/craft\\/app\\/framework\\/web\\/actions\\/CAction.php\",\"line\":109,\"class\":\"ReflectionMethod\",\"method\":\"invokeArgs\",\"args\":\"Craft\\\\TemplatesController, array(\\\"_pages\\/content\\\", array(\\\"entry\\\" => Craft\\\\EntryModel))\"},{\"objectClass\":\"CInlineAction\",\"file\":\"\\/chroot\\/home\\/seamsno\\/skogen.io\\/html\\/credo\\/craft\\/app\\/framework\\/web\\/actions\\/CInlineAction.php\",\"line\":47,\"class\":\"CAction\",\"method\":\"runWithParamsInternal\",\"args\":\"Craft\\\\TemplatesController, ReflectionMethod, array(\\\"variables\\\" => array(\\\"entry\\\" => Craft\\\\EntryModel), \\\"template\\\" => \\\"_pages\\/content\\\")\"},{\"objectClass\":\"CInlineAction\",\"file\":\"\\/chroot\\/home\\/seamsno\\/skogen.io\\/html\\/credo\\/craft\\/app\\/framework\\/web\\/CController.php\",\"line\":308,\"class\":\"CInlineAction\",\"method\":\"runWithParams\",\"args\":\"array(\\\"variables\\\" => array(\\\"entry\\\" => Craft\\\\EntryModel), \\\"template\\\" => \\\"_pages\\/content\\\")\"},{\"objectClass\":\"Craft\\\\TemplatesController\",\"file\":\"\\/chroot\\/home\\/seamsno\\/skogen.io\\/html\\/credo\\/craft\\/app\\/framework\\/web\\/CController.php\",\"line\":286,\"class\":\"CController\",\"method\":\"runAction\",\"args\":\"CInlineAction\"},{\"objectClass\":\"Craft\\\\TemplatesController\",\"file\":\"\\/chroot\\/home\\/seamsno\\/skogen.io\\/html\\/credo\\/craft\\/app\\/framework\\/web\\/CController.php\",\"line\":265,\"class\":\"CController\",\"method\":\"runActionWithFilters\",\"args\":\"CInlineAction, array()\"},{\"objectClass\":\"Craft\\\\TemplatesController\",\"file\":\"\\/chroot\\/home\\/seamsno\\/skogen.io\\/html\\/credo\\/craft\\/app\\/framework\\/web\\/CWebApplication.php\",\"line\":282,\"class\":\"CController\",\"method\":\"run\",\"args\":\"\\\"render\\\"\"},{\"objectClass\":\"Craft\\\\WebApp\",\"file\":\"\\/chroot\\/home\\/seamsno\\/skogen.io\\/html\\/credo\\/craft\\/app\\/framework\\/web\\/CWebApplication.php\",\"line\":141,\"class\":\"CWebApplication\",\"method\":\"runController\",\"args\":\"\\\"templates\\/render\\\"\"},{\"objectClass\":\"Craft\\\\WebApp\",\"file\":\"\\/chroot\\/home\\/seamsno\\/skogen.io\\/html\\/credo\\/craft\\/app\\/etc\\/web\\/WebApp.php\",\"line\":290,\"class\":\"CWebApplication\",\"method\":\"processRequest\",\"args\":null},{\"objectClass\":\"Craft\\\\WebApp\",\"file\":\"\\/chroot\\/home\\/seamsno\\/skogen.io\\/html\\/credo\\/craft\\/app\\/framework\\/base\\/CApplication.php\",\"line\":185,\"class\":\"Craft\\\\WebApp\",\"method\":\"processRequest\",\"args\":null},{\"objectClass\":\"Craft\\\\WebApp\",\"file\":\"\\/chroot\\/home\\/seamsno\\/skogen.io\\/html\\/credo\\/craft\\/app\\/index.php\",\"line\":62,\"class\":\"CApplication\",\"method\":\"run\",\"args\":null},{\"objectClass\":null,\"file\":\"\\/chroot\\/home\\/seamsno\\/skogen.io\\/html\\/credo\\/index.php\",\"line\":40,\"class\":null,\"method\":\"require_once\",\"args\":\"\\\"\\/chroot\\/home\\/seamsno\\/skogen.io\\/html\\/credo\\/craft\\/app\\/index.php\\\"\"}]', '2017-12-18 12:51:48', '2018-01-10 14:36:39', '55f24801-396e-4836-88bb-8e235f6a5db2'),
 ('771', 'element_depth_param', 'assets/templates/_pages/journal.twig:29', '2018-01-10 14:13:09', '/chroot/home/seamsno/skogen.io/html/credo/craft/app/services/ElementsService.php', '1142', 'Craft\\ElementsService', 'buildElementsQuery', 'assets/templates/_pages/journal.twig', '29', 'The \'depth\' element param has been deprecated. Use \'level\' instead.', '[{\"objectClass\":\"Craft\\\\DeprecatorService\",\"file\":\"\\/chroot\\/home\\/seamsno\\/skogen.io\\/html\\/credo\\/craft\\/app\\/services\\/ElementsService.php\",\"line\":1142,\"class\":\"Craft\\\\DeprecatorService\",\"method\":\"log\",\"args\":\"\\\"element_depth_param\\\", \\\"The \'depth\' element param has been deprecated. Use \'level\' inste...\\\"\"},{\"objectClass\":\"Craft\\\\ElementsService\",\"file\":\"\\/chroot\\/home\\/seamsno\\/skogen.io\\/html\\/credo\\/craft\\/app\\/services\\/ElementsService.php\",\"line\":206,\"class\":\"Craft\\\\ElementsService\",\"method\":\"buildElementsQuery\",\"args\":\"Craft\\\\ElementCriteriaModel, \\\"content\\\", array(array(\\\"handle\\\" => \\\"customOpeningHours\\\", \\\"column\\\" => \\\"field_customOpeningHours\\\"), array(\\\"handle\\\" => \\\"settingImagePosition\\\", \\\"column\\\" => \\\"field_settingImagePosition\\\"), array(\\\"handle\\\" => \\\"standardLeadText\\\", \\\"column\\\" => \\\"field_standardLeadText\\\"), array(\\\"handle\\\" => \\\"standardHeading\\\", \\\"column\\\" => \\\"field_standardHeading\\\")), false\"},{\"objectClass\":\"Craft\\\\ElementsService\",\"file\":\"\\/chroot\\/home\\/seamsno\\/skogen.io\\/html\\/credo\\/craft\\/app\\/models\\/ElementCriteriaModel.php\",\"line\":277,\"class\":\"Craft\\\\ElementsService\",\"method\":\"findElements\",\"args\":\"Craft\\\\ElementCriteriaModel\"},{\"objectClass\":\"Craft\\\\ElementCriteriaModel\",\"file\":\"\\/chroot\\/home\\/seamsno\\/skogen.io\\/html\\/credo\\/craft\\/app\\/models\\/ElementCriteriaModel.php\",\"line\":81,\"class\":\"Craft\\\\ElementCriteriaModel\",\"method\":\"find\",\"args\":null},{\"objectClass\":\"Craft\\\\ElementCriteriaModel\",\"file\":\"\\/chroot\\/home\\/seamsno\\/skogen.io\\/html\\/credo\\/craft\\/storage\\/runtime\\/compiled_templates\\/91\\/917d80e944312784c1432382f166ab3c840e5834b33ab74bcede1601aeaa4982.php\",\"line\":113,\"class\":\"Craft\\\\ElementCriteriaModel\",\"method\":\"getIterator\",\"args\":null},{\"objectClass\":\"__TwigTemplate_2ddaa4f82d75e318af7c14e6f83a763e854e5f10e032f4e375b21f6bac2727f9\",\"file\":\"\\/chroot\\/home\\/seamsno\\/skogen.io\\/html\\/credo\\/craft\\/app\\/vendor\\/twig\\/twig\\/lib\\/Twig\\/Template.php\",\"line\":432,\"class\":\"__TwigTemplate_2ddaa4f82d75e318af7c14e6f83a763e854e5f10e032f4e375b21f6bac2727f9\",\"method\":\"doDisplay\",\"args\":\"array(\\\"entry\\\" => Craft\\\\EntryModel, \\\"user\\\" => Craft\\\\UserModel, \\\"currentUser\\\" => Craft\\\\UserModel, \\\"craft\\\" => Craft\\\\CraftVariable), array()\"},{\"objectClass\":\"__TwigTemplate_2ddaa4f82d75e318af7c14e6f83a763e854e5f10e032f4e375b21f6bac2727f9\",\"file\":\"\\/chroot\\/home\\/seamsno\\/skogen.io\\/html\\/credo\\/craft\\/app\\/etc\\/templating\\/BaseTemplate.php\",\"line\":26,\"class\":\"Twig_Template\",\"method\":\"displayWithErrorHandling\",\"args\":\"array(\\\"entry\\\" => Craft\\\\EntryModel, \\\"user\\\" => Craft\\\\UserModel, \\\"currentUser\\\" => Craft\\\\UserModel, \\\"craft\\\" => Craft\\\\CraftVariable), array()\"},{\"objectClass\":\"__TwigTemplate_2ddaa4f82d75e318af7c14e6f83a763e854e5f10e032f4e375b21f6bac2727f9\",\"file\":\"\\/chroot\\/home\\/seamsno\\/skogen.io\\/html\\/credo\\/craft\\/app\\/vendor\\/twig\\/twig\\/lib\\/Twig\\/Template.php\",\"line\":403,\"class\":\"Craft\\\\BaseTemplate\",\"method\":\"displayWithErrorHandling\",\"args\":\"array(\\\"entry\\\" => Craft\\\\EntryModel, \\\"user\\\" => Craft\\\\UserModel, \\\"currentUser\\\" => Craft\\\\UserModel, \\\"craft\\\" => Craft\\\\CraftVariable), array()\"},{\"objectClass\":\"__TwigTemplate_2ddaa4f82d75e318af7c14e6f83a763e854e5f10e032f4e375b21f6bac2727f9\",\"file\":\"\\/chroot\\/home\\/seamsno\\/skogen.io\\/html\\/credo\\/craft\\/storage\\/runtime\\/compiled_templates\\/ec\\/ec0589c183bb689d913de66bf4f5172c911f4032524c81569a66bdeebd384017.php\",\"line\":95,\"class\":\"Twig_Template\",\"method\":\"display\",\"args\":\"array(\\\"entry\\\" => Craft\\\\EntryModel, \\\"user\\\" => Craft\\\\UserModel, \\\"currentUser\\\" => Craft\\\\UserModel, \\\"craft\\\" => Craft\\\\CraftVariable)\",\"template\":\"_includes\\/site-header\",\"templateLine\":29},{\"objectClass\":\"__TwigTemplate_492d2009909901f2c615aed0804d543bc7fdc44d5345f1c48c2b5b86067aad2d\",\"file\":\"\\/chroot\\/home\\/seamsno\\/skogen.io\\/html\\/credo\\/craft\\/app\\/vendor\\/twig\\/twig\\/lib\\/Twig\\/Template.php\",\"line\":432,\"class\":\"__TwigTemplate_492d2009909901f2c615aed0804d543bc7fdc44d5345f1c48c2b5b86067aad2d\",\"method\":\"doDisplay\",\"args\":\"array(\\\"entry\\\" => Craft\\\\EntryModel, \\\"user\\\" => Craft\\\\UserModel, \\\"currentUser\\\" => Craft\\\\UserModel, \\\"craft\\\" => Craft\\\\CraftVariable), array(\\\"content\\\" => array(__TwigTemplate_53a62571ffb54561938c3002adc84e2baf130b31683fb8f8192684bce1006c46, \\\"block_content\\\"))\"},{\"objectClass\":\"__TwigTemplate_492d2009909901f2c615aed0804d543bc7fdc44d5345f1c48c2b5b86067aad2d\",\"file\":\"\\/chroot\\/home\\/seamsno\\/skogen.io\\/html\\/credo\\/craft\\/app\\/etc\\/templating\\/BaseTemplate.php\",\"line\":26,\"class\":\"Twig_Template\",\"method\":\"displayWithErrorHandling\",\"args\":\"array(\\\"entry\\\" => Craft\\\\EntryModel, \\\"user\\\" => Craft\\\\UserModel, \\\"currentUser\\\" => Craft\\\\UserModel, \\\"craft\\\" => Craft\\\\CraftVariable), array(\\\"content\\\" => array(__TwigTemplate_53a62571ffb54561938c3002adc84e2baf130b31683fb8f8192684bce1006c46, \\\"block_content\\\"))\"},{\"objectClass\":\"__TwigTemplate_492d2009909901f2c615aed0804d543bc7fdc44d5345f1c48c2b5b86067aad2d\",\"file\":\"\\/chroot\\/home\\/seamsno\\/skogen.io\\/html\\/credo\\/craft\\/app\\/vendor\\/twig\\/twig\\/lib\\/Twig\\/Template.php\",\"line\":403,\"class\":\"Craft\\\\BaseTemplate\",\"method\":\"displayWithErrorHandling\",\"args\":\"array(\\\"entry\\\" => Craft\\\\EntryModel, \\\"user\\\" => Craft\\\\UserModel, \\\"currentUser\\\" => Craft\\\\UserModel, \\\"craft\\\" => Craft\\\\CraftVariable), array(\\\"content\\\" => array(__TwigTemplate_53a62571ffb54561938c3002adc84e2baf130b31683fb8f8192684bce1006c46, \\\"block_content\\\"))\"},{\"objectClass\":\"__TwigTemplate_492d2009909901f2c615aed0804d543bc7fdc44d5345f1c48c2b5b86067aad2d\",\"file\":\"\\/chroot\\/home\\/seamsno\\/skogen.io\\/html\\/credo\\/craft\\/storage\\/runtime\\/compiled_templates\\/c6\\/c6502f0b8c2d3ab0dc8075b4834f289946045847834d94c12b13c66572f32cf2.php\",\"line\":29,\"class\":\"Twig_Template\",\"method\":\"display\",\"args\":\"array(\\\"entry\\\" => Craft\\\\EntryModel, \\\"user\\\" => Craft\\\\UserModel, \\\"currentUser\\\" => Craft\\\\UserModel, \\\"craft\\\" => Craft\\\\CraftVariable), array(\\\"content\\\" => array(__TwigTemplate_53a62571ffb54561938c3002adc84e2baf130b31683fb8f8192684bce1006c46, \\\"block_content\\\"))\",\"template\":\"_layouts\\/main-layout\",\"templateLine\":2},{\"objectClass\":\"__TwigTemplate_53a62571ffb54561938c3002adc84e2baf130b31683fb8f8192684bce1006c46\",\"file\":\"\\/chroot\\/home\\/seamsno\\/skogen.io\\/html\\/credo\\/craft\\/app\\/vendor\\/twig\\/twig\\/lib\\/Twig\\/Template.php\",\"line\":432,\"class\":\"__TwigTemplate_53a62571ffb54561938c3002adc84e2baf130b31683fb8f8192684bce1006c46\",\"method\":\"doDisplay\",\"args\":\"array(\\\"entry\\\" => Craft\\\\EntryModel, \\\"user\\\" => Craft\\\\UserModel, \\\"currentUser\\\" => Craft\\\\UserModel, \\\"craft\\\" => Craft\\\\CraftVariable), array(\\\"content\\\" => array(__TwigTemplate_53a62571ffb54561938c3002adc84e2baf130b31683fb8f8192684bce1006c46, \\\"block_content\\\"))\"},{\"objectClass\":\"__TwigTemplate_53a62571ffb54561938c3002adc84e2baf130b31683fb8f8192684bce1006c46\",\"file\":\"\\/chroot\\/home\\/seamsno\\/skogen.io\\/html\\/credo\\/craft\\/app\\/etc\\/templating\\/BaseTemplate.php\",\"line\":26,\"class\":\"Twig_Template\",\"method\":\"displayWithErrorHandling\",\"args\":\"array(\\\"entry\\\" => Craft\\\\EntryModel, \\\"user\\\" => Craft\\\\UserModel, \\\"currentUser\\\" => Craft\\\\UserModel, \\\"craft\\\" => Craft\\\\CraftVariable), array(\\\"content\\\" => array(__TwigTemplate_53a62571ffb54561938c3002adc84e2baf130b31683fb8f8192684bce1006c46, \\\"block_content\\\"))\"},{\"objectClass\":\"__TwigTemplate_53a62571ffb54561938c3002adc84e2baf130b31683fb8f8192684bce1006c46\",\"file\":\"\\/chroot\\/home\\/seamsno\\/skogen.io\\/html\\/credo\\/craft\\/app\\/vendor\\/twig\\/twig\\/lib\\/Twig\\/Template.php\",\"line\":403,\"class\":\"Craft\\\\BaseTemplate\",\"method\":\"displayWithErrorHandling\",\"args\":\"array(\\\"entry\\\" => Craft\\\\EntryModel, \\\"user\\\" => Craft\\\\UserModel, \\\"currentUser\\\" => Craft\\\\UserModel, \\\"craft\\\" => Craft\\\\CraftVariable), array(\\\"content\\\" => array(__TwigTemplate_53a62571ffb54561938c3002adc84e2baf130b31683fb8f8192684bce1006c46, \\\"block_content\\\"))\"},{\"objectClass\":\"__TwigTemplate_53a62571ffb54561938c3002adc84e2baf130b31683fb8f8192684bce1006c46\",\"file\":\"\\/chroot\\/home\\/seamsno\\/skogen.io\\/html\\/credo\\/craft\\/app\\/vendor\\/twig\\/twig\\/lib\\/Twig\\/Template.php\",\"line\":411,\"class\":\"Twig_Template\",\"method\":\"display\",\"args\":\"array(\\\"entry\\\" => Craft\\\\EntryModel)\"},{\"objectClass\":\"__TwigTemplate_53a62571ffb54561938c3002adc84e2baf130b31683fb8f8192684bce1006c46\",\"file\":\"\\/chroot\\/home\\/seamsno\\/skogen.io\\/html\\/credo\\/craft\\/app\\/vendor\\/twig\\/twig\\/lib\\/Twig\\/Environment.php\",\"line\":362,\"class\":\"Twig_Template\",\"method\":\"render\",\"args\":\"array(\\\"entry\\\" => Craft\\\\EntryModel)\"},{\"objectClass\":\"Craft\\\\TwigEnvironment\",\"file\":\"\\/chroot\\/home\\/seamsno\\/skogen.io\\/html\\/credo\\/craft\\/app\\/services\\/TemplatesService.php\",\"line\":256,\"class\":\"Twig_Environment\",\"method\":\"render\",\"args\":\"\\\"_pages\\/journal\\\", array(\\\"entry\\\" => Craft\\\\EntryModel)\"},{\"objectClass\":\"Craft\\\\TemplatesService\",\"file\":\"\\/chroot\\/home\\/seamsno\\/skogen.io\\/html\\/credo\\/craft\\/app\\/controllers\\/BaseController.php\",\"line\":74,\"class\":\"Craft\\\\TemplatesService\",\"method\":\"render\",\"args\":\"\\\"_pages\\/journal\\\", array(\\\"entry\\\" => Craft\\\\EntryModel)\"},{\"objectClass\":\"Craft\\\\TemplatesController\",\"file\":\"\\/chroot\\/home\\/seamsno\\/skogen.io\\/html\\/credo\\/craft\\/app\\/controllers\\/TemplatesController.php\",\"line\":68,\"class\":\"Craft\\\\BaseController\",\"method\":\"renderTemplate\",\"args\":\"\\\"_pages\\/journal\\\", array(\\\"entry\\\" => Craft\\\\EntryModel)\"},{\"objectClass\":\"Craft\\\\TemplatesController\",\"file\":null,\"line\":null,\"class\":\"Craft\\\\TemplatesController\",\"method\":\"actionRender\",\"args\":\"\\\"_pages\\/journal\\\", array(\\\"entry\\\" => Craft\\\\EntryModel)\"},{\"objectClass\":\"ReflectionMethod\",\"file\":\"\\/chroot\\/home\\/seamsno\\/skogen.io\\/html\\/credo\\/craft\\/app\\/framework\\/web\\/actions\\/CAction.php\",\"line\":109,\"class\":\"ReflectionMethod\",\"method\":\"invokeArgs\",\"args\":\"Craft\\\\TemplatesController, array(\\\"_pages\\/journal\\\", array(\\\"entry\\\" => Craft\\\\EntryModel))\"},{\"objectClass\":\"CInlineAction\",\"file\":\"\\/chroot\\/home\\/seamsno\\/skogen.io\\/html\\/credo\\/craft\\/app\\/framework\\/web\\/actions\\/CInlineAction.php\",\"line\":47,\"class\":\"CAction\",\"method\":\"runWithParamsInternal\",\"args\":\"Craft\\\\TemplatesController, ReflectionMethod, array(\\\"variables\\\" => array(\\\"entry\\\" => Craft\\\\EntryModel), \\\"template\\\" => \\\"_pages\\/journal\\\")\"},{\"objectClass\":\"CInlineAction\",\"file\":\"\\/chroot\\/home\\/seamsno\\/skogen.io\\/html\\/credo\\/craft\\/app\\/framework\\/web\\/CController.php\",\"line\":308,\"class\":\"CInlineAction\",\"method\":\"runWithParams\",\"args\":\"array(\\\"variables\\\" => array(\\\"entry\\\" => Craft\\\\EntryModel), \\\"template\\\" => \\\"_pages\\/journal\\\")\"},{\"objectClass\":\"Craft\\\\TemplatesController\",\"file\":\"\\/chroot\\/home\\/seamsno\\/skogen.io\\/html\\/credo\\/craft\\/app\\/framework\\/web\\/CController.php\",\"line\":286,\"class\":\"CController\",\"method\":\"runAction\",\"args\":\"CInlineAction\"},{\"objectClass\":\"Craft\\\\TemplatesController\",\"file\":\"\\/chroot\\/home\\/seamsno\\/skogen.io\\/html\\/credo\\/craft\\/app\\/framework\\/web\\/CController.php\",\"line\":265,\"class\":\"CController\",\"method\":\"runActionWithFilters\",\"args\":\"CInlineAction, array()\"},{\"objectClass\":\"Craft\\\\TemplatesController\",\"file\":\"\\/chroot\\/home\\/seamsno\\/skogen.io\\/html\\/credo\\/craft\\/app\\/framework\\/web\\/CWebApplication.php\",\"line\":282,\"class\":\"CController\",\"method\":\"run\",\"args\":\"\\\"render\\\"\"},{\"objectClass\":\"Craft\\\\WebApp\",\"file\":\"\\/chroot\\/home\\/seamsno\\/skogen.io\\/html\\/credo\\/craft\\/app\\/framework\\/web\\/CWebApplication.php\",\"line\":141,\"class\":\"CWebApplication\",\"method\":\"runController\",\"args\":\"\\\"templates\\/render\\\"\"},{\"objectClass\":\"Craft\\\\WebApp\",\"file\":\"\\/chroot\\/home\\/seamsno\\/skogen.io\\/html\\/credo\\/craft\\/app\\/etc\\/web\\/WebApp.php\",\"line\":290,\"class\":\"CWebApplication\",\"method\":\"processRequest\",\"args\":null},{\"objectClass\":\"Craft\\\\WebApp\",\"file\":\"\\/chroot\\/home\\/seamsno\\/skogen.io\\/html\\/credo\\/craft\\/app\\/framework\\/base\\/CApplication.php\",\"line\":185,\"class\":\"Craft\\\\WebApp\",\"method\":\"processRequest\",\"args\":null},{\"objectClass\":\"Craft\\\\WebApp\",\"file\":\"\\/chroot\\/home\\/seamsno\\/skogen.io\\/html\\/credo\\/craft\\/app\\/index.php\",\"line\":62,\"class\":\"CApplication\",\"method\":\"run\",\"args\":null},{\"objectClass\":null,\"file\":\"\\/chroot\\/home\\/seamsno\\/skogen.io\\/html\\/credo\\/index.php\",\"line\":40,\"class\":null,\"method\":\"require_once\",\"args\":\"\\\"\\/chroot\\/home\\/seamsno\\/skogen.io\\/html\\/credo\\/craft\\/app\\/index.php\\\"\"}]', '2017-12-18 12:53:08', '2018-01-10 14:13:09', '5b15a191-c8c8-4038-83f9-f620b98f4922'),
 ('772', 'element_depth_param', 'assets/templates/index.twig:29', '2018-01-10 14:36:34', '/chroot/home/seamsno/skogen.io/html/credo/craft/app/services/ElementsService.php', '1142', 'Craft\\ElementsService', 'buildElementsQuery', 'assets/templates/index.twig', '29', 'The \'depth\' element param has been deprecated. Use \'level\' instead.', '[{\"objectClass\":\"Craft\\\\DeprecatorService\",\"file\":\"\\/chroot\\/home\\/seamsno\\/skogen.io\\/html\\/credo\\/craft\\/app\\/services\\/ElementsService.php\",\"line\":1142,\"class\":\"Craft\\\\DeprecatorService\",\"method\":\"log\",\"args\":\"\\\"element_depth_param\\\", \\\"The \'depth\' element param has been deprecated. Use \'level\' inste...\\\"\"},{\"objectClass\":\"Craft\\\\ElementsService\",\"file\":\"\\/chroot\\/home\\/seamsno\\/skogen.io\\/html\\/credo\\/craft\\/app\\/services\\/ElementsService.php\",\"line\":206,\"class\":\"Craft\\\\ElementsService\",\"method\":\"buildElementsQuery\",\"args\":\"Craft\\\\ElementCriteriaModel, \\\"content\\\", array(array(\\\"handle\\\" => \\\"customOpeningHours\\\", \\\"column\\\" => \\\"field_customOpeningHours\\\"), array(\\\"handle\\\" => \\\"settingImagePosition\\\", \\\"column\\\" => \\\"field_settingImagePosition\\\"), array(\\\"handle\\\" => \\\"standardLeadText\\\", \\\"column\\\" => \\\"field_standardLeadText\\\"), array(\\\"handle\\\" => \\\"standardHeading\\\", \\\"column\\\" => \\\"field_standardHeading\\\")), false\"},{\"objectClass\":\"Craft\\\\ElementsService\",\"file\":\"\\/chroot\\/home\\/seamsno\\/skogen.io\\/html\\/credo\\/craft\\/app\\/models\\/ElementCriteriaModel.php\",\"line\":277,\"class\":\"Craft\\\\ElementsService\",\"method\":\"findElements\",\"args\":\"Craft\\\\ElementCriteriaModel\"},{\"objectClass\":\"Craft\\\\ElementCriteriaModel\",\"file\":\"\\/chroot\\/home\\/seamsno\\/skogen.io\\/html\\/credo\\/craft\\/app\\/models\\/ElementCriteriaModel.php\",\"line\":81,\"class\":\"Craft\\\\ElementCriteriaModel\",\"method\":\"find\",\"args\":null},{\"objectClass\":\"Craft\\\\ElementCriteriaModel\",\"file\":\"\\/chroot\\/home\\/seamsno\\/skogen.io\\/html\\/credo\\/craft\\/storage\\/runtime\\/compiled_templates\\/91\\/917d80e944312784c1432382f166ab3c840e5834b33ab74bcede1601aeaa4982.php\",\"line\":113,\"class\":\"Craft\\\\ElementCriteriaModel\",\"method\":\"getIterator\",\"args\":null},{\"objectClass\":\"__TwigTemplate_2ddaa4f82d75e318af7c14e6f83a763e854e5f10e032f4e375b21f6bac2727f9\",\"file\":\"\\/chroot\\/home\\/seamsno\\/skogen.io\\/html\\/credo\\/craft\\/app\\/vendor\\/twig\\/twig\\/lib\\/Twig\\/Template.php\",\"line\":432,\"class\":\"__TwigTemplate_2ddaa4f82d75e318af7c14e6f83a763e854e5f10e032f4e375b21f6bac2727f9\",\"method\":\"doDisplay\",\"args\":\"array(\\\"user\\\" => Craft\\\\UserModel, \\\"currentUser\\\" => Craft\\\\UserModel, \\\"craft\\\" => Craft\\\\CraftVariable, \\\"blx\\\" => Craft\\\\CraftVariable), array()\"},{\"objectClass\":\"__TwigTemplate_2ddaa4f82d75e318af7c14e6f83a763e854e5f10e032f4e375b21f6bac2727f9\",\"file\":\"\\/chroot\\/home\\/seamsno\\/skogen.io\\/html\\/credo\\/craft\\/app\\/etc\\/templating\\/BaseTemplate.php\",\"line\":26,\"class\":\"Twig_Template\",\"method\":\"displayWithErrorHandling\",\"args\":\"array(\\\"user\\\" => Craft\\\\UserModel, \\\"currentUser\\\" => Craft\\\\UserModel, \\\"craft\\\" => Craft\\\\CraftVariable, \\\"blx\\\" => Craft\\\\CraftVariable), array()\"},{\"objectClass\":\"__TwigTemplate_2ddaa4f82d75e318af7c14e6f83a763e854e5f10e032f4e375b21f6bac2727f9\",\"file\":\"\\/chroot\\/home\\/seamsno\\/skogen.io\\/html\\/credo\\/craft\\/app\\/vendor\\/twig\\/twig\\/lib\\/Twig\\/Template.php\",\"line\":403,\"class\":\"Craft\\\\BaseTemplate\",\"method\":\"displayWithErrorHandling\",\"args\":\"array(\\\"user\\\" => Craft\\\\UserModel, \\\"currentUser\\\" => Craft\\\\UserModel, \\\"craft\\\" => Craft\\\\CraftVariable, \\\"blx\\\" => Craft\\\\CraftVariable), array()\"},{\"objectClass\":\"__TwigTemplate_2ddaa4f82d75e318af7c14e6f83a763e854e5f10e032f4e375b21f6bac2727f9\",\"file\":\"\\/chroot\\/home\\/seamsno\\/skogen.io\\/html\\/credo\\/craft\\/storage\\/runtime\\/compiled_templates\\/ec\\/ec0589c183bb689d913de66bf4f5172c911f4032524c81569a66bdeebd384017.php\",\"line\":95,\"class\":\"Twig_Template\",\"method\":\"display\",\"args\":\"array(\\\"user\\\" => Craft\\\\UserModel, \\\"currentUser\\\" => Craft\\\\UserModel, \\\"craft\\\" => Craft\\\\CraftVariable, \\\"blx\\\" => Craft\\\\CraftVariable)\",\"template\":\"_includes\\/site-header\",\"templateLine\":29},{\"objectClass\":\"__TwigTemplate_492d2009909901f2c615aed0804d543bc7fdc44d5345f1c48c2b5b86067aad2d\",\"file\":\"\\/chroot\\/home\\/seamsno\\/skogen.io\\/html\\/credo\\/craft\\/app\\/vendor\\/twig\\/twig\\/lib\\/Twig\\/Template.php\",\"line\":432,\"class\":\"__TwigTemplate_492d2009909901f2c615aed0804d543bc7fdc44d5345f1c48c2b5b86067aad2d\",\"method\":\"doDisplay\",\"args\":\"array(\\\"user\\\" => Craft\\\\UserModel, \\\"currentUser\\\" => Craft\\\\UserModel, \\\"craft\\\" => Craft\\\\CraftVariable, \\\"blx\\\" => Craft\\\\CraftVariable), array(\\\"content\\\" => array(__TwigTemplate_88a831af891a647fb1fb2d5264a77c24764995b04e1fd3352c0d2ff510fdbc89, \\\"block_content\\\"))\"},{\"objectClass\":\"__TwigTemplate_492d2009909901f2c615aed0804d543bc7fdc44d5345f1c48c2b5b86067aad2d\",\"file\":\"\\/chroot\\/home\\/seamsno\\/skogen.io\\/html\\/credo\\/craft\\/app\\/etc\\/templating\\/BaseTemplate.php\",\"line\":26,\"class\":\"Twig_Template\",\"method\":\"displayWithErrorHandling\",\"args\":\"array(\\\"user\\\" => Craft\\\\UserModel, \\\"currentUser\\\" => Craft\\\\UserModel, \\\"craft\\\" => Craft\\\\CraftVariable, \\\"blx\\\" => Craft\\\\CraftVariable), array(\\\"content\\\" => array(__TwigTemplate_88a831af891a647fb1fb2d5264a77c24764995b04e1fd3352c0d2ff510fdbc89, \\\"block_content\\\"))\"},{\"objectClass\":\"__TwigTemplate_492d2009909901f2c615aed0804d543bc7fdc44d5345f1c48c2b5b86067aad2d\",\"file\":\"\\/chroot\\/home\\/seamsno\\/skogen.io\\/html\\/credo\\/craft\\/app\\/vendor\\/twig\\/twig\\/lib\\/Twig\\/Template.php\",\"line\":403,\"class\":\"Craft\\\\BaseTemplate\",\"method\":\"displayWithErrorHandling\",\"args\":\"array(\\\"user\\\" => Craft\\\\UserModel, \\\"currentUser\\\" => Craft\\\\UserModel, \\\"craft\\\" => Craft\\\\CraftVariable, \\\"blx\\\" => Craft\\\\CraftVariable), array(\\\"content\\\" => array(__TwigTemplate_88a831af891a647fb1fb2d5264a77c24764995b04e1fd3352c0d2ff510fdbc89, \\\"block_content\\\"))\"},{\"objectClass\":\"__TwigTemplate_492d2009909901f2c615aed0804d543bc7fdc44d5345f1c48c2b5b86067aad2d\",\"file\":\"\\/chroot\\/home\\/seamsno\\/skogen.io\\/html\\/credo\\/craft\\/storage\\/runtime\\/compiled_templates\\/f6\\/f685f912de5d6bcd7c387ef810252b0c8e63a99800a41a44f1504ee902332978.php\",\"line\":24,\"class\":\"Twig_Template\",\"method\":\"display\",\"args\":\"array(\\\"user\\\" => Craft\\\\UserModel, \\\"currentUser\\\" => Craft\\\\UserModel, \\\"craft\\\" => Craft\\\\CraftVariable, \\\"blx\\\" => Craft\\\\CraftVariable), array(\\\"content\\\" => array(__TwigTemplate_88a831af891a647fb1fb2d5264a77c24764995b04e1fd3352c0d2ff510fdbc89, \\\"block_content\\\"))\",\"template\":\"_layouts\\/main-layout\",\"templateLine\":1},{\"objectClass\":\"__TwigTemplate_88a831af891a647fb1fb2d5264a77c24764995b04e1fd3352c0d2ff510fdbc89\",\"file\":\"\\/chroot\\/home\\/seamsno\\/skogen.io\\/html\\/credo\\/craft\\/app\\/vendor\\/twig\\/twig\\/lib\\/Twig\\/Template.php\",\"line\":432,\"class\":\"__TwigTemplate_88a831af891a647fb1fb2d5264a77c24764995b04e1fd3352c0d2ff510fdbc89\",\"method\":\"doDisplay\",\"args\":\"array(\\\"user\\\" => Craft\\\\UserModel, \\\"currentUser\\\" => Craft\\\\UserModel, \\\"craft\\\" => Craft\\\\CraftVariable, \\\"blx\\\" => Craft\\\\CraftVariable), array(\\\"content\\\" => array(__TwigTemplate_88a831af891a647fb1fb2d5264a77c24764995b04e1fd3352c0d2ff510fdbc89, \\\"block_content\\\"))\"},{\"objectClass\":\"__TwigTemplate_88a831af891a647fb1fb2d5264a77c24764995b04e1fd3352c0d2ff510fdbc89\",\"file\":\"\\/chroot\\/home\\/seamsno\\/skogen.io\\/html\\/credo\\/craft\\/app\\/etc\\/templating\\/BaseTemplate.php\",\"line\":26,\"class\":\"Twig_Template\",\"method\":\"displayWithErrorHandling\",\"args\":\"array(\\\"user\\\" => Craft\\\\UserModel, \\\"currentUser\\\" => Craft\\\\UserModel, \\\"craft\\\" => Craft\\\\CraftVariable, \\\"blx\\\" => Craft\\\\CraftVariable), array(\\\"content\\\" => array(__TwigTemplate_88a831af891a647fb1fb2d5264a77c24764995b04e1fd3352c0d2ff510fdbc89, \\\"block_content\\\"))\"},{\"objectClass\":\"__TwigTemplate_88a831af891a647fb1fb2d5264a77c24764995b04e1fd3352c0d2ff510fdbc89\",\"file\":\"\\/chroot\\/home\\/seamsno\\/skogen.io\\/html\\/credo\\/craft\\/app\\/vendor\\/twig\\/twig\\/lib\\/Twig\\/Template.php\",\"line\":403,\"class\":\"Craft\\\\BaseTemplate\",\"method\":\"displayWithErrorHandling\",\"args\":\"array(\\\"user\\\" => Craft\\\\UserModel, \\\"currentUser\\\" => Craft\\\\UserModel, \\\"craft\\\" => Craft\\\\CraftVariable, \\\"blx\\\" => Craft\\\\CraftVariable), array(\\\"content\\\" => array(__TwigTemplate_88a831af891a647fb1fb2d5264a77c24764995b04e1fd3352c0d2ff510fdbc89, \\\"block_content\\\"))\"},{\"objectClass\":\"__TwigTemplate_88a831af891a647fb1fb2d5264a77c24764995b04e1fd3352c0d2ff510fdbc89\",\"file\":\"\\/chroot\\/home\\/seamsno\\/skogen.io\\/html\\/credo\\/craft\\/app\\/vendor\\/twig\\/twig\\/lib\\/Twig\\/Template.php\",\"line\":411,\"class\":\"Twig_Template\",\"method\":\"display\",\"args\":\"array()\"},{\"objectClass\":\"__TwigTemplate_88a831af891a647fb1fb2d5264a77c24764995b04e1fd3352c0d2ff510fdbc89\",\"file\":\"\\/chroot\\/home\\/seamsno\\/skogen.io\\/html\\/credo\\/craft\\/app\\/vendor\\/twig\\/twig\\/lib\\/Twig\\/Environment.php\",\"line\":362,\"class\":\"Twig_Template\",\"method\":\"render\",\"args\":\"array()\"},{\"objectClass\":\"Craft\\\\TwigEnvironment\",\"file\":\"\\/chroot\\/home\\/seamsno\\/skogen.io\\/html\\/credo\\/craft\\/app\\/services\\/TemplatesService.php\",\"line\":256,\"class\":\"Twig_Environment\",\"method\":\"render\",\"args\":\"\\\"\\\", array()\"},{\"objectClass\":\"Craft\\\\TemplatesService\",\"file\":\"\\/chroot\\/home\\/seamsno\\/skogen.io\\/html\\/credo\\/craft\\/app\\/controllers\\/BaseController.php\",\"line\":74,\"class\":\"Craft\\\\TemplatesService\",\"method\":\"render\",\"args\":\"\\\"\\\", array()\"},{\"objectClass\":\"Craft\\\\TemplatesController\",\"file\":\"\\/chroot\\/home\\/seamsno\\/skogen.io\\/html\\/credo\\/craft\\/app\\/controllers\\/TemplatesController.php\",\"line\":68,\"class\":\"Craft\\\\BaseController\",\"method\":\"renderTemplate\",\"args\":\"\\\"\\\", array()\"},{\"objectClass\":\"Craft\\\\TemplatesController\",\"file\":null,\"line\":null,\"class\":\"Craft\\\\TemplatesController\",\"method\":\"actionRender\",\"args\":\"\\\"\\\", array()\"},{\"objectClass\":\"ReflectionMethod\",\"file\":\"\\/chroot\\/home\\/seamsno\\/skogen.io\\/html\\/credo\\/craft\\/app\\/framework\\/web\\/actions\\/CAction.php\",\"line\":109,\"class\":\"ReflectionMethod\",\"method\":\"invokeArgs\",\"args\":\"Craft\\\\TemplatesController, array(\\\"\\\", array())\"},{\"objectClass\":\"CInlineAction\",\"file\":\"\\/chroot\\/home\\/seamsno\\/skogen.io\\/html\\/credo\\/craft\\/app\\/framework\\/web\\/actions\\/CInlineAction.php\",\"line\":47,\"class\":\"CAction\",\"method\":\"runWithParamsInternal\",\"args\":\"Craft\\\\TemplatesController, ReflectionMethod, array(\\\"variables\\\" => array(), \\\"template\\\" => \\\"\\\")\"},{\"objectClass\":\"CInlineAction\",\"file\":\"\\/chroot\\/home\\/seamsno\\/skogen.io\\/html\\/credo\\/craft\\/app\\/framework\\/web\\/CController.php\",\"line\":308,\"class\":\"CInlineAction\",\"method\":\"runWithParams\",\"args\":\"array(\\\"variables\\\" => array(), \\\"template\\\" => \\\"\\\")\"},{\"objectClass\":\"Craft\\\\TemplatesController\",\"file\":\"\\/chroot\\/home\\/seamsno\\/skogen.io\\/html\\/credo\\/craft\\/app\\/framework\\/web\\/CController.php\",\"line\":286,\"class\":\"CController\",\"method\":\"runAction\",\"args\":\"CInlineAction\"},{\"objectClass\":\"Craft\\\\TemplatesController\",\"file\":\"\\/chroot\\/home\\/seamsno\\/skogen.io\\/html\\/credo\\/craft\\/app\\/framework\\/web\\/CController.php\",\"line\":265,\"class\":\"CController\",\"method\":\"runActionWithFilters\",\"args\":\"CInlineAction, array()\"},{\"objectClass\":\"Craft\\\\TemplatesController\",\"file\":\"\\/chroot\\/home\\/seamsno\\/skogen.io\\/html\\/credo\\/craft\\/app\\/framework\\/web\\/CWebApplication.php\",\"line\":282,\"class\":\"CController\",\"method\":\"run\",\"args\":\"\\\"render\\\"\"},{\"objectClass\":\"Craft\\\\WebApp\",\"file\":\"\\/chroot\\/home\\/seamsno\\/skogen.io\\/html\\/credo\\/craft\\/app\\/framework\\/web\\/CWebApplication.php\",\"line\":141,\"class\":\"CWebApplication\",\"method\":\"runController\",\"args\":\"\\\"templates\\/render\\\"\"},{\"objectClass\":\"Craft\\\\WebApp\",\"file\":\"\\/chroot\\/home\\/seamsno\\/skogen.io\\/html\\/credo\\/craft\\/app\\/etc\\/web\\/WebApp.php\",\"line\":290,\"class\":\"CWebApplication\",\"method\":\"processRequest\",\"args\":null},{\"objectClass\":\"Craft\\\\WebApp\",\"file\":\"\\/chroot\\/home\\/seamsno\\/skogen.io\\/html\\/credo\\/craft\\/app\\/framework\\/base\\/CApplication.php\",\"line\":185,\"class\":\"Craft\\\\WebApp\",\"method\":\"processRequest\",\"args\":null},{\"objectClass\":\"Craft\\\\WebApp\",\"file\":\"\\/chroot\\/home\\/seamsno\\/skogen.io\\/html\\/credo\\/craft\\/app\\/index.php\",\"line\":62,\"class\":\"CApplication\",\"method\":\"run\",\"args\":null},{\"objectClass\":null,\"file\":\"\\/chroot\\/home\\/seamsno\\/skogen.io\\/html\\/credo\\/index.php\",\"line\":40,\"class\":null,\"method\":\"require_once\",\"args\":\"\\\"\\/chroot\\/home\\/seamsno\\/skogen.io\\/html\\/credo\\/craft\\/app\\/index.php\\\"\"}]', '2017-12-18 12:53:30', '2018-01-10 14:36:34', 'e64e1600-5a0b-45ba-a63b-4f483f77e4c3');



DROP TABLE IF EXISTS `craft_elementindexsettings`;


--
-- Schema for table `craft_elementindexsettings`
--
CREATE TABLE `craft_elementindexsettings` (
  `id` int(11) NOT NULL AUTO_INCREMENT,
  `type` varchar(150) COLLATE utf8_unicode_ci NOT NULL,
  `settings` text COLLATE utf8_unicode_ci,
  `dateCreated` datetime NOT NULL,
  `dateUpdated` datetime NOT NULL,
  `uid` char(36) COLLATE utf8_unicode_ci NOT NULL DEFAULT '0',
  PRIMARY KEY (`id`),
  UNIQUE KEY `craft_elementindexsettings_type_unq_idx` (`type`)
) ENGINE=InnoDB DEFAULT CHARSET=utf8 COLLATE=utf8_unicode_ci;

DROP TABLE IF EXISTS `craft_elements`;


--
-- Schema for table `craft_elements`
--
CREATE TABLE `craft_elements` (
  `id` int(11) NOT NULL AUTO_INCREMENT,
  `type` varchar(150) COLLATE utf8_unicode_ci NOT NULL,
  `enabled` tinyint(1) unsigned NOT NULL DEFAULT '1',
  `archived` tinyint(1) unsigned NOT NULL DEFAULT '0',
  `dateCreated` datetime NOT NULL,
  `dateUpdated` datetime NOT NULL,
  `uid` char(36) COLLATE utf8_unicode_ci NOT NULL DEFAULT '0',
  PRIMARY KEY (`id`),
  KEY `craft_elements_type_idx` (`type`),
  KEY `craft_elements_enabled_idx` (`enabled`),
  KEY `craft_elements_archived_dateCreated_idx` (`archived`,`dateCreated`)
) ENGINE=InnoDB AUTO_INCREMENT=208 DEFAULT CHARSET=utf8 COLLATE=utf8_unicode_ci;

--
-- Data for table `craft_elements`
--

INSERT INTO `craft_elements` (`id`, `type`, `enabled`, `archived`, `dateCreated`, `dateUpdated`, `uid`) VALUES
 ('1', 'User', '1', '0', '2017-09-15 09:15:42', '2017-09-15 09:15:42', '03c0468f-2a0e-4379-84bc-d796b97fa05a'),
 ('4', 'Category', '1', '0', '2017-09-15 09:20:14', '2017-09-15 09:20:14', 'd49bfd06-7530-4ac2-8d03-5c0c22e70f15'),
 ('5', 'Category', '1', '0', '2017-09-15 09:20:20', '2017-09-15 09:20:20', '240815ca-f7a4-485a-8483-3175adcce1b1'),
 ('6', 'Category', '1', '0', '2017-09-15 09:20:24', '2017-09-15 09:20:24', 'fde7c306-884a-40a1-a535-20864ff79adb'),
 ('7', 'Entry', '1', '0', '2017-09-15 09:53:53', '2018-01-10 11:57:30', '88608113-c0c0-4c8f-93c0-07c96b5ae699'),
 ('8', 'Entry', '1', '0', '2017-09-15 09:53:58', '2018-01-10 13:17:26', 'caff93fd-e237-40ee-82d9-a9a072904301'),
 ('9', 'Entry', '1', '0', '2017-09-15 09:54:03', '2018-01-10 14:33:46', 'de05584c-e410-4faf-aa97-b2cff5d19443'),
 ('10', 'Entry', '1', '0', '2017-09-15 09:55:04', '2017-12-17 19:41:26', 'f4c8b92e-34d0-40d0-8ede-fa0a7b52e458'),
 ('11', 'Entry', '1', '0', '2017-09-15 09:55:10', '2017-09-23 18:04:12', 'ce484535-a4cc-47d7-8ffd-4a030a43d9db'),
 ('12', 'Entry', '1', '0', '2017-09-15 09:55:19', '2017-12-17 19:33:54', '397cfb11-de87-4d37-a568-1c124bbd1507'),
 ('13', 'Entry', '1', '0', '2017-09-15 09:55:23', '2018-01-10 13:23:24', '95896d1d-face-420d-a547-2fceaea551d6'),
 ('14', 'Entry', '1', '0', '2017-09-15 09:55:28', '2017-09-23 18:27:51', '45c31ab4-f2f2-4c22-88a6-04f808a2e907'),
 ('15', 'Entry', '1', '0', '2017-09-15 09:55:44', '2017-12-11 12:22:08', '7812c970-30dd-4725-b53a-5eaf01ea9982'),
 ('16', 'Entry', '1', '0', '2017-09-15 09:56:09', '2018-01-10 12:12:03', '1cbcef4a-334a-4c3c-80df-3563cc5424bf'),
 ('17', 'Entry', '1', '0', '2017-09-15 09:56:17', '2018-01-10 13:27:32', '3d17216c-381c-47c0-9734-201aed2bce28'),
 ('18', 'Entry', '0', '0', '2017-09-15 09:56:21', '2018-01-10 11:46:17', '8251ec6d-1d8b-4149-8964-26c87ecd7cc0'),
 ('19', 'Entry', '1', '0', '2017-09-15 09:56:38', '2017-09-23 18:04:25', '4a787617-3170-4cf9-871c-b6b457374e45'),
 ('20', 'Entry', '1', '0', '2017-09-15 09:56:42', '2017-12-17 19:00:20', '660de3c8-4362-480d-b93a-bcbd1c742171'),
 ('21', 'Entry', '1', '0', '2017-09-15 09:56:47', '2017-09-23 18:28:08', 'f9a48348-39a7-48f3-99e4-c274633f847f'),
 ('22', 'Entry', '1', '0', '2017-09-15 09:56:57', '2018-01-10 13:22:13', '3f37c23c-136d-40d6-813e-b5859f867db6'),
 ('42', 'Neo_Block', '1', '0', '2017-09-21 07:55:58', '2017-09-21 08:27:56', '75062cf5-a501-41fb-858a-ecf409229d22'),
 ('49', 'User', '1', '0', '2017-09-21 09:46:55', '2017-09-21 09:46:55', 'faedff41-2ad4-400a-8f33-292806d9ac04'),
 ('50', 'User', '1', '0', '2017-09-21 09:47:25', '2017-09-21 09:47:25', '18c7e4bd-50a6-45d3-b9f2-a08d5487b1f5'),
 ('51', 'Asset', '1', '0', '2017-09-21 09:53:01', '2017-09-21 09:53:01', '35bc933f-694b-4b04-96de-d6cd7f57ef43'),
 ('53', 'Neo_Block', '1', '0', '2017-09-21 09:53:14', '2017-12-17 19:33:54', '183e1635-e925-4314-b604-3423a63aa327'),
 ('54', 'Asset', '1', '0', '2017-09-21 10:12:44', '2017-09-21 10:12:44', '4a0caae1-f922-4a2c-8309-c0f628103912'),
 ('55', 'Entry', '1', '0', '2017-09-21 10:14:10', '2017-09-21 10:14:10', '16bdb517-8bcd-42d8-9b18-2d37821bba00'),
 ('56', 'Neo_Block', '1', '0', '2017-09-21 10:14:10', '2017-09-21 10:14:10', '81e6ed58-a058-402a-a5a7-326a1b2c3248'),
 ('57', 'Asset', '1', '0', '2017-09-21 10:21:43', '2017-09-21 10:21:43', '75e74071-5832-4c97-8f3d-54729653ff27'),
 ('59', 'User', '1', '0', '2017-09-21 10:27:29', '2017-09-21 10:27:29', '07fccb4d-5a15-4221-bcfc-2d7bf40cc751'),
 ('60', 'Neo_Block', '0', '0', '2017-09-21 11:48:20', '2018-01-10 11:57:30', 'ef11086e-5682-4c12-9fb0-4aae188a1a14'),
 ('62', 'Neo_Block', '1', '0', '2017-09-21 11:48:20', '2018-01-10 11:57:30', '85141970-6bcd-4522-917b-490a1cdc935e'),
 ('65', 'Asset', '1', '0', '2017-09-21 11:49:12', '2017-09-21 11:49:12', '6073026e-a254-4f39-ba56-624c001a2a87'),
 ('66', 'User', '1', '0', '2017-09-21 13:23:03', '2017-09-21 13:23:03', 'f9a15701-99dc-492a-b75a-9668c0d8b950'),
 ('68', 'Entry', '1', '0', '2017-09-23 18:29:10', '2018-01-10 13:20:51', 'a399386a-81ac-459d-ae47-7883d0b8302f'),
 ('69', 'Entry', '1', '0', '2017-09-24 06:24:06', '2018-01-10 11:45:59', '70d83d17-3a25-4402-8e4d-71daac5c50b0'),
 ('71', 'Asset', '1', '0', '2017-09-24 06:48:53', '2017-09-24 06:48:53', 'c740711b-ddf9-447f-9d41-32146d2e9284'),
 ('74', 'Neo_Block', '1', '0', '2017-09-24 07:02:20', '2018-01-10 13:27:32', '7ad99fa1-8585-496f-b3a8-b104efd0271e'),
 ('76', 'MatrixBlock', '1', '0', '2017-12-15 10:25:25', '2018-01-10 11:57:30', 'ff883f04-302b-45a6-8798-c68315da5ccd'),
 ('77', 'MatrixBlock', '1', '0', '2017-12-15 10:25:25', '2018-01-10 11:57:30', 'f1927180-817f-48f3-9982-9c98f785bb6e'),
 ('78', 'Asset', '1', '0', '2017-12-15 11:10:51', '2017-12-15 11:10:51', 'd5f43dec-30f9-4385-80a9-f9441f1d76ff'),
 ('79', 'Asset', '1', '0', '2017-12-15 11:36:12', '2017-12-15 11:36:12', '702f2a2d-0061-47f0-b37b-939c7b3a8982'),
 ('80', 'Neo_Block', '0', '0', '2017-12-15 11:38:07', '2018-01-10 11:57:30', '229a7254-b450-4bcf-a9bb-73a0689cb203'),
 ('81', 'Asset', '1', '0', '2017-12-15 11:43:13', '2017-12-15 11:43:13', '213b840e-4ef5-43c1-9cbf-e1f8a0bc5755'),
 ('82', 'Asset', '1', '0', '2017-12-15 11:48:33', '2017-12-15 11:48:33', '6c758c6a-aa1b-422b-b453-e6d456093e0f'),
 ('83', 'Entry', '1', '0', '2017-12-15 11:58:11', '2017-12-17 13:35:05', '0c4b4543-78b8-4d7c-9abc-b4432d390beb'),
 ('84', 'Neo_Block', '1', '0', '2017-12-15 11:58:11', '2017-12-17 13:35:05', 'd4d9a7ec-6f98-4b14-9f41-80fff6849978'),
 ('85', 'Neo_Block', '1', '0', '2017-12-15 11:58:11', '2017-12-17 13:35:05', '339574ab-cb07-4b10-a454-ad88a606ff13'),
 ('86', 'Neo_Block', '1', '0', '2017-12-15 12:04:13', '2017-12-17 13:35:05', 'c37b1461-ae06-4db4-a0c6-606a43200a78'),
 ('87', 'Neo_Block', '1', '0', '2017-12-15 12:04:13', '2017-12-17 13:35:05', 'b94060d6-44ba-4a5e-b009-3d1fda6a4a2a'),
 ('88', 'Asset', '1', '0', '2017-12-15 12:05:02', '2017-12-15 12:05:02', 'baee70a5-0c2a-4e95-b279-be782d6974d0'),
 ('89', 'Asset', '1', '0', '2017-12-15 12:07:28', '2017-12-15 12:07:28', '21bc5367-9908-4127-ad19-d49b48e8fb46'),
 ('90', 'Entry', '1', '0', '2017-12-15 12:08:02', '2017-12-15 14:20:17', 'b24e1882-8268-4d69-a218-db835480c30d'),
 ('91', 'Neo_Block', '1', '0', '2017-12-15 12:08:02', '2017-12-15 14:20:17', 'b241d385-00f0-4ca9-a887-e3ab94091a0c'),
 ('92', 'Asset', '1', '0', '2017-12-15 12:09:08', '2017-12-15 12:09:08', '49514841-dd90-44c7-a2c5-c7774e99310f'),
 ('93', 'Asset', '1', '0', '2017-12-15 12:10:26', '2017-12-15 12:10:26', '28cf6587-c165-4dc2-8a9d-14e20837ed0f'),
 ('94', 'Entry', '1', '0', '2017-12-15 12:10:33', '2017-12-15 14:19:55', 'ca97ceab-28f0-4b47-8ec0-1f813559add5'),
 ('95', 'Neo_Block', '1', '0', '2017-12-15 12:10:33', '2017-12-15 14:19:55', '18fa4814-5f0a-4941-bc0d-1a16d55b2ab8'),
 ('96', 'Asset', '1', '0', '2017-12-15 12:12:34', '2017-12-15 12:12:34', 'd8fa49c2-5c8b-459f-81e2-53878a67e354'),
 ('97', 'Neo_Block', '1', '0', '2017-12-15 12:12:59', '2018-01-10 11:57:30', 'ddb71c67-55bb-4033-b027-31d88e58dbd4'),
 ('98', 'Asset', '1', '0', '2017-12-15 12:25:43', '2017-12-15 12:25:43', '3a1a1eb8-4c63-42ec-8822-0d90f7f8fc5f'),
 ('99', 'Asset', '1', '0', '2017-12-15 12:27:19', '2017-12-15 12:27:19', '4127ca10-5513-471c-bc77-78b365e786c6'),
 ('100', 'Asset', '1', '0', '2017-12-15 12:29:35', '2017-12-15 12:29:35', '88dd1f5e-9bc9-467e-9be8-76aee132c310'),
 ('101', 'Asset', '1', '0', '2017-12-15 12:34:20', '2017-12-15 12:34:20', '0aa90b92-9281-4f15-8756-eef384cdd5d4'),
 ('102', 'Neo_Block', '1', '0', '2017-12-15 12:34:47', '2018-01-10 12:12:03', 'b2cf7583-129d-4a82-a485-636ae250c9af'),
 ('103', 'Neo_Block', '0', '0', '2017-12-15 12:34:47', '2018-01-10 12:12:03', 'd4edc885-f33b-453c-b029-a46ac2b21e7c'),
 ('104', 'Neo_Block', '1', '0', '2017-12-15 12:34:47', '2018-01-10 12:12:03', '05eb51aa-ef29-4234-beac-d87935066713'),
 ('105', 'Neo_Block', '0', '0', '2017-12-15 12:34:47', '2018-01-10 12:12:03', '4c3473fa-5e36-4bef-a09e-c14a135928c3'),
 ('106', 'Neo_Block', '1', '0', '2017-12-15 12:34:47', '2018-01-10 12:12:03', '047212d6-12b2-45a4-a229-bbc3cb2c19a5'),
 ('109', 'Asset', '1', '0', '2017-12-15 12:37:22', '2017-12-15 12:37:22', 'cdf2cf7e-be39-4c2f-9c3c-a9195a925161'),
 ('110', 'Asset', '1', '0', '2017-12-15 12:40:14', '2017-12-15 12:40:14', 'c8800f25-9b5f-4576-b013-5d4326b3ca5e'),
 ('115', 'Asset', '1', '0', '2017-12-15 13:01:52', '2017-12-15 13:01:52', '7fb4532c-e8c3-40ec-9d6f-27596554938e'),
 ('117', 'Neo_Block', '1', '0', '2017-12-15 13:06:33', '2018-01-10 11:45:59', 'c1562862-c0d9-46bf-8f9f-86c077c98eb2'),
 ('118', 'Neo_Block', '0', '0', '2017-12-15 13:06:33', '2018-01-10 11:45:59', 'ff880dab-f94c-4db5-8142-b3ac2e25b702'),
 ('119', 'Neo_Block', '0', '0', '2017-12-15 13:06:34', '2018-01-10 11:45:59', '4192135b-1a6f-4bbf-a0af-648bd63cf383'),
 ('120', 'Asset', '1', '0', '2017-12-15 13:10:39', '2017-12-15 13:10:39', '7a74b6d4-1caf-46cf-96c4-07b09628c96d'),
 ('121', 'Neo_Block', '1', '0', '2017-12-15 13:10:47', '2018-01-10 11:46:17', 'd8d3c2bf-e46c-4443-b459-6088b43a2547'),
 ('122', 'Asset', '1', '0', '2017-12-15 13:15:04', '2017-12-15 13:15:04', '1a01cb45-f726-4ffd-8d12-5c60a0aaf0ab'),
 ('123', 'Neo_Block', '1', '0', '2017-12-15 13:48:22', '2018-01-10 11:57:30', 'cc400182-1e0f-4219-98a5-4f2836858c39'),
 ('124', 'Neo_Block', '1', '0', '2017-12-15 13:48:22', '2018-01-10 11:57:30', 'bb341b9e-875c-4073-b39e-490694269a0f'),
 ('125', 'Asset', '1', '0', '2017-12-15 13:49:57', '2017-12-15 13:49:57', '69307497-696a-4a4e-a466-8083d0daa9a5'),
 ('126', 'Asset', '1', '0', '2017-12-15 13:51:02', '2017-12-15 13:51:02', '6abfb572-1345-4f38-a1f1-9d91f52c13c8'),
 ('127', 'Asset', '1', '0', '2017-12-15 13:51:19', '2017-12-15 13:51:19', '16e77296-a56d-48bd-b80c-889eb97dd256'),
 ('129', 'Asset', '1', '0', '2017-12-15 13:55:15', '2017-12-15 13:55:15', 'f60b399a-8ed7-4c56-9a86-92840328855b'),
 ('130', 'Asset', '1', '0', '2017-12-15 13:56:09', '2017-12-15 13:56:09', '5b37f7e2-ce1f-4540-8f09-38a0ccd64a58'),
 ('131', 'Asset', '1', '0', '2017-12-15 13:58:31', '2017-12-15 13:58:31', '1a2542fa-758c-4759-9cab-5bf3bd742464'),
 ('132', 'Asset', '1', '0', '2017-12-15 14:36:54', '2017-12-15 14:36:54', '919b6f82-91ea-45c1-8b9f-7cf81c000fc9'),
 ('133', 'Neo_Block', '1', '0', '2017-12-15 14:45:49', '2018-01-10 13:17:26', '975975aa-53d9-4801-a689-5e4f881545b2'),
 ('134', 'Neo_Block', '1', '0', '2017-12-15 14:45:50', '2018-01-10 13:17:26', '0973a93b-42a6-4139-9a68-602608b7823c'),
 ('135', 'Neo_Block', '1', '0', '2017-12-15 14:45:50', '2018-01-10 13:17:26', 'ca34564d-e519-4b8b-80ad-b4dcd236e6a5'),
 ('136', 'Asset', '1', '0', '2017-12-15 14:58:55', '2017-12-15 15:14:06', '132c395c-d701-41ec-b799-a46905bf6ac9'),
 ('137', 'Asset', '1', '0', '2017-12-15 15:13:28', '2017-12-15 15:13:28', '2b522252-0dd9-4419-ad20-1d43ccea1fa7'),
 ('139', 'Asset', '1', '0', '2017-12-15 15:14:35', '2017-12-15 15:14:35', 'd4b99a39-3632-4a02-9034-8aefaf3adefe'),
 ('141', 'Entry', '1', '0', '2017-12-15 15:17:50', '2017-12-15 15:17:50', '9d404195-5af9-4b79-9c50-b3c969ba7b59'),
 ('142', 'Neo_Block', '1', '0', '2017-12-15 15:18:20', '2018-01-10 14:33:47', '03bfea92-7482-4969-b3ac-5336e39813cc'),
 ('143', 'Asset', '1', '0', '2017-12-15 15:20:28', '2017-12-15 15:20:28', '5ea1ff88-2d44-4a77-bd8f-0f628c9bfcdf'),
 ('144', 'Neo_Block', '1', '0', '2017-12-15 15:21:00', '2017-12-17 19:00:21', 'd8f57843-1750-4de4-95db-e8eabe070819'),
 ('145', 'Neo_Block', '1', '0', '2017-12-15 15:21:00', '2017-12-17 19:00:21', '35a4598a-6686-4e8f-a4ba-bdbdc499db9c'),
 ('146', 'Asset', '1', '0', '2017-12-15 15:22:10', '2017-12-15 15:22:10', '1e7154e1-9cba-419f-b254-d7d062f61778'),
 ('147', 'Asset', '1', '0', '2017-12-17 13:37:17', '2017-12-17 13:37:17', '4d86e5b1-138d-4ac6-a026-1c0eb3df8cfd');
INSERT INTO `craft_elements` (`id`, `type`, `enabled`, `archived`, `dateCreated`, `dateUpdated`, `uid`) VALUES
 ('148', 'Asset', '1', '0', '2017-12-17 13:39:49', '2017-12-17 13:39:49', '290f4a55-ef10-4d33-899f-13893977dfc0'),
 ('149', 'Asset', '1', '0', '2017-12-17 19:19:37', '2017-12-17 19:19:37', '27e3e533-9110-40e6-9cdc-e4a8a88e32f9'),
 ('150', 'Asset', '1', '0', '2017-12-17 19:24:51', '2017-12-17 19:24:51', '7f5c3047-9421-4430-afa4-635f4422971a'),
 ('151', 'Asset', '1', '0', '2017-12-17 19:25:50', '2017-12-17 19:25:50', 'b4174ecd-f301-4372-aad3-4aa91e82666f'),
 ('152', 'Asset', '1', '0', '2017-12-17 19:27:21', '2017-12-17 19:27:21', 'a949b9e1-14bb-459b-98c1-7feec4ffdcd6'),
 ('153', 'Neo_Block', '1', '0', '2017-12-17 19:27:46', '2017-12-17 19:33:54', '15251589-81dc-46ba-80e4-1a11259d91d1'),
 ('154', 'Neo_Block', '1', '0', '2017-12-17 19:27:46', '2017-12-17 19:33:54', '864633a7-8097-466d-9149-a987a1d03b92'),
 ('156', 'Neo_Block', '1', '0', '2017-12-17 19:27:46', '2017-12-17 19:33:54', '8b7b9402-b0dd-45cf-bc86-ac230c9ced69'),
 ('157', 'Asset', '1', '0', '2017-12-17 19:32:52', '2017-12-17 19:32:52', '9be35372-d991-4da2-b2d7-5fed922e8f41'),
 ('158', 'Neo_Block', '1', '0', '2017-12-17 19:33:54', '2017-12-17 19:33:54', 'd7657d9e-bb48-4a0b-88ec-dec69a981412'),
 ('159', 'Asset', '1', '0', '2017-12-17 19:40:33', '2017-12-17 19:40:33', 'e22d9060-5820-41fd-a839-6d23c659a91e'),
 ('160', 'Asset', '1', '0', '2017-12-17 19:41:06', '2017-12-17 19:41:06', '652aade8-a539-4468-9312-25c867dc7182'),
 ('161', 'Neo_Block', '1', '0', '2017-12-17 19:41:26', '2017-12-17 19:41:26', '9bae4cbb-7c5d-46ec-be63-92826c181ede'),
 ('162', 'Neo_Block', '1', '0', '2017-12-17 19:41:26', '2017-12-17 19:41:26', '1e61b5c7-0d4f-430a-8c37-b6f45c5c1eed'),
 ('163', 'Asset', '1', '0', '2017-12-17 19:46:04', '2017-12-17 19:46:04', 'ec28c947-c901-4b42-8e2c-56bd46435970'),
 ('165', 'Neo_Block', '0', '0', '2017-12-17 19:48:05', '2018-01-10 13:20:51', 'f359d051-c1a6-4bc4-9b77-6ba8e132e826'),
 ('166', 'MatrixBlock', '0', '0', '2017-12-17 19:48:05', '2018-01-10 13:20:51', '24c85ca4-230a-433e-9bf5-37ed134a22f9'),
 ('167', 'MatrixBlock', '1', '0', '2017-12-17 19:48:05', '2018-01-10 13:20:51', 'a01089c9-687f-4d9e-9f56-ee3d241d6c48'),
 ('168', 'MatrixBlock', '1', '0', '2017-12-17 19:48:05', '2018-01-10 13:20:51', 'a25593a6-a012-400e-82ac-694ac7180b5a'),
 ('170', 'Asset', '1', '0', '2018-01-10 11:27:44', '2018-01-10 11:27:44', 'dd432970-e3ea-45d4-bab5-ce5ba84a12c4'),
 ('171', 'Entry', '1', '0', '2018-01-10 11:28:00', '2018-01-10 11:31:55', 'b53302ff-2762-40a4-98ba-e46d935eb93d'),
 ('172', 'Neo_Block', '1', '0', '2018-01-10 11:28:00', '2018-01-10 11:31:56', 'bad4e19c-f07e-40cf-824a-6ae51815df37'),
 ('173', 'Neo_Block', '1', '0', '2018-01-10 11:28:31', '2018-01-10 11:57:30', '124b6822-57fc-450a-9684-80a28d40aaf9'),
 ('174', 'Asset', '1', '0', '2018-01-10 11:31:49', '2018-01-10 11:31:49', '5b523424-be04-4fd5-a543-70c1551ca87b'),
 ('175', 'Asset', '1', '0', '2018-01-10 11:37:08', '2018-01-10 11:37:08', 'd6ca5193-405e-42a6-899e-ab4f837fc7ae'),
 ('176', 'Asset', '1', '0', '2018-01-10 12:08:39', '2018-01-10 12:08:39', '7bb9b2bd-b076-468b-b041-cadf9f120055'),
 ('177', 'Neo_Block', '1', '0', '2018-01-10 12:42:22', '2018-01-10 14:33:47', '268dfff9-e176-4aa1-ac17-98514c3d8b41'),
 ('178', 'Asset', '1', '0', '2018-01-10 12:45:27', '2018-01-10 12:45:27', 'e49ff0f1-23e7-4a19-865e-071810494a5a'),
 ('179', 'Neo_Block', '1', '0', '2018-01-10 12:45:56', '2018-01-10 13:17:26', '0d7377fd-5fcf-4a67-838f-8dd567c794c1'),
 ('180', 'Neo_Block', '1', '0', '2018-01-10 12:50:19', '2018-01-10 13:20:51', 'a659ca91-29ed-48be-8ca0-0dde469ae4c7'),
 ('181', 'Asset', '1', '0', '2018-01-10 13:17:22', '2018-01-10 13:17:22', '91124c64-4ab2-42d6-86ec-9ccef7596ecf'),
 ('182', 'Neo_Block', '1', '0', '2018-01-10 13:19:36', '2018-01-10 13:20:51', '2cab9cef-53b1-4709-9b51-1f8a55603d37'),
 ('183', 'Neo_Block', '1', '0', '2018-01-10 13:20:51', '2018-01-10 13:20:51', '909ae195-6246-4990-a81f-a1f36dcb3860'),
 ('184', 'Neo_Block', '1', '0', '2018-01-10 13:20:51', '2018-01-10 13:20:51', '6c44664e-56a9-40a2-bc65-24bde87514ea'),
 ('185', 'Neo_Block', '1', '0', '2018-01-10 13:22:13', '2018-01-10 13:22:13', '5e52fa9e-b964-4793-96a9-12580dbac13e'),
 ('186', 'Neo_Block', '1', '0', '2018-01-10 13:23:24', '2018-01-10 13:23:24', '3671ae66-d7d3-4130-ba30-8b3549939ba7'),
 ('187', 'Asset', '1', '0', '2018-01-10 13:28:26', '2018-01-10 13:28:26', 'eb6f6b51-5924-41ac-9164-3fad2883c9c9'),
 ('188', 'Asset', '1', '0', '2018-01-10 14:05:59', '2018-01-10 14:05:59', 'e10cc087-7d9f-4289-b2da-4f8c41116e94'),
 ('189', 'Entry', '1', '0', '2018-01-10 14:07:06', '2018-01-10 14:07:06', 'a6ba177b-2998-494f-8d01-291c588d8e86'),
 ('190', 'Neo_Block', '1', '0', '2018-01-10 14:07:06', '2018-01-10 14:07:06', '26d29bd9-aae8-4c6e-9f9e-5b346f81a09a'),
 ('191', 'Asset', '1', '0', '2018-01-10 14:07:48', '2018-01-10 14:07:48', '76d5c9a3-c236-41c9-8af6-2e12f217e756'),
 ('192', 'Entry', '1', '0', '2018-01-10 14:08:30', '2018-01-10 14:08:30', '3c5a0b2a-eb0b-4a30-ad0c-1757bf04439b'),
 ('193', 'Neo_Block', '1', '0', '2018-01-10 14:08:30', '2018-01-10 14:08:30', 'a739840d-cc66-4fab-850a-53a9bfff9baf'),
 ('194', 'Asset', '1', '0', '2018-01-10 14:09:30', '2018-01-10 14:09:30', '6607204f-1713-4720-8290-4679ee282e0f'),
 ('195', 'Entry', '1', '0', '2018-01-10 14:10:00', '2018-01-10 14:10:00', 'a08c52ca-7efd-4bea-9fe4-76db65c8063a'),
 ('196', 'Neo_Block', '1', '0', '2018-01-10 14:10:01', '2018-01-10 14:10:01', 'deb21f7d-987a-4345-a6e6-abaebf54e02b'),
 ('197', 'Asset', '1', '0', '2018-01-10 14:11:11', '2018-01-10 14:11:11', 'f1fa465b-b1a0-482a-b69f-646407d6bcc6'),
 ('198', 'Entry', '1', '0', '2018-01-10 14:12:03', '2018-01-10 14:12:30', 'b94de596-6b5e-40d5-b789-64936487018f'),
 ('200', 'Asset', '1', '0', '2018-01-10 14:16:03', '2018-01-10 14:16:03', '1ddee1eb-9b66-4ac3-9850-48269fad4a3e'),
 ('201', 'Entry', '1', '0', '2018-01-10 14:16:19', '2018-01-10 14:16:19', '2e2a30f5-3794-4967-b04a-a2b83915b515'),
 ('202', 'Neo_Block', '1', '0', '2018-01-10 14:16:19', '2018-01-10 14:16:19', '5e4d1a17-c519-4684-8f78-5bbde95b1eaf'),
 ('203', 'Neo_Block', '1', '0', '2018-01-10 14:32:39', '2018-01-10 14:33:47', '6c1509bf-ec02-4da8-a4b5-c185d1483dca'),
 ('204', 'Neo_Block', '1', '0', '2018-01-10 14:32:39', '2018-01-10 14:33:47', 'afd408a1-96b5-4f1a-8d06-07e43e55464d'),
 ('205', 'Neo_Block', '1', '0', '2018-01-10 14:32:39', '2018-01-10 14:33:47', '8c6100c2-e9b4-4c19-8a28-2b3bf72d68d5'),
 ('206', 'Neo_Block', '1', '0', '2018-01-10 14:32:39', '2018-01-10 14:33:47', 'ccd09c1f-331d-4df4-a3bb-63c93c7e42ff'),
 ('207', 'Neo_Block', '1', '0', '2018-01-10 14:32:39', '2018-01-10 14:33:47', '3e38eb47-e490-4399-8838-6eb1c04b47a2');



DROP TABLE IF EXISTS `craft_elements_i18n`;


--
-- Schema for table `craft_elements_i18n`
--
CREATE TABLE `craft_elements_i18n` (
  `id` int(11) NOT NULL AUTO_INCREMENT,
  `elementId` int(11) NOT NULL,
  `locale` char(12) COLLATE utf8_unicode_ci NOT NULL,
  `slug` varchar(255) COLLATE utf8_unicode_ci DEFAULT NULL,
  `uri` varchar(255) COLLATE utf8_unicode_ci DEFAULT NULL,
  `enabled` tinyint(1) unsigned NOT NULL DEFAULT '1',
  `dateCreated` datetime NOT NULL,
  `dateUpdated` datetime NOT NULL,
  `uid` char(36) COLLATE utf8_unicode_ci NOT NULL DEFAULT '0',
  PRIMARY KEY (`id`),
  UNIQUE KEY `craft_elements_i18n_elementId_locale_unq_idx` (`elementId`,`locale`),
  UNIQUE KEY `craft_elements_i18n_uri_locale_unq_idx` (`uri`,`locale`),
  KEY `craft_elements_i18n_slug_locale_idx` (`slug`,`locale`),
  KEY `craft_elements_i18n_enabled_idx` (`enabled`),
  KEY `craft_elements_i18n_locale_fk` (`locale`)
) ENGINE=InnoDB AUTO_INCREMENT=208 DEFAULT CHARSET=utf8 COLLATE=utf8_unicode_ci;

--
-- Data for table `craft_elements_i18n`
--

INSERT INTO `craft_elements_i18n` (`id`, `elementId`, `locale`, `slug`, `uri`, `enabled`, `dateCreated`, `dateUpdated`, `uid`) VALUES
 ('1', '1', 'en', '', NULL, '1', '2017-09-15 09:15:42', '2017-09-15 09:15:42', '15b879a3-2ca2-476e-8b04-18b6af670c7f'),
 ('4', '4', 'en', 'credo', NULL, '1', '2017-09-15 09:20:14', '2017-09-21 08:56:42', 'eae10dd4-625a-4a66-a56c-a5bb1892b930'),
 ('5', '5', 'en', 'finnes', NULL, '1', '2017-09-15 09:20:20', '2017-09-21 08:56:42', '8cb3b1a4-ffa7-4cff-84f5-338529d4f378'),
 ('6', '6', 'en', 'jossa', NULL, '1', '2017-09-15 09:20:24', '2017-09-21 08:56:42', '6026c723-d26d-4897-bf7b-c81ef9616c63'),
 ('7', '7', 'en', 'restaurant', 'restaurant', '1', '2017-09-15 09:53:53', '2018-01-10 11:57:30', '80be9e4b-6577-41d0-a0ba-27cba813cf3f'),
 ('8', '8', 'en', 'finnes', 'finnes', '1', '2017-09-15 09:53:58', '2018-01-10 13:17:26', '196c31fa-9a05-466d-af1e-35d8b4bd029f'),
 ('9', '9', 'en', 'jossa', 'jossa', '1', '2017-09-15 09:54:03', '2018-01-10 14:33:46', '6d80051c-0535-46a6-ae02-94e5f3b5f74e'),
 ('10', '10', 'en', 'meny', 'finnes/meny', '1', '2017-09-15 09:55:04', '2017-12-17 19:41:26', 'e6bde660-24b9-4819-841e-c915a07d2751'),
 ('11', '11', 'en', 'journal', 'finnes/journal', '1', '2017-09-15 09:55:10', '2017-09-23 18:04:12', '26f0d65d-0542-4285-8230-4218db9699f0'),
 ('12', '12', 'en', 'om-oss', 'finnes/om-oss', '1', '2017-09-15 09:55:19', '2018-01-10 13:17:28', '0c65a8e4-6b61-4314-8930-08f3905705b7'),
 ('13', '13', 'en', 'kontakt', 'finnes/kontakt', '1', '2017-09-15 09:55:23', '2018-01-10 13:23:24', '11d36eb9-9362-4e47-a0f1-6a16cdd27363'),
 ('14', '14', 'en', 'presse', 'finnes/presse', '1', '2017-09-15 09:55:28', '2017-09-23 18:27:51', '0a5215c3-7239-4f53-8058-bfa5829f4e78'),
 ('15', '15', 'en', 'journal', 'restaurant/journal', '1', '2017-09-15 09:55:44', '2017-12-11 12:22:08', '34ded92c-1554-4b1c-9008-ba1b6fd263af'),
 ('16', '16', 'en', 'om-oss', 'restaurant/om-oss', '1', '2017-09-15 09:56:09', '2018-01-10 12:12:03', '33cdbfbb-8473-485e-9ee2-993efd94a74a'),
 ('17', '17', 'en', 'kontakt', 'restaurant/kontakt', '1', '2017-09-15 09:56:17', '2018-01-10 13:27:32', '34641c80-9970-441f-931f-e5435f505b97'),
 ('18', '18', 'en', 'presse', 'restaurant/presse', '1', '2017-09-15 09:56:21', '2018-01-10 11:46:17', '870111b8-0dac-477c-9825-2bb98e2a9228'),
 ('19', '19', 'en', 'journal', 'jossa/journal', '1', '2017-09-15 09:56:38', '2017-09-23 18:04:25', '701f9d4a-12cd-4c98-bbe4-a198657c47b2'),
 ('20', '20', 'en', 'om-oss', 'jossa/om-oss', '1', '2017-09-15 09:56:42', '2018-01-10 14:33:49', '4acdb139-70af-4971-ac05-ca9e3e4103db'),
 ('21', '21', 'en', 'prsse', 'jossa/prsse', '1', '2017-09-15 09:56:47', '2017-09-23 18:28:08', '71badba8-00d2-4832-acbc-7e220dc2e8c4'),
 ('22', '22', 'en', 'kontakt', 'jossa/kontakt', '1', '2017-09-15 09:56:57', '2018-01-10 13:22:13', '63338fa9-eaab-41ca-ad91-e2237c813015'),
 ('42', '42', 'en', '', NULL, '1', '2017-09-21 07:55:58', '2017-09-21 08:27:56', '9de981cb-f5de-410e-9790-cdd0b11f103e'),
 ('49', '49', 'en', '', NULL, '1', '2017-09-21 09:46:55', '2017-09-21 09:46:55', '41bbebe3-58e8-4ab5-95dd-06b13e55cf7a'),
 ('50', '50', 'en', '', NULL, '1', '2017-09-21 09:47:25', '2017-09-21 09:47:25', '5b3c732c-d8cc-4697-b849-a7a0d3f4233c'),
 ('51', '51', 'en', '21886692-10159392533680584-1810545768-o', NULL, '1', '2017-09-21 09:53:01', '2017-09-21 09:53:01', '74871854-022a-4366-a40b-b598f59020d0'),
 ('53', '53', 'en', '', NULL, '1', '2017-09-21 09:53:14', '2017-12-17 19:33:54', '8606d750-8391-4dbf-9cc3-b01c7178da1c'),
 ('54', '54', 'en', '21366932-726196667580983-5094451678688575757-o', NULL, '1', '2017-09-21 10:12:44', '2017-09-21 10:12:44', '21c96b1d-e1db-45bf-b331-38e2820ec326'),
 ('55', '55', 'en', 'ramen-pa-finnes-torsdag-21-september', 'journal/ramen-pa-finnes-torsdag-21-september', '1', '2017-09-21 10:14:10', '2017-09-21 10:14:10', 'fc205ee6-6213-4410-b13f-7b87f6ddd695'),
 ('56', '56', 'en', '', NULL, '1', '2017-09-21 10:14:10', '2017-09-21 10:14:10', '370708f6-1176-40b2-97af-464cdef2bb97'),
 ('57', '57', 'en', '41-z3800-edit', NULL, '1', '2017-09-21 10:21:43', '2017-09-21 10:21:43', '364a4d8a-d7dd-4ca9-be41-ecfd88531310'),
 ('59', '59', 'en', '', NULL, '1', '2017-09-21 10:27:29', '2017-09-21 10:27:29', '634da465-55ba-42fa-8b7a-4741554198a9'),
 ('60', '60', 'en', '', NULL, '1', '2017-09-21 11:48:20', '2018-01-10 11:57:30', '43651312-6211-4432-9608-6640c1a33ce2'),
 ('62', '62', 'en', '', NULL, '1', '2017-09-21 11:48:20', '2018-01-10 11:57:30', '8971eb2c-0d84-4c9d-8b37-d60d144c245e'),
 ('65', '65', 'en', 'img-3059', NULL, '1', '2017-09-21 11:49:12', '2017-09-21 11:49:12', '59a188da-5821-4c0f-9230-84e9d0ecdd1b'),
 ('66', '66', 'en', '', NULL, '1', '2017-09-21 13:23:03', '2017-09-21 13:23:03', 'ba9bc7ec-b90f-416b-bc1e-9d1659980581'),
 ('68', '68', 'en', 'meny', 'jossa/meny', '1', '2017-09-23 18:29:10', '2018-01-10 13:20:51', '89efa2bc-9db4-4095-92d9-9446a79926eb'),
 ('69', '69', 'en', 'meny', 'restaurant/meny', '1', '2017-09-24 06:24:06', '2018-01-10 11:45:59', 'e22b907d-6a7c-46dc-a1f9-18cb90819962'),
 ('71', '71', 'en', '41-z5249-edit', NULL, '1', '2017-09-24 06:48:53', '2017-09-24 06:48:53', '890433d1-acc2-4ed6-84e4-0ac23c94efd2'),
 ('74', '74', 'en', '', NULL, '1', '2017-09-24 07:02:20', '2018-01-10 13:27:32', '72b5bcaf-a366-4ef2-9dd0-f21ace9c2cbd'),
 ('76', '76', 'en', '', NULL, '1', '2017-12-15 10:25:25', '2018-01-10 11:57:30', '84d6f2ac-18a8-4c81-8780-3391b2f2d4ee'),
 ('77', '77', 'en', '', NULL, '1', '2017-12-15 10:25:25', '2018-01-10 11:57:30', '822c8636-8616-4b62-a3d9-bfb50540a177'),
 ('78', '78', 'en', 'skjermbilde-2017-12-15-11-34-14', NULL, '1', '2017-12-15 11:10:51', '2017-12-15 11:10:51', 'e2989f9e-1327-411b-b092-864058dc944f'),
 ('79', '79', 'en', 'gulrotter', NULL, '1', '2017-12-15 11:36:12', '2017-12-15 11:36:12', 'b63a3e4a-430e-4ebe-b62b-a6e41c5ce6e0'),
 ('80', '80', 'en', '', NULL, '1', '2017-12-15 11:38:07', '2018-01-10 11:57:30', 'a99833ff-bd30-41c8-add6-b3ba78f2c6f3'),
 ('81', '81', 'en', 'bergs-maskinhall-eksterior', NULL, '1', '2017-12-15 11:43:13', '2017-12-15 11:43:13', 'da8ee980-131d-40dc-a5aa-bcb1961a57c8'),
 ('82', '82', 'en', 'b5-a6794', NULL, '1', '2017-12-15 11:48:33', '2017-12-15 11:48:33', 'c1dd8ddd-5cf3-41f1-a77d-6d296d85a5c4'),
 ('83', '83', 'en', 'vi-gjenapner-pa-lilleby', 'journal/vi-gjenapner-pa-lilleby', '1', '2017-12-15 11:58:11', '2017-12-17 13:35:05', 'a845f53a-07ef-4465-bb4a-23c6ef016ce4'),
 ('84', '84', 'en', '', NULL, '1', '2017-12-15 11:58:11', '2017-12-17 13:35:05', 'cdf5ff72-4682-47af-8213-127574b72d42'),
 ('85', '85', 'en', '', NULL, '1', '2017-12-15 11:58:11', '2017-12-17 13:35:05', '8b005da9-27a8-4441-8219-edd0cf1aa227'),
 ('86', '86', 'en', '', NULL, '1', '2017-12-15 12:04:13', '2017-12-17 13:35:05', 'f0211605-dc96-40b5-a209-dd62a41ae958'),
 ('87', '87', 'en', '', NULL, '1', '2017-12-15 12:04:13', '2017-12-17 13:35:05', '2c3cce40-7d13-481f-88b0-3615aec042e1'),
 ('88', '88', 'en', 'b5-a6477', NULL, '1', '2017-12-15 12:05:02', '2017-12-15 12:05:02', '78d36600-4eda-47b2-9218-1d70888735e6'),
 ('89', '89', 'en', 'b5-a7178-edit', NULL, '1', '2017-12-15 12:07:28', '2017-12-15 12:07:28', '09fead19-3b52-456c-9315-05913c1c0017'),
 ('90', '90', 'en', 'skjolberg-sondre', 'journal/skjolberg-sondre', '1', '2017-12-15 12:08:02', '2017-12-15 14:20:17', '0df4164c-0b58-488f-9bef-9d5e4a581cce'),
 ('91', '91', 'en', '', NULL, '1', '2017-12-15 12:08:02', '2017-12-15 14:20:17', '35e11290-0ea0-4665-a7e9-821885de266c'),
 ('92', '92', 'en', 'b5-a7375', NULL, '1', '2017-12-15 12:09:08', '2017-12-15 12:09:08', '0a45318a-7733-4608-8c60-414e3d96d85a'),
 ('93', '93', 'en', '41-z4231-edit', NULL, '1', '2017-12-15 12:10:26', '2017-12-15 12:10:26', 'f5645b48-fb2b-43b6-870f-696e46c075af'),
 ('94', '94', 'en', 'fannremsgarden', 'journal/fannremsgarden', '1', '2017-12-15 12:10:33', '2017-12-15 14:19:55', '8674a39e-9dd8-4048-a262-d60add8d6cbf'),
 ('95', '95', 'en', '', NULL, '1', '2017-12-15 12:10:33', '2017-12-15 14:19:55', 'aa5a9ea3-988a-42ed-b2ad-2105b467eebc'),
 ('96', '96', 'en', '41-z0093', NULL, '1', '2017-12-15 12:12:34', '2017-12-15 12:12:34', '5819a946-368f-4fdb-8142-6507b7aa0ff6'),
 ('97', '97', 'en', '', NULL, '1', '2017-12-15 12:12:59', '2018-01-10 11:57:30', '92303189-1af2-4567-bf12-bb2618ecf191'),
 ('98', '98', 'en', 'b5-a6903', NULL, '1', '2017-12-15 12:25:43', '2017-12-15 12:25:43', '30ac5007-f2f9-4f46-81f3-2b285abe10ee'),
 ('99', '99', 'en', 'ere8482', NULL, '1', '2017-12-15 12:27:19', '2017-12-15 12:27:19', '5c6d277b-40d5-4bec-8115-5da5b1fcb6fe'),
 ('100', '100', 'en', 'b5-a6629', NULL, '1', '2017-12-15 12:29:35', '2017-12-15 12:29:35', 'd5f4c86e-3d57-4132-8eda-5343b2278592'),
 ('101', '101', 'en', 'traena-034', NULL, '1', '2017-12-15 12:34:20', '2017-12-15 12:34:20', 'c6be0b6f-eaad-4af0-ae46-fbc50055e877'),
 ('102', '102', 'en', '', NULL, '1', '2017-12-15 12:34:47', '2018-01-10 12:12:03', '11a21cd1-d987-4179-a994-7230c7bbccd3'),
 ('103', '103', 'en', '', NULL, '1', '2017-12-15 12:34:47', '2018-01-10 12:12:03', '028e376d-d733-4c27-8ffa-8fdc8cd9fa2a'),
 ('104', '104', 'en', '', NULL, '1', '2017-12-15 12:34:47', '2018-01-10 12:12:03', 'b9ea8f78-97b4-4145-a638-8a6ff040aa46'),
 ('105', '105', 'en', '', NULL, '1', '2017-12-15 12:34:47', '2018-01-10 12:12:03', 'a731e197-8a2a-44f5-8e93-d119b8d7c65d'),
 ('106', '106', 'en', '', NULL, '1', '2017-12-15 12:34:47', '2018-01-10 12:12:03', '47667bb8-0443-49d9-a70b-ee5f06df2ec6'),
 ('109', '109', 'en', 'b5-a7193', NULL, '1', '2017-12-15 12:37:23', '2017-12-15 12:37:23', 'd558266f-1676-480e-976f-aa2351ca3772'),
 ('110', '110', 'en', 'b5-a7794-bw', NULL, '1', '2017-12-15 12:40:14', '2017-12-15 12:40:14', 'a6358217-6fa4-47a6-ba4b-391bc297e0d9'),
 ('115', '115', 'en', 'b5-a6881', NULL, '1', '2017-12-15 13:01:52', '2017-12-15 13:01:52', '0d982e90-560e-461c-8e65-5b40e7dfd47d'),
 ('117', '117', 'en', '', NULL, '1', '2017-12-15 13:06:33', '2018-01-10 11:45:59', 'a2dea8a7-ff7b-4780-b563-db3ba13783d3'),
 ('118', '118', 'en', '', NULL, '1', '2017-12-15 13:06:34', '2018-01-10 11:45:59', '6cf982a6-8b41-4b41-87f8-d66ac45ac415'),
 ('119', '119', 'en', '', NULL, '1', '2017-12-15 13:06:34', '2018-01-10 11:45:59', '682b1b3f-68d3-47e5-88e2-61c432f8e3fc'),
 ('120', '120', 'en', 'b5-a1077', NULL, '1', '2017-12-15 13:10:39', '2017-12-15 13:10:39', '921a1873-022f-4af1-a9fd-8320beea3069'),
 ('121', '121', 'en', '', NULL, '1', '2017-12-15 13:10:47', '2018-01-10 11:46:17', 'a402a8cb-0fd6-470e-a075-08ea63856dd6'),
 ('122', '122', 'en', 'b5-a1435-2-1', NULL, '1', '2017-12-15 13:15:04', '2017-12-15 13:15:04', '9fcae2d6-b415-4bcb-84c6-59fae903d656'),
 ('123', '123', 'en', '', NULL, '1', '2017-12-15 13:48:22', '2018-01-10 11:57:30', '31d1f59a-38ad-4518-a5a5-d08083f2c378'),
 ('124', '124', 'en', '', NULL, '1', '2017-12-15 13:48:22', '2018-01-10 11:57:30', '98eb0b8a-4b7b-44c7-9af0-5848b8bb0528'),
 ('125', '125', 'en', 'b5-a2315', NULL, '1', '2017-12-15 13:49:57', '2017-12-15 13:49:57', '5bbd634d-2bad-4b12-9775-f40ba0bed098'),
 ('126', '126', 'en', 'b5-a2523', NULL, '1', '2017-12-15 13:51:02', '2017-12-15 13:51:02', '4fbb4dc0-fb77-4ca9-beb7-795940bd5ab1'),
 ('127', '127', 'en', 'b5-a2044', NULL, '1', '2017-12-15 13:51:19', '2017-12-15 13:51:19', 'd8844a7a-56c4-4912-aaaa-b6bab23fc5f6'),
 ('129', '129', 'en', 'heidi-grisebinge-crop', NULL, '1', '2017-12-15 13:55:15', '2017-12-15 13:55:15', '157e246c-7afb-46fe-8f79-d10ee596eb91'),
 ('130', '130', 'en', 'heidi-grisebinge-crop2', NULL, '1', '2017-12-15 13:56:09', '2017-12-15 13:56:09', 'f8e28188-2390-4f3d-9db9-54b2f50b75fa'),
 ('131', '131', 'en', 'fiskeskoyte', NULL, '1', '2017-12-15 13:58:31', '2017-12-15 13:58:31', 'be242bab-b112-47e5-a822-88999debd7b7'),
 ('132', '132', 'en', 'finnes-skisse', NULL, '1', '2017-12-15 14:36:54', '2017-12-15 14:36:54', '415dcd8d-3011-4db0-a742-1ca7a70283b8'),
 ('133', '133', 'en', '', NULL, '1', '2017-12-15 14:45:49', '2018-01-10 13:17:26', 'ddee6d65-74e2-462e-9eef-98edc828e612'),
 ('134', '134', 'en', '', NULL, '1', '2017-12-15 14:45:50', '2018-01-10 13:17:26', 'f7fd6a09-50b3-436f-bf61-c87977462ac3'),
 ('135', '135', 'en', '', NULL, '1', '2017-12-15 14:45:50', '2018-01-10 13:17:26', '104c27d3-211f-4b1a-90fa-a7843cbe6f09'),
 ('136', '136', 'en', 'jossa-bilde-forside-skisse', NULL, '1', '2017-12-15 14:58:55', '2017-12-15 15:14:06', '84bcc59e-4f83-4658-a965-37fe191389ae'),
 ('137', '137', 'en', 'jossa-bilde-forside-skisse2', NULL, '1', '2017-12-15 15:13:28', '2017-12-15 15:13:28', 'afc27ffc-d291-456c-a9e4-bfeb6764fe6f'),
 ('139', '139', 'en', 'jossa-bilde-forside-skisse3', NULL, '1', '2017-12-15 15:14:35', '2017-12-15 15:14:35', 'cd0dc8cc-b008-48e1-8a6b-24a540418138'),
 ('141', '141', 'en', 'pa-tur-til-peru', 'journal/pa-tur-til-peru', '1', '2017-12-15 15:17:50', '2017-12-15 15:17:50', '6193565d-a605-4dcd-8711-5009085f09cb'),
 ('142', '142', 'en', '', NULL, '1', '2017-12-15 15:18:20', '2018-01-10 14:33:47', 'd918da09-b024-45ef-9f68-3f56ce8a4c43'),
 ('143', '143', 'en', 'b5-a1231', NULL, '1', '2017-12-15 15:20:28', '2017-12-15 15:20:28', '536b9306-c549-46ef-be08-1d02f29a6aa1'),
 ('144', '144', 'en', '', NULL, '1', '2017-12-15 15:21:00', '2017-12-17 19:00:21', '2fdd28c1-c19b-4189-ab3c-e4c4730880a5'),
 ('145', '145', 'en', '', NULL, '1', '2017-12-15 15:21:00', '2017-12-17 19:00:21', '31207ce9-a891-4b88-a3a5-65578f54b814'),
 ('146', '146', 'en', '41-z9983', NULL, '1', '2017-12-15 15:22:10', '2017-12-15 15:22:10', 'dc8593ed-ffc4-411f-b321-201ee0a2ea18'),
 ('147', '147', 'en', 'b5-a1236-1', NULL, '1', '2017-12-17 13:37:17', '2017-12-17 13:37:17', '4e2ab321-446b-4e17-b86f-7d4e296ffed1');
INSERT INTO `craft_elements_i18n` (`id`, `elementId`, `locale`, `slug`, `uri`, `enabled`, `dateCreated`, `dateUpdated`, `uid`) VALUES
 ('148', '148', 'en', 'jossa-crop', NULL, '1', '2017-12-17 13:39:49', '2017-12-17 13:39:49', '9b3ddeb4-47b5-43d9-8cf0-e6d6cffc1498'),
 ('149', '149', 'en', 'b5-a3135', NULL, '1', '2017-12-17 19:19:37', '2017-12-17 19:19:37', 'b2e65165-5687-4444-b0a2-26b6ac53bd5b'),
 ('150', '150', 'en', 'b5-a3098', NULL, '1', '2017-12-17 19:24:51', '2017-12-17 19:24:51', '3fcdd1dc-ca55-4695-a056-e92b0cdf73ea'),
 ('151', '151', 'en', 'b5-a1841', NULL, '1', '2017-12-17 19:25:50', '2017-12-17 19:25:50', '9568db87-78e4-4d01-8ef9-2b8e3e1cd601'),
 ('152', '152', 'en', 'b5-a3275-2', NULL, '1', '2017-12-17 19:27:21', '2017-12-17 19:27:21', '10232cc2-551f-45a3-8f36-ade100eb7e38'),
 ('153', '153', 'en', '', NULL, '1', '2017-12-17 19:27:46', '2017-12-17 19:33:54', 'c4b3755e-73cf-497d-b078-41ea34b6fb13'),
 ('154', '154', 'en', '', NULL, '1', '2017-12-17 19:27:46', '2017-12-17 19:33:54', 'e2c91b7c-ce59-43e5-b74e-937fa87bfef3'),
 ('156', '156', 'en', '', NULL, '1', '2017-12-17 19:27:46', '2017-12-17 19:33:54', 'e28654a5-63f0-4a3a-a73d-c01475e6d4df'),
 ('157', '157', 'en', 'b5-a7178-edit', NULL, '1', '2017-12-17 19:32:52', '2017-12-17 19:32:52', 'ce6f5d47-1c2a-4f31-a9b6-cc4e43649fe4'),
 ('158', '158', 'en', '', NULL, '1', '2017-12-17 19:33:54', '2017-12-17 19:33:54', 'b963a854-537c-417a-8680-456e5a943039'),
 ('159', '159', 'en', 'b5-a2954', NULL, '1', '2017-12-17 19:40:33', '2017-12-17 19:40:33', 'b7cc54ad-e0d2-4a4b-96d0-f60fb8da5a10'),
 ('160', '160', 'en', 'b5-a3150', NULL, '1', '2017-12-17 19:41:06', '2017-12-17 19:41:06', 'c3d69a56-31eb-457a-81ec-90ca9595693e'),
 ('161', '161', 'en', '', NULL, '1', '2017-12-17 19:41:26', '2017-12-17 19:41:26', 'd4e95830-66cc-4c1c-b35f-c4744666c3ae'),
 ('162', '162', 'en', '', NULL, '1', '2017-12-17 19:41:26', '2017-12-17 19:41:26', 'd16932c0-718e-4595-8a17-0f16af9c59c9'),
 ('163', '163', 'en', 'ere8763', NULL, '1', '2017-12-17 19:46:04', '2017-12-17 19:46:04', '598e584d-4be9-46a1-9476-9a564f9f073d'),
 ('165', '165', 'en', '', NULL, '1', '2017-12-17 19:48:05', '2018-01-10 13:20:51', 'a1a10550-c9c2-4629-86ba-81119102c102'),
 ('166', '166', 'en', '', NULL, '1', '2017-12-17 19:48:05', '2018-01-10 13:20:51', 'b4be57e8-0d4f-4d12-8397-f1dbfec6f3a1'),
 ('167', '167', 'en', '', NULL, '1', '2017-12-17 19:48:05', '2018-01-10 13:20:51', '1bb39bc6-9fc0-49af-b34c-458f746cbf4a'),
 ('168', '168', 'en', '', NULL, '1', '2017-12-17 19:48:05', '2018-01-10 13:20:51', '4aa93fc8-928d-493c-8786-43e038aebf6f'),
 ('170', '170', 'en', '41-z4010-edit-3', NULL, '1', '2018-01-10 11:27:44', '2018-01-10 11:27:44', 'f31d4ff8-cc57-4e60-9576-f315885c938a'),
 ('171', '171', 'en', 'heidi', 'journal/heidi', '1', '2018-01-10 11:28:00', '2018-01-10 11:31:56', '758bd5ab-8620-41a1-8e11-1979856b07ea'),
 ('172', '172', 'en', '', NULL, '1', '2018-01-10 11:28:00', '2018-01-10 11:31:56', 'fcee3b83-113b-4ec3-9888-71a916975407'),
 ('173', '173', 'en', '', NULL, '1', '2018-01-10 11:28:31', '2018-01-10 11:57:30', '952517a0-d0a5-45b3-97d3-36f524a382e1'),
 ('174', '174', 'en', 'heidi-kyr-crop', NULL, '1', '2018-01-10 11:31:49', '2018-01-10 11:31:49', 'f1c7dc20-3b53-4579-9699-2850447dec80'),
 ('175', '175', 'en', 'ere2362', NULL, '1', '2018-01-10 11:37:08', '2018-01-10 11:37:08', '8bdd9f7b-810a-4bd3-a499-127c5748a8b8'),
 ('176', '176', 'en', 'b5-a3150', NULL, '1', '2018-01-10 12:08:39', '2018-01-10 12:08:39', '9275a1a4-4701-41e8-a9b5-ab3ae376f5bb'),
 ('177', '177', 'en', '', NULL, '1', '2018-01-10 12:42:22', '2018-01-10 14:33:47', '1d60b48d-85d6-4ada-b018-61fd6ed59473'),
 ('178', '178', 'en', 'finnes-barnehjem-1024x647', NULL, '1', '2018-01-10 12:45:27', '2018-01-10 12:45:27', '67c4f103-7803-4438-b9e7-a55e69132b41'),
 ('179', '179', 'en', '', NULL, '1', '2018-01-10 12:45:56', '2018-01-10 13:17:26', '6827a93d-51f9-40c4-a4cc-dd8c5a309374'),
 ('180', '180', 'en', '', NULL, '1', '2018-01-10 12:50:19', '2018-01-10 13:20:51', 'f06a711b-515c-4b34-8be3-a3f2ee37d5c4'),
 ('181', '181', 'en', 'finnes-kafe1-stortsidebilde', NULL, '1', '2018-01-10 13:17:22', '2018-01-10 13:17:22', 'b516acf5-d8fa-4241-af16-f80d25198b36'),
 ('182', '182', 'en', '', NULL, '1', '2018-01-10 13:19:36', '2018-01-10 13:20:51', '5a557b19-971f-4513-8173-6ecfd36454cf'),
 ('183', '183', 'en', '', NULL, '1', '2018-01-10 13:20:51', '2018-01-10 13:20:51', 'cdce5eaf-b4a3-45be-980e-b64f35f66a43'),
 ('184', '184', 'en', '', NULL, '1', '2018-01-10 13:20:51', '2018-01-10 13:20:51', '75f7bdef-95b4-4455-841d-d4179d329972'),
 ('185', '185', 'en', '', NULL, '1', '2018-01-10 13:22:13', '2018-01-10 13:22:13', '8a2879d4-5462-44dd-bf53-51762766c3e3'),
 ('186', '186', 'en', '', NULL, '1', '2018-01-10 13:23:24', '2018-01-10 13:23:24', '09c4f9a2-853d-4975-a206-3cdba20d7bd9'),
 ('187', '187', 'en', 'b5-a1697', NULL, '1', '2018-01-10 13:28:26', '2018-01-10 13:28:26', 'dfd06b5f-5a96-443b-8c58-6708b48734dc'),
 ('188', '188', 'en', 'austria1-1000x600', NULL, '1', '2018-01-10 14:05:59', '2018-01-10 14:05:59', '34c619e4-fe68-443b-a056-5f0bb7b2283c'),
 ('189', '189', 'en', 'jossa-til-osterike', 'journal/jossa-til-osterike', '1', '2018-01-10 14:07:06', '2018-01-10 14:07:06', '9be5e89d-2cb1-461e-8c4d-348b85d38715'),
 ('190', '190', 'en', '', NULL, '1', '2018-01-10 14:07:06', '2018-01-10 14:07:06', '78e810bb-366f-4b2f-b145-149a3c091d96'),
 ('191', '191', 'en', 'p-nordiskkonst-1000x600', NULL, '1', '2018-01-10 14:07:48', '2018-01-10 14:07:48', '25cc26ea-2362-4445-a652-68b53bc68b13'),
 ('192', '192', 'en', 'jossa-til-sverige', 'journal/jossa-til-sverige', '1', '2018-01-10 14:08:30', '2018-01-10 14:08:30', '3c081379-2a71-4205-bdfc-371841cbbfba'),
 ('193', '193', 'en', '', NULL, '1', '2018-01-10 14:08:30', '2018-01-10 14:08:30', 'ecf15444-d287-4382-9681-5965ea4c0955'),
 ('194', '194', 'en', 'traena-127-web-1000x600', NULL, '1', '2018-01-10 14:09:30', '2018-01-10 14:09:30', 'f17598fb-467a-47e6-b381-af30c2f23167'),
 ('195', '195', 'en', 'jossa-pa-hjemmebane', 'journal/jossa-pa-hjemmebane', '1', '2018-01-10 14:10:01', '2018-01-10 14:10:01', '548c61f3-78f8-453c-8da2-83970754b04d'),
 ('196', '196', 'en', '', NULL, '1', '2018-01-10 14:10:01', '2018-01-10 14:10:01', '4194b58a-25b6-43d6-977c-60240385d5d5'),
 ('197', '197', 'en', '20160216-dsc3947-1000x600', NULL, '1', '2018-01-10 14:11:11', '2018-01-10 14:11:11', '6b6f52bf-14ea-4bf2-bde5-b8b295ac6e5d'),
 ('198', '198', 'en', 'smak-no-om-jossa-i-venezuela', 'journal/smak-no-om-jossa-i-venezuela', '1', '2018-01-10 14:12:03', '2018-01-10 14:12:30', 'c7b9371a-2767-4bdf-a85a-b4dacaaf0114'),
 ('200', '200', 'en', 'b5-a1163-1000x600', NULL, '1', '2018-01-10 14:16:03', '2018-01-10 14:16:03', '1d2872da-6f22-4c5e-8f30-3d701dbdf1de'),
 ('201', '201', 'en', 'lokalt-grogrunnlag', 'journal/lokalt-grogrunnlag', '1', '2018-01-10 14:16:19', '2018-01-10 14:16:19', 'd99fecbc-4f62-4d27-a30e-6a802bbd3da5'),
 ('202', '202', 'en', '', NULL, '1', '2018-01-10 14:16:19', '2018-01-10 14:16:19', '7ee5731c-1503-4757-8f1e-d3476764d7ce'),
 ('203', '203', 'en', '', NULL, '1', '2018-01-10 14:32:39', '2018-01-10 14:33:47', '0be65e6b-e782-4d88-b864-069b5e883459'),
 ('204', '204', 'en', '', NULL, '1', '2018-01-10 14:32:39', '2018-01-10 14:33:47', 'bd94c959-6337-4838-b0ba-4b9508f2e940'),
 ('205', '205', 'en', '', NULL, '1', '2018-01-10 14:32:39', '2018-01-10 14:33:47', 'a5d8bec4-23fb-43a6-9c3a-2376ce6705fb'),
 ('206', '206', 'en', '', NULL, '1', '2018-01-10 14:32:39', '2018-01-10 14:33:47', '34a0a1ab-d400-4e3d-9ac1-286e38465c00'),
 ('207', '207', 'en', '', NULL, '1', '2018-01-10 14:32:39', '2018-01-10 14:33:47', '55b8e0a0-20d6-4a43-a1fb-2ab485a1fc86');



DROP TABLE IF EXISTS `craft_emailmessages`;


--
-- Schema for table `craft_emailmessages`
--
CREATE TABLE `craft_emailmessages` (
  `id` int(11) NOT NULL AUTO_INCREMENT,
  `key` char(150) COLLATE utf8_unicode_ci NOT NULL,
  `locale` char(12) COLLATE utf8_unicode_ci NOT NULL,
  `subject` varchar(1000) COLLATE utf8_unicode_ci NOT NULL,
  `body` text COLLATE utf8_unicode_ci NOT NULL,
  `dateCreated` datetime NOT NULL,
  `dateUpdated` datetime NOT NULL,
  `uid` char(36) COLLATE utf8_unicode_ci NOT NULL DEFAULT '0',
  PRIMARY KEY (`id`),
  UNIQUE KEY `craft_emailmessages_key_locale_unq_idx` (`key`,`locale`),
  KEY `craft_emailmessages_locale_fk` (`locale`)
) ENGINE=InnoDB DEFAULT CHARSET=utf8 COLLATE=utf8_unicode_ci;

DROP TABLE IF EXISTS `craft_entries`;


--
-- Schema for table `craft_entries`
--
CREATE TABLE `craft_entries` (
  `id` int(11) NOT NULL,
  `sectionId` int(11) NOT NULL,
  `typeId` int(11) DEFAULT NULL,
  `authorId` int(11) DEFAULT NULL,
  `postDate` datetime DEFAULT NULL,
  `expiryDate` datetime DEFAULT NULL,
  `dateCreated` datetime NOT NULL,
  `dateUpdated` datetime NOT NULL,
  `uid` char(36) COLLATE utf8_unicode_ci NOT NULL DEFAULT '0',
  PRIMARY KEY (`id`),
  KEY `craft_entries_sectionId_idx` (`sectionId`),
  KEY `craft_entries_typeId_idx` (`typeId`),
  KEY `craft_entries_postDate_idx` (`postDate`),
  KEY `craft_entries_expiryDate_idx` (`expiryDate`),
  KEY `craft_entries_authorId_fk` (`authorId`)
) ENGINE=InnoDB DEFAULT CHARSET=utf8 COLLATE=utf8_unicode_ci;

--
-- Data for table `craft_entries`
--

INSERT INTO `craft_entries` (`id`, `sectionId`, `typeId`, `authorId`, `postDate`, `expiryDate`, `dateCreated`, `dateUpdated`, `uid`) VALUES
 ('7', '4', '4', '1', '2017-09-15 09:53:00', NULL, '2017-09-15 09:53:53', '2018-01-10 11:57:30', '720cf3ac-214f-4f02-bfad-9363762e864a'),
 ('8', '4', '4', '1', '2017-09-15 09:53:00', NULL, '2017-09-15 09:53:58', '2018-01-10 13:17:26', 'b8259406-da60-4996-911d-860c82bc0f1c'),
 ('9', '4', '4', '1', '2017-09-15 09:54:00', NULL, '2017-09-15 09:54:03', '2018-01-10 14:33:47', 'faf04e27-5268-45a2-ac6c-1f601bbc344f'),
 ('10', '4', '4', '1', '2017-09-15 09:55:00', NULL, '2017-09-15 09:55:04', '2017-12-17 19:41:26', '10823f6c-cb41-4ce3-a9c9-f56a3ef38898'),
 ('11', '4', '5', '1', '2017-09-15 09:55:00', NULL, '2017-09-15 09:55:10', '2017-09-23 18:04:12', '309390eb-768b-4a44-bcce-2607b94fca77'),
 ('12', '4', '4', '1', '2017-09-15 09:55:00', NULL, '2017-09-15 09:55:19', '2017-12-17 19:33:54', 'bf0b1c55-fc44-4201-9d8e-aa44d02bf1a1'),
 ('13', '4', '4', '1', '2017-09-15 09:55:00', NULL, '2017-09-15 09:55:23', '2018-01-10 13:23:24', '9eb8b132-2b22-42fb-8b21-0b12f056d072'),
 ('14', '4', '4', '1', '2017-09-15 09:55:00', NULL, '2017-09-15 09:55:28', '2017-09-23 18:27:51', 'bce10f77-10a3-4eb2-9de5-96d564516b0a'),
 ('15', '4', '5', '1', '2017-09-15 09:55:00', NULL, '2017-09-15 09:55:44', '2017-12-11 12:22:08', '9571ae7c-3b53-4104-9a61-ec6bee737bb3'),
 ('16', '4', '4', '1', '2017-09-15 09:56:00', NULL, '2017-09-15 09:56:09', '2018-01-10 12:12:03', 'c78fc82a-eb88-466a-8b35-d3345e3a313a'),
 ('17', '4', '4', '1', '2017-09-15 09:56:00', NULL, '2017-09-15 09:56:17', '2018-01-10 13:27:32', '3e0547cd-69b6-40b3-9700-e03878ffff7a'),
 ('18', '4', '4', '1', '2017-09-15 09:56:00', NULL, '2017-09-15 09:56:21', '2018-01-10 11:46:17', 'bee954ae-d04f-4460-9c9d-6b8cfff39467'),
 ('19', '4', '5', '1', '2017-09-15 09:56:00', NULL, '2017-09-15 09:56:38', '2017-09-23 18:04:25', '161d2f22-6fcc-484f-8b9d-2399bbafb083'),
 ('20', '4', '4', '1', '2017-09-15 09:56:00', NULL, '2017-09-15 09:56:42', '2017-12-17 19:00:21', '969aad43-6ce7-40e3-a77b-60a5ebefba47'),
 ('21', '4', '4', '1', '2017-09-15 09:56:00', NULL, '2017-09-15 09:56:47', '2017-09-23 18:28:08', '7f44dd3e-750f-4767-b8b6-9f2bc9f9a69a'),
 ('22', '4', '4', '1', '2017-09-15 09:56:00', NULL, '2017-09-15 09:56:57', '2018-01-10 13:22:13', 'd782d15b-97ec-43b9-b1a9-b914eeca6c6b'),
 ('55', '3', '3', '49', '2017-09-21 10:14:10', NULL, '2017-09-21 10:14:10', '2017-09-21 10:14:10', '60111b81-d9fa-4375-bf68-f1d2d4717235'),
 ('68', '4', '4', '59', '2017-09-23 18:29:00', NULL, '2017-09-23 18:29:10', '2018-01-10 13:20:51', '3b770f61-56fb-4d5a-9995-78e5bae112b2'),
 ('69', '4', '4', '59', '2017-09-24 06:24:00', NULL, '2017-09-24 06:24:06', '2018-01-10 11:45:59', '07b65997-2993-4c8a-bf45-7b34b7cfc2e9'),
 ('83', '3', '3', '49', '2017-12-15 11:58:00', NULL, '2017-12-15 11:58:11', '2017-12-17 13:35:05', '5dc9ce3b-9583-4ced-9c7f-2b1e289d9c23'),
 ('90', '3', '3', '49', '2017-12-15 12:08:00', NULL, '2017-12-15 12:08:02', '2017-12-15 14:20:17', '2be87e32-d1e0-4dfa-a800-6214a1762818'),
 ('94', '3', '3', '49', '2017-12-15 12:10:00', NULL, '2017-12-15 12:10:33', '2017-12-15 14:19:55', '8b623e82-c20b-44d4-ba65-38f7664f6c5d'),
 ('141', '3', '3', '49', '2017-12-15 15:17:50', NULL, '2017-12-15 15:17:50', '2017-12-15 15:17:50', '15feba97-872f-4004-a5db-f85765be85a3'),
 ('171', '3', '3', '49', '2018-01-10 11:28:00', NULL, '2018-01-10 11:28:00', '2018-01-10 11:31:56', 'b2295771-9ae2-4847-8455-137ca10af2a9'),
 ('189', '3', '3', '49', '2018-01-10 14:07:06', NULL, '2018-01-10 14:07:06', '2018-01-10 14:07:06', '35fcd744-ffb0-4db9-b800-dab3347a7494'),
 ('192', '3', '3', '49', '2018-01-10 14:08:30', NULL, '2018-01-10 14:08:30', '2018-01-10 14:08:30', 'fc5c6fc4-4749-43c0-b69b-5ddb571ea85a'),
 ('195', '3', '3', '49', '2018-01-10 14:10:00', NULL, '2018-01-10 14:10:01', '2018-01-10 14:10:01', '2117d47a-b1a7-4bfc-8e4c-12dab7d28bc4'),
 ('198', '3', '3', '49', '2018-01-10 14:12:00', NULL, '2018-01-10 14:12:03', '2018-01-10 14:12:30', 'a61c058b-7453-42db-9532-bf96a2c7fec8'),
 ('201', '3', '3', '49', '2018-01-10 14:16:19', NULL, '2018-01-10 14:16:19', '2018-01-10 14:16:19', '62e81288-51c4-44b2-96e3-fd5426153b9e');



DROP TABLE IF EXISTS `craft_entrydrafts`;


--
-- Schema for table `craft_entrydrafts`
--
CREATE TABLE `craft_entrydrafts` (
  `id` int(11) NOT NULL AUTO_INCREMENT,
  `entryId` int(11) NOT NULL,
  `sectionId` int(11) NOT NULL,
  `creatorId` int(11) NOT NULL,
  `locale` char(12) COLLATE utf8_unicode_ci NOT NULL,
  `name` varchar(255) COLLATE utf8_unicode_ci NOT NULL,
  `notes` tinytext COLLATE utf8_unicode_ci,
  `data` mediumtext COLLATE utf8_unicode_ci NOT NULL,
  `dateCreated` datetime NOT NULL,
  `dateUpdated` datetime NOT NULL,
  `uid` char(36) COLLATE utf8_unicode_ci NOT NULL DEFAULT '0',
  PRIMARY KEY (`id`),
  KEY `craft_entrydrafts_entryId_locale_idx` (`entryId`,`locale`),
  KEY `craft_entrydrafts_sectionId_fk` (`sectionId`),
  KEY `craft_entrydrafts_creatorId_fk` (`creatorId`),
  KEY `craft_entrydrafts_locale_fk` (`locale`)
) ENGINE=InnoDB DEFAULT CHARSET=utf8 COLLATE=utf8_unicode_ci;

DROP TABLE IF EXISTS `craft_entrytypes`;


--
-- Schema for table `craft_entrytypes`
--
CREATE TABLE `craft_entrytypes` (
  `id` int(11) NOT NULL AUTO_INCREMENT,
  `sectionId` int(11) NOT NULL,
  `fieldLayoutId` int(11) DEFAULT NULL,
  `name` varchar(255) COLLATE utf8_unicode_ci NOT NULL,
  `handle` varchar(255) COLLATE utf8_unicode_ci NOT NULL,
  `hasTitleField` tinyint(1) unsigned NOT NULL DEFAULT '1',
  `titleLabel` varchar(255) COLLATE utf8_unicode_ci DEFAULT 'Title',
  `titleFormat` varchar(255) COLLATE utf8_unicode_ci DEFAULT NULL,
  `sortOrder` smallint(6) unsigned DEFAULT NULL,
  `dateCreated` datetime NOT NULL,
  `dateUpdated` datetime NOT NULL,
  `uid` char(36) COLLATE utf8_unicode_ci NOT NULL DEFAULT '0',
  PRIMARY KEY (`id`),
  UNIQUE KEY `craft_entrytypes_name_sectionId_unq_idx` (`name`,`sectionId`),
  UNIQUE KEY `craft_entrytypes_handle_sectionId_unq_idx` (`handle`,`sectionId`),
  KEY `craft_entrytypes_sectionId_fk` (`sectionId`),
  KEY `craft_entrytypes_fieldLayoutId_fk` (`fieldLayoutId`)
) ENGINE=InnoDB AUTO_INCREMENT=6 DEFAULT CHARSET=utf8 COLLATE=utf8_unicode_ci;

--
-- Data for table `craft_entrytypes`
--

INSERT INTO `craft_entrytypes` (`id`, `sectionId`, `fieldLayoutId`, `name`, `handle`, `hasTitleField`, `titleLabel`, `titleFormat`, `sortOrder`, `dateCreated`, `dateUpdated`, `uid`) VALUES
 ('3', '3', '100', 'Journal', 'journal', '1', 'Title', NULL, '1', '2017-09-15 09:53:17', '2017-12-18 12:40:48', '70158c5a-3358-4d1a-925b-1e45eda7b756'),
 ('4', '4', '101', 'Sider', 'sider', '1', 'Title', NULL, '1', '2017-09-15 09:53:34', '2017-12-18 12:41:08', 'd9f96d77-6e08-49f6-814c-66b3e2582648'),
 ('5', '4', '97', 'Journal', 'journal', '1', 'Title', NULL, '2', '2017-09-20 13:09:38', '2017-09-20 13:18:49', 'e8a02e2a-e84a-4101-b34c-074980617ad1');



DROP TABLE IF EXISTS `craft_entryversions`;


--
-- Schema for table `craft_entryversions`
--
CREATE TABLE `craft_entryversions` (
  `id` int(11) NOT NULL AUTO_INCREMENT,
  `entryId` int(11) NOT NULL,
  `sectionId` int(11) NOT NULL,
  `creatorId` int(11) DEFAULT NULL,
  `locale` char(12) COLLATE utf8_unicode_ci NOT NULL,
  `num` smallint(6) unsigned NOT NULL,
  `notes` tinytext COLLATE utf8_unicode_ci,
  `data` mediumtext COLLATE utf8_unicode_ci NOT NULL,
  `dateCreated` datetime NOT NULL,
  `dateUpdated` datetime NOT NULL,
  `uid` char(36) COLLATE utf8_unicode_ci NOT NULL DEFAULT '0',
  PRIMARY KEY (`id`),
  KEY `craft_entryversions_entryId_locale_idx` (`entryId`,`locale`),
  KEY `craft_entryversions_sectionId_fk` (`sectionId`),
  KEY `craft_entryversions_creatorId_fk` (`creatorId`),
  KEY `craft_entryversions_locale_fk` (`locale`)
) ENGINE=InnoDB AUTO_INCREMENT=212 DEFAULT CHARSET=utf8 COLLATE=utf8_unicode_ci;

--
-- Data for table `craft_entryversions`
--

INSERT INTO `craft_entryversions` (`id`, `entryId`, `sectionId`, `creatorId`, `locale`, `num`, `notes`, `data`, `dateCreated`, `dateUpdated`, `uid`) VALUES
 ('4', '7', '4', '1', 'en', '1', '', '{\"typeId\":null,\"authorId\":\"1\",\"title\":\"Credo\",\"slug\":\"credo\",\"postDate\":1505469233,\"expiryDate\":null,\"enabled\":1,\"parentId\":\"\",\"fields\":[]}', '2017-09-15 09:53:53', '2017-09-15 09:53:53', 'c87e392b-44d5-4ce2-b1e6-7e36f9f4784a'),
 ('5', '8', '4', '1', 'en', '1', '', '{\"typeId\":null,\"authorId\":\"1\",\"title\":\"Finnes\",\"slug\":\"finnes\",\"postDate\":1505469238,\"expiryDate\":null,\"enabled\":1,\"parentId\":\"\",\"fields\":[]}', '2017-09-15 09:53:59', '2017-09-15 09:53:59', '5972b935-ad0d-44d0-a48d-51b50625b3ca'),
 ('6', '9', '4', '1', 'en', '1', '', '{\"typeId\":null,\"authorId\":\"1\",\"title\":\"Jossa\",\"slug\":\"jossa\",\"postDate\":1505469243,\"expiryDate\":null,\"enabled\":1,\"parentId\":\"\",\"fields\":[]}', '2017-09-15 09:54:03', '2017-09-15 09:54:03', 'beec564a-24ae-4972-b47e-bc9fe70bee27'),
 ('7', '10', '4', '1', 'en', '1', '', '{\"typeId\":null,\"authorId\":\"1\",\"title\":\"Meny\",\"slug\":\"meny\",\"postDate\":1505469304,\"expiryDate\":null,\"enabled\":1,\"parentId\":\"\",\"fields\":[]}', '2017-09-15 09:55:04', '2017-09-15 09:55:04', '3b7fab9b-b557-47a7-b781-40fa476948ce'),
 ('8', '11', '4', '1', 'en', '1', '', '{\"typeId\":null,\"authorId\":\"1\",\"title\":\"Journal\",\"slug\":\"journal\",\"postDate\":1505469310,\"expiryDate\":null,\"enabled\":1,\"parentId\":\"\",\"fields\":[]}', '2017-09-15 09:55:10', '2017-09-15 09:55:10', '4291a2cc-ea33-42d9-af78-2c91927991d1'),
 ('9', '12', '4', '1', 'en', '1', '', '{\"typeId\":null,\"authorId\":\"1\",\"title\":\"Om oss\",\"slug\":\"om-oss\",\"postDate\":1505469319,\"expiryDate\":null,\"enabled\":1,\"parentId\":\"\",\"fields\":[]}', '2017-09-15 09:55:19', '2017-09-15 09:55:19', 'd6a843c1-0c5f-422f-8288-7c6f79460d0e'),
 ('10', '13', '4', '1', 'en', '1', '', '{\"typeId\":null,\"authorId\":\"1\",\"title\":\"Kontakt\",\"slug\":\"kontakt\",\"postDate\":1505469323,\"expiryDate\":null,\"enabled\":1,\"parentId\":\"\",\"fields\":[]}', '2017-09-15 09:55:23', '2017-09-15 09:55:23', 'ffae5466-9f37-45dc-beef-5ae2b7e544fa'),
 ('11', '14', '4', '1', 'en', '1', '', '{\"typeId\":null,\"authorId\":\"1\",\"title\":\"Presse\",\"slug\":\"presse\",\"postDate\":1505469328,\"expiryDate\":null,\"enabled\":1,\"parentId\":\"\",\"fields\":[]}', '2017-09-15 09:55:28', '2017-09-15 09:55:28', '15265d33-a284-4694-a370-740cb7cd32b3'),
 ('12', '15', '4', '1', 'en', '1', '', '{\"typeId\":null,\"authorId\":\"1\",\"title\":\"Jounral\",\"slug\":\"jounral\",\"postDate\":1505469344,\"expiryDate\":null,\"enabled\":1,\"parentId\":\"\",\"fields\":[]}', '2017-09-15 09:55:44', '2017-09-15 09:55:44', '63b5a04f-a130-41a9-9088-db379b91dc0a'),
 ('13', '15', '4', '1', 'en', '2', '', '{\"typeId\":\"4\",\"authorId\":\"1\",\"title\":\"Journal\",\"slug\":\"journal\",\"postDate\":1505469300,\"expiryDate\":null,\"enabled\":1,\"parentId\":\"\",\"fields\":[]}', '2017-09-15 09:55:56', '2017-09-15 09:55:56', 'ce9778f8-130c-431e-a149-4d88c1f5e682'),
 ('14', '16', '4', '1', 'en', '1', '', '{\"typeId\":null,\"authorId\":\"1\",\"title\":\"Om oss\",\"slug\":\"om-oss\",\"postDate\":1505469369,\"expiryDate\":null,\"enabled\":1,\"parentId\":\"\",\"fields\":[]}', '2017-09-15 09:56:09', '2017-09-15 09:56:09', '7ffad8f4-9d89-48e0-b3cf-ee92286a4940'),
 ('15', '17', '4', '1', 'en', '1', '', '{\"typeId\":null,\"authorId\":\"1\",\"title\":\"Kontakt\",\"slug\":\"kontakt\",\"postDate\":1505469377,\"expiryDate\":null,\"enabled\":1,\"parentId\":\"\",\"fields\":[]}', '2017-09-15 09:56:17', '2017-09-15 09:56:17', '37fc2744-2d46-4761-a406-2e67c09ef6b2'),
 ('16', '18', '4', '1', 'en', '1', '', '{\"typeId\":null,\"authorId\":\"1\",\"title\":\"Presse\",\"slug\":\"presse\",\"postDate\":1505469381,\"expiryDate\":null,\"enabled\":1,\"parentId\":\"\",\"fields\":[]}', '2017-09-15 09:56:22', '2017-09-15 09:56:22', 'ab7a0180-80d0-446d-9a1c-058142465447'),
 ('17', '19', '4', '1', 'en', '1', '', '{\"typeId\":null,\"authorId\":\"1\",\"title\":\"Journal\",\"slug\":\"journal\",\"postDate\":1505469398,\"expiryDate\":null,\"enabled\":1,\"parentId\":\"\",\"fields\":[]}', '2017-09-15 09:56:38', '2017-09-15 09:56:38', 'cbcecf55-9fe5-4237-9520-37c7445cd72e'),
 ('18', '20', '4', '1', 'en', '1', '', '{\"typeId\":null,\"authorId\":\"1\",\"title\":\"Om oss\",\"slug\":\"om-oss\",\"postDate\":1505469402,\"expiryDate\":null,\"enabled\":1,\"parentId\":\"\",\"fields\":[]}', '2017-09-15 09:56:42', '2017-09-15 09:56:42', '922435e5-9429-43d3-9130-da9c8b29ffcf'),
 ('19', '21', '4', '1', 'en', '1', '', '{\"typeId\":null,\"authorId\":\"1\",\"title\":\"Prsse\",\"slug\":\"prsse\",\"postDate\":1505469407,\"expiryDate\":null,\"enabled\":1,\"parentId\":\"\",\"fields\":[]}', '2017-09-15 09:56:47', '2017-09-15 09:56:47', '6c468606-7eac-4ba9-9dd8-f0d8bce0f7f3'),
 ('20', '21', '4', '1', 'en', '2', '', '{\"typeId\":\"4\",\"authorId\":\"1\",\"title\":\"Presse\",\"slug\":\"prsse\",\"postDate\":1505469360,\"expiryDate\":null,\"enabled\":1,\"parentId\":\"\",\"fields\":[]}', '2017-09-15 09:56:52', '2017-09-15 09:56:52', '72f1d417-0265-4673-83cd-9484692588c5'),
 ('21', '22', '4', '1', 'en', '1', '', '{\"typeId\":null,\"authorId\":\"1\",\"title\":\"Kontakt\",\"slug\":\"kontakt\",\"postDate\":1505469417,\"expiryDate\":null,\"enabled\":1,\"parentId\":\"\",\"fields\":[]}', '2017-09-15 09:56:57', '2017-09-15 09:56:57', '5420b921-5873-4884-a39a-a8a5c1c87344'),
 ('22', '7', '4', '1', 'en', '2', '', '{\"typeId\":\"4\",\"authorId\":\"1\",\"title\":\"Credo\",\"slug\":\"credo\",\"postDate\":1505469180,\"expiryDate\":null,\"enabled\":1,\"parentId\":\"\",\"fields\":{\"3\":{\"new0\":{\"modified\":\"1\",\"type\":\"introLinks\",\"enabled\":\"1\",\"collapsed\":\"0\",\"level\":\"0\",\"fields\":{\"standardHeading\":\"Hva ser du etter?\",\"customIntroLinks\":{\"new1\":{\"type\":\"link\",\"enabled\":\"1\",\"fields\":{\"navn\":\"Booke bord\",\"internLink\":\"\",\"externalLink\":\"\"}},\"new2\":{\"type\":\"link\",\"enabled\":\"1\",\"fields\":{\"navn\":\"Lese journal\",\"internLink\":\"\",\"externalLink\":\"\"}},\"new3\":{\"type\":\"link\",\"enabled\":\"1\",\"fields\":{\"navn\":\"L\\u00e6re mer om v\\u00e5r filosofi\",\"internLink\":\"\",\"externalLink\":\"\"}}}}},\"new1\":{\"modified\":\"1\",\"type\":\"introBoxes\",\"enabled\":\"1\",\"collapsed\":\"0\",\"level\":\"0\",\"fields\":{\"standardHeading\":\"Kj\\u00e6rlighet for r\\u00e5varen\",\"standardBodyText\":\"<p>Vi har troa. <br>Det er ikke dyrene som skal avles. <br>Det er kunnskapen som skal dyrkes.<\\/p>\"}},\"new2\":{\"modified\":\"1\",\"type\":\"journal\",\"enabled\":\"1\",\"collapsed\":\"0\",\"level\":\"0\",\"fields\":{\"customChooseJournal\":\"\"}},\"new3\":{\"modified\":\"1\",\"type\":\"journal\",\"enabled\":\"1\",\"collapsed\":\"0\",\"level\":\"0\",\"fields\":{\"customChooseJournal\":\"\"}},\"new4\":{\"modified\":\"1\",\"type\":\"imageFullWidth\",\"enabled\":\"1\",\"collapsed\":\"0\",\"level\":\"0\",\"fields\":{\"standardHeading\":\"\",\"standardBodyText\":\"\"}},\"new5\":{\"modified\":\"1\",\"type\":\"imageWithText\",\"enabled\":\"1\",\"collapsed\":\"0\",\"level\":\"0\",\"fields\":{\"standardBodyText\":\"\"}},\"new6\":{\"modified\":\"1\",\"type\":\"journal\",\"enabled\":\"1\",\"collapsed\":\"0\",\"level\":\"0\",\"fields\":{\"customChooseJournal\":\"\"}},\"new7\":{\"modified\":\"1\",\"type\":\"textQuote\",\"enabled\":\"1\",\"collapsed\":\"0\",\"level\":\"0\",\"fields\":{\"standardBodyText\":\"\",\"standardSubHeading\":\"\"}},\"new8\":{\"modified\":\"1\",\"type\":\"journal\",\"enabled\":\"1\",\"collapsed\":\"0\",\"level\":\"0\",\"fields\":{\"customChooseJournal\":\"\"}}}}}', '2017-09-20 09:04:05', '2017-09-20 09:04:05', '3a17b61c-3d43-48d5-a1b4-c1bd983b2570'),
 ('23', '7', '4', '1', 'en', '3', '', '{\"typeId\":\"4\",\"authorId\":\"1\",\"title\":\"Credo\",\"slug\":\"credo-1\",\"postDate\":1505469180,\"expiryDate\":null,\"enabled\":1,\"parentId\":\"\",\"fields\":{\"3\":{\"23\":{\"modified\":\"1\",\"type\":\"introLinks\",\"enabled\":\"1\",\"collapsed\":\"1\",\"level\":\"0\",\"fields\":{\"standardHeading\":\"Hva ser du etter?\",\"customIntroLinks\":{\"24\":{\"type\":\"link\",\"enabled\":\"1\",\"fields\":{\"navn\":\"Booke bord\",\"internLink\":\"\",\"externalLink\":\"\"}},\"25\":{\"type\":\"link\",\"enabled\":\"1\",\"fields\":{\"navn\":\"Lese journal\",\"internLink\":\"\",\"externalLink\":\"\"}},\"26\":{\"type\":\"link\",\"enabled\":\"1\",\"fields\":{\"navn\":\"L\\u00e6re mer om v\\u00e5r filosofi\",\"internLink\":\"\",\"externalLink\":\"\"}}}}},\"27\":{\"modified\":\"1\",\"type\":\"introBoxes\",\"enabled\":\"1\",\"collapsed\":\"1\",\"level\":\"0\",\"fields\":{\"standardHeading\":\"Kj\\u00e6rlighet for r\\u00e5varen\",\"standardBodyText\":\"<p>Vi har troa. <br>Det er ikke dyrene som skal avles. <br>Det er kunnskapen som skal dyrkes.<\\/p>\"}},\"28\":{\"modified\":\"1\",\"type\":\"journal\",\"enabled\":\"1\",\"collapsed\":\"1\",\"level\":\"0\",\"fields\":{\"customChooseJournal\":\"\"}},\"29\":{\"modified\":\"1\",\"type\":\"journal\",\"enabled\":\"1\",\"collapsed\":\"1\",\"level\":\"0\",\"fields\":{\"customChooseJournal\":\"\"}},\"30\":{\"modified\":\"1\",\"type\":\"imageFullWidth\",\"enabled\":\"1\",\"collapsed\":\"1\",\"level\":\"0\",\"fields\":{\"standardHeading\":\"\",\"standardBodyText\":\"\"}},\"31\":{\"modified\":\"1\",\"type\":\"imageWithText\",\"enabled\":\"1\",\"collapsed\":\"1\",\"level\":\"0\",\"fields\":{\"standardBodyText\":\"\"}},\"32\":{\"modified\":\"1\",\"type\":\"journal\",\"enabled\":\"1\",\"collapsed\":\"1\",\"level\":\"0\",\"fields\":{\"customChooseJournal\":\"\"}},\"33\":{\"modified\":\"1\",\"type\":\"textQuote\",\"enabled\":\"1\",\"collapsed\":\"1\",\"level\":\"0\",\"fields\":{\"standardBodyText\":\"\",\"standardSubHeading\":\"\"}},\"34\":{\"modified\":\"1\",\"type\":\"journal\",\"enabled\":\"1\",\"collapsed\":\"0\",\"level\":\"0\",\"fields\":{\"customChooseJournal\":\"\"}}}}}', '2017-09-20 09:37:41', '2017-09-20 09:37:41', '0db62fb4-7646-4ee2-aa4f-9fdadc75651a'),
 ('26', '7', '4', '1', 'en', '4', '', '{\"typeId\":\"4\",\"authorId\":\"1\",\"title\":\"Credo\",\"slug\":\"credo-1\",\"postDate\":1505469180,\"expiryDate\":null,\"enabled\":1,\"parentId\":\"\",\"fields\":{\"3\":{\"23\":{\"modified\":\"1\",\"type\":\"introLinks\",\"enabled\":\"1\",\"collapsed\":\"1\",\"level\":\"0\",\"fields\":{\"standardHeading\":\"Hva ser du etter?\",\"customIntroLinks\":{\"24\":{\"type\":\"link\",\"enabled\":\"1\",\"fields\":{\"navn\":\"Booke bord\",\"internLink\":\"\",\"externalLink\":\"\"}},\"25\":{\"type\":\"link\",\"enabled\":\"1\",\"fields\":{\"navn\":\"Lese journal\",\"internLink\":\"\",\"externalLink\":\"\"}},\"26\":{\"type\":\"link\",\"enabled\":\"1\",\"fields\":{\"navn\":\"L\\u00e6re mer om v\\u00e5r filosofi\",\"internLink\":\"\",\"externalLink\":\"\"}}}}},\"27\":{\"modified\":\"1\",\"type\":\"introBoxes\",\"enabled\":\"1\",\"collapsed\":\"1\",\"level\":\"0\",\"fields\":{\"standardImages\":\"\",\"standardHeading\":\"Kj\\u00e6rlighet for r\\u00e5varen\",\"standardBodyText\":\"<p>Vi har troa. <br>Det er ikke dyrene som skal avles. <br>Det er kunnskapen som skal dyrkes.<\\/p>\"}},\"28\":{\"modified\":\"1\",\"type\":\"journal\",\"enabled\":\"1\",\"collapsed\":\"0\",\"level\":\"0\",\"fields\":{\"customChooseJournal\":[\"35\"]}},\"29\":{\"modified\":\"1\",\"type\":\"journal\",\"enabled\":\"1\",\"collapsed\":\"1\",\"level\":\"0\",\"fields\":{\"customChooseJournal\":\"\"}},\"30\":{\"modified\":\"1\",\"type\":\"imageFullWidth\",\"enabled\":\"1\",\"collapsed\":\"1\",\"level\":\"0\",\"fields\":{\"standardHeading\":\"\",\"standardImages\":\"\",\"standardBodyText\":\"\"}},\"31\":{\"modified\":\"1\",\"type\":\"imageWithText\",\"enabled\":\"1\",\"collapsed\":\"1\",\"level\":\"0\",\"fields\":{\"standardImages\":\"\",\"standardBodyText\":\"\"}},\"32\":{\"modified\":\"1\",\"type\":\"journal\",\"enabled\":\"1\",\"collapsed\":\"1\",\"level\":\"0\",\"fields\":{\"customChooseJournal\":\"\"}},\"33\":{\"modified\":\"1\",\"type\":\"textQuote\",\"enabled\":\"1\",\"collapsed\":\"1\",\"level\":\"0\",\"fields\":{\"standardImages\":\"\",\"standardBodyText\":\"\",\"standardSubHeading\":\"\"}},\"34\":{\"modified\":\"1\",\"type\":\"journal\",\"enabled\":\"1\",\"collapsed\":\"0\",\"level\":\"0\",\"fields\":{\"customChooseJournal\":\"\"}}}}}', '2017-09-20 10:02:44', '2017-09-20 10:02:44', 'dd26370f-ce33-42c2-bf6d-782c0ba004ce'),
 ('27', '7', '4', '1', 'en', '5', '', '{\"typeId\":\"4\",\"authorId\":\"1\",\"title\":\"Credo\",\"slug\":\"credo-1\",\"postDate\":1505469180,\"expiryDate\":null,\"enabled\":1,\"parentId\":\"\",\"fields\":{\"3\":{\"23\":{\"modified\":\"1\",\"type\":\"introLinks\",\"enabled\":\"1\",\"collapsed\":\"1\",\"level\":\"0\",\"fields\":{\"standardHeading\":\"Hva ser du etter?\",\"customIntroLinks\":{\"24\":{\"type\":\"link\",\"enabled\":\"1\",\"fields\":{\"navn\":\"Booke bord\",\"internLink\":\"\",\"externalLink\":\"\"}},\"25\":{\"type\":\"link\",\"enabled\":\"1\",\"fields\":{\"navn\":\"Lese journal\",\"internLink\":\"\",\"externalLink\":\"\"}},\"26\":{\"type\":\"link\",\"enabled\":\"1\",\"fields\":{\"navn\":\"L\\u00e6re mer om v\\u00e5r filosofi\",\"internLink\":\"\",\"externalLink\":\"\"}}}}},\"27\":{\"modified\":\"1\",\"type\":\"introBoxes\",\"enabled\":\"1\",\"collapsed\":\"1\",\"level\":\"0\",\"fields\":{\"standardImages\":\"\",\"standardHeading\":\"Kj\\u00e6rlighet for r\\u00e5varen\",\"standardBodyText\":\"<p>Vi har troa. <br>Det er ikke dyrene som skal avles. <br>Det er kunnskapen som skal dyrkes.<\\/p>\"}},\"28\":{\"modified\":\"1\",\"type\":\"journal\",\"enabled\":\"1\",\"collapsed\":\"0\",\"level\":\"0\",\"fields\":{\"customChooseJournal\":[\"35\"]}},\"29\":{\"modified\":\"1\",\"type\":\"journal\",\"enabled\":\"1\",\"collapsed\":\"1\",\"level\":\"0\",\"fields\":{\"customChooseJournal\":\"\"}},\"30\":{\"modified\":\"1\",\"type\":\"imageFullWidth\",\"enabled\":\"1\",\"collapsed\":\"1\",\"level\":\"0\",\"fields\":{\"standardHeading\":\"\",\"standardImages\":\"\",\"standardBodyText\":\"\"}},\"31\":{\"modified\":\"1\",\"type\":\"imageWithText\",\"enabled\":\"1\",\"collapsed\":\"1\",\"level\":\"0\",\"fields\":{\"standardImages\":\"\",\"standardBodyText\":\"\"}},\"32\":{\"modified\":\"1\",\"type\":\"journal\",\"enabled\":\"1\",\"collapsed\":\"1\",\"level\":\"0\",\"fields\":{\"customChooseJournal\":\"\"}},\"33\":{\"modified\":\"1\",\"type\":\"textQuote\",\"enabled\":\"1\",\"collapsed\":\"0\",\"level\":\"0\",\"fields\":{\"standardImages\":\"\",\"standardBodyText\":\"<p>Lorem Ipsum is simply dummy text of the printing and typesetting industry<\\/p>\",\"standardSubHeading\":\"Heidi Bjerkan\"}},\"34\":{\"modified\":\"1\",\"type\":\"journal\",\"enabled\":\"1\",\"collapsed\":\"0\",\"level\":\"0\",\"fields\":{\"customChooseJournal\":[\"35\"]}}}}}', '2017-09-20 10:11:34', '2017-09-20 10:11:34', 'c9c437ae-35a9-4e9b-a462-aef4ff61ec39'),
 ('28', '7', '4', '1', 'en', '6', '', '{\"typeId\":\"4\",\"authorId\":\"1\",\"title\":\"Credo\",\"slug\":\"credo-1\",\"postDate\":1505469180,\"expiryDate\":null,\"enabled\":1,\"parentId\":\"\",\"fields\":{\"3\":{\"23\":{\"modified\":\"1\",\"type\":\"introLinks\",\"enabled\":\"1\",\"collapsed\":\"1\",\"level\":\"0\",\"fields\":{\"standardHeading\":\"Hva ser du etter?\",\"customIntroLinks\":{\"24\":{\"type\":\"link\",\"enabled\":\"1\",\"fields\":{\"navn\":\"Booke bord\",\"internLink\":\"\",\"externalLink\":\"\"}},\"25\":{\"type\":\"link\",\"enabled\":\"1\",\"fields\":{\"navn\":\"Lese journal\",\"internLink\":\"\",\"externalLink\":\"\"}},\"26\":{\"type\":\"link\",\"enabled\":\"1\",\"fields\":{\"navn\":\"L\\u00e6re mer om v\\u00e5r filosofi\",\"internLink\":\"\",\"externalLink\":\"\"}}}}},\"27\":{\"modified\":\"1\",\"type\":\"introBoxes\",\"enabled\":\"1\",\"collapsed\":\"1\",\"level\":\"0\",\"fields\":{\"standardImages\":\"\",\"standardHeading\":\"Kj\\u00e6rlighet for r\\u00e5varen\",\"standardBodyText\":\"<p>Vi har troa. <br>Det er ikke dyrene som skal avles. <br>Det er kunnskapen som skal dyrkes.<\\/p>\"}},\"28\":{\"modified\":\"1\",\"type\":\"journal\",\"enabled\":\"1\",\"collapsed\":\"0\",\"level\":\"0\",\"fields\":{\"customChooseJournal\":[\"35\"],\"settingImagePosition\":\"right\",\"settingTextOverImage\":\"1\"}},\"29\":{\"modified\":\"1\",\"type\":\"journal\",\"enabled\":\"1\",\"collapsed\":\"1\",\"level\":\"0\",\"fields\":{\"customChooseJournal\":\"\",\"settingTextOverImage\":\"\"}},\"30\":{\"modified\":\"1\",\"type\":\"imageFullWidth\",\"enabled\":\"1\",\"collapsed\":\"1\",\"level\":\"0\",\"fields\":{\"standardHeading\":\"\",\"standardImages\":\"\",\"standardBodyText\":\"\"}},\"31\":{\"modified\":\"1\",\"type\":\"imageWithText\",\"enabled\":\"1\",\"collapsed\":\"1\",\"level\":\"0\",\"fields\":{\"standardImages\":\"\",\"standardBodyText\":\"\"}},\"32\":{\"modified\":\"1\",\"type\":\"journal\",\"enabled\":\"1\",\"collapsed\":\"1\",\"level\":\"0\",\"fields\":{\"customChooseJournal\":\"\",\"settingTextOverImage\":\"\"}},\"33\":{\"modified\":\"1\",\"type\":\"textQuote\",\"enabled\":\"1\",\"collapsed\":\"0\",\"level\":\"0\",\"fields\":{\"standardImages\":\"\",\"standardBodyText\":\"<p>Lorem Ipsum is simply dummy text of the printing and typesetting industry<\\/p>\",\"standardSubHeading\":\"Heidi Bjerkan\"}},\"34\":{\"modified\":\"1\",\"type\":\"journal\",\"enabled\":\"1\",\"collapsed\":\"0\",\"level\":\"0\",\"fields\":{\"customChooseJournal\":[\"35\"],\"settingTextOverImage\":\"\"}}}}}', '2017-09-20 11:19:08', '2017-09-20 11:19:08', '37e1ff55-c09d-4d5f-bd75-74179e9fdad7'),
 ('29', '7', '4', '1', 'en', '7', '', '{\"typeId\":\"4\",\"authorId\":\"1\",\"title\":\"Credo\",\"slug\":\"credo-1\",\"postDate\":1505469180,\"expiryDate\":null,\"enabled\":1,\"parentId\":\"\",\"fields\":{\"3\":{\"23\":{\"modified\":\"1\",\"type\":\"introLinks\",\"enabled\":\"1\",\"collapsed\":\"1\",\"level\":\"0\",\"fields\":{\"standardHeading\":\"Hva ser du etter?\",\"customIntroLinks\":{\"24\":{\"type\":\"link\",\"enabled\":\"1\",\"fields\":{\"navn\":\"Booke bord\",\"internLink\":\"\",\"externalLink\":\"\"}},\"25\":{\"type\":\"link\",\"enabled\":\"1\",\"fields\":{\"navn\":\"Lese journal\",\"internLink\":\"\",\"externalLink\":\"\"}},\"26\":{\"type\":\"link\",\"enabled\":\"1\",\"fields\":{\"navn\":\"L\\u00e6re mer om v\\u00e5r filosofi\",\"internLink\":\"\",\"externalLink\":\"\"}}}}},\"27\":{\"modified\":\"1\",\"type\":\"introBoxes\",\"enabled\":\"1\",\"collapsed\":\"1\",\"level\":\"0\",\"fields\":{\"standardImages\":\"\",\"standardHeading\":\"Kj\\u00e6rlighet for r\\u00e5varen\",\"standardBodyText\":\"<p>Vi har troa. <br>Det er ikke dyrene som skal avles. <br>Det er kunnskapen som skal dyrkes.<\\/p>\"}},\"28\":{\"modified\":\"1\",\"type\":\"journal\",\"enabled\":\"1\",\"collapsed\":\"0\",\"level\":\"0\",\"fields\":{\"customChooseJournal\":[\"35\"],\"settingImagePosition\":\"right\",\"settingTextOverImage\":\"1\"}},\"29\":{\"modified\":\"1\",\"type\":\"journal\",\"enabled\":\"1\",\"collapsed\":\"0\",\"level\":\"0\",\"fields\":{\"customChooseJournal\":[\"35\"],\"settingImagePosition\":\"right\",\"settingTextOverImage\":\"1\"}},\"30\":{\"modified\":\"1\",\"type\":\"imageFullWidth\",\"enabled\":\"1\",\"collapsed\":\"1\",\"level\":\"0\",\"fields\":{\"standardHeading\":\"\",\"standardImages\":\"\",\"standardBodyText\":\"\"}},\"31\":{\"modified\":\"1\",\"type\":\"imageWithText\",\"enabled\":\"1\",\"collapsed\":\"1\",\"level\":\"0\",\"fields\":{\"standardImages\":\"\",\"standardBodyText\":\"\"}},\"32\":{\"modified\":\"1\",\"type\":\"journal\",\"enabled\":\"1\",\"collapsed\":\"1\",\"level\":\"0\",\"fields\":{\"customChooseJournal\":\"\",\"settingTextOverImage\":\"\"}},\"33\":{\"modified\":\"1\",\"type\":\"textQuote\",\"enabled\":\"1\",\"collapsed\":\"0\",\"level\":\"0\",\"fields\":{\"standardImages\":\"\",\"standardBodyText\":\"<p>Lorem Ipsum is simply dummy text of the printing and typesetting industry<\\/p>\",\"standardSubHeading\":\"Heidi Bjerkan\"}},\"34\":{\"modified\":\"1\",\"type\":\"journal\",\"enabled\":\"1\",\"collapsed\":\"0\",\"level\":\"0\",\"fields\":{\"customChooseJournal\":[\"35\"],\"settingTextOverImage\":\"\"}}}}}', '2017-09-20 11:44:34', '2017-09-20 11:44:34', '874b565f-426a-4047-a145-78876c5b2cf0'),
 ('30', '7', '4', '1', 'en', '8', '', '{\"typeId\":\"4\",\"authorId\":\"1\",\"title\":\"Credo\",\"slug\":\"credo-1\",\"postDate\":1505469180,\"expiryDate\":null,\"enabled\":1,\"parentId\":\"\",\"fields\":{\"3\":{\"23\":{\"modified\":\"1\",\"type\":\"introLinks\",\"enabled\":\"1\",\"collapsed\":\"1\",\"level\":\"0\",\"fields\":{\"standardHeading\":\"Hva ser du etter?\",\"customIntroLinks\":{\"24\":{\"type\":\"link\",\"enabled\":\"1\",\"fields\":{\"navn\":\"Booke bord\",\"internLink\":\"\",\"externalLink\":\"\"}},\"25\":{\"type\":\"link\",\"enabled\":\"1\",\"fields\":{\"navn\":\"Lese journal\",\"internLink\":\"\",\"externalLink\":\"\"}},\"26\":{\"type\":\"link\",\"enabled\":\"1\",\"fields\":{\"navn\":\"L\\u00e6re mer om v\\u00e5r filosofi\",\"internLink\":\"\",\"externalLink\":\"\"}}}}},\"27\":{\"modified\":\"1\",\"type\":\"introBoxes\",\"enabled\":\"1\",\"collapsed\":\"1\",\"level\":\"0\",\"fields\":{\"standardImages\":\"\",\"standardHeading\":\"Kj\\u00e6rlighet for r\\u00e5varen\",\"standardBodyText\":\"<p>Vi har troa. <br>Det er ikke dyrene som skal avles. <br>Det er kunnskapen som skal dyrkes.<\\/p>\"}},\"28\":{\"modified\":\"1\",\"type\":\"journal\",\"enabled\":\"1\",\"collapsed\":\"0\",\"level\":\"0\",\"fields\":{\"customChooseJournal\":[\"35\"],\"settingImagePosition\":\"right\",\"settingTextOverImage\":\"1\"}},\"29\":{\"modified\":\"1\",\"type\":\"journal\",\"enabled\":\"1\",\"collapsed\":\"0\",\"level\":\"0\",\"fields\":{\"customChooseJournal\":[\"35\"],\"settingImagePosition\":\"left\",\"settingTextOverImage\":\"1\"}},\"30\":{\"modified\":\"1\",\"type\":\"imageFullWidth\",\"enabled\":\"1\",\"collapsed\":\"1\",\"level\":\"0\",\"fields\":{\"standardHeading\":\"\",\"standardImages\":\"\",\"standardBodyText\":\"\"}},\"31\":{\"modified\":\"1\",\"type\":\"imageWithText\",\"enabled\":\"1\",\"collapsed\":\"1\",\"level\":\"0\",\"fields\":{\"standardImages\":\"\",\"standardBodyText\":\"\"}},\"32\":{\"modified\":\"1\",\"type\":\"journal\",\"enabled\":\"1\",\"collapsed\":\"1\",\"level\":\"0\",\"fields\":{\"customChooseJournal\":\"\",\"settingTextOverImage\":\"\"}},\"33\":{\"modified\":\"1\",\"type\":\"textQuote\",\"enabled\":\"1\",\"collapsed\":\"0\",\"level\":\"0\",\"fields\":{\"standardImages\":\"\",\"standardBodyText\":\"<p>Lorem Ipsum is simply dummy text of the printing and typesetting industry<\\/p>\",\"standardSubHeading\":\"Heidi Bjerkan\"}},\"34\":{\"modified\":\"1\",\"type\":\"journal\",\"enabled\":\"1\",\"collapsed\":\"0\",\"level\":\"0\",\"fields\":{\"customChooseJournal\":[\"35\"],\"settingTextOverImage\":\"\"}}}}}', '2017-09-20 11:44:43', '2017-09-20 11:44:43', '4a64ef0a-653d-418f-b32e-62d56a808da0'),
 ('31', '7', '4', '1', 'en', '9', '', '{\"typeId\":\"4\",\"authorId\":\"1\",\"title\":\"Credo\",\"slug\":\"credo-1\",\"postDate\":1505469180,\"expiryDate\":null,\"enabled\":1,\"parentId\":\"\",\"fields\":{\"3\":{\"23\":{\"modified\":\"1\",\"type\":\"introLinks\",\"enabled\":\"1\",\"collapsed\":\"1\",\"level\":\"0\",\"fields\":{\"standardHeading\":\"Hva ser du etter?\",\"customIntroLinks\":{\"24\":{\"type\":\"link\",\"enabled\":\"1\",\"fields\":{\"navn\":\"Booke bord\",\"internLink\":\"\",\"externalLink\":\"\"}},\"25\":{\"type\":\"link\",\"enabled\":\"1\",\"fields\":{\"navn\":\"Lese journal\",\"internLink\":\"\",\"externalLink\":\"\"}},\"26\":{\"type\":\"link\",\"enabled\":\"1\",\"fields\":{\"navn\":\"L\\u00e6re mer om v\\u00e5r filosofi\",\"internLink\":\"\",\"externalLink\":\"\"}}}}},\"27\":{\"modified\":\"1\",\"type\":\"introBoxes\",\"enabled\":\"1\",\"collapsed\":\"1\",\"level\":\"0\",\"fields\":{\"standardImages\":\"\",\"standardHeading\":\"Kj\\u00e6rlighet for r\\u00e5varen\",\"standardBodyText\":\"<p>Vi har troa. <br>Det er ikke dyrene som skal avles. <br>Det er kunnskapen som skal dyrkes.<\\/p>\"}},\"28\":{\"modified\":\"1\",\"type\":\"journal\",\"enabled\":\"1\",\"collapsed\":\"0\",\"level\":\"0\",\"fields\":{\"customChooseJournal\":[\"35\"],\"settingImagePosition\":\"right\",\"settingTextOverImage\":\"\"}},\"29\":{\"modified\":\"1\",\"type\":\"journal\",\"enabled\":\"1\",\"collapsed\":\"0\",\"level\":\"0\",\"fields\":{\"customChooseJournal\":[\"35\"],\"settingImagePosition\":\"left\",\"settingTextOverImage\":\"\"}},\"30\":{\"modified\":\"1\",\"type\":\"imageFullWidth\",\"enabled\":\"1\",\"collapsed\":\"1\",\"level\":\"0\",\"fields\":{\"standardHeading\":\"\",\"standardImages\":\"\",\"standardBodyText\":\"\"}},\"31\":{\"modified\":\"1\",\"type\":\"imageWithText\",\"enabled\":\"1\",\"collapsed\":\"1\",\"level\":\"0\",\"fields\":{\"standardImages\":\"\",\"standardBodyText\":\"\"}},\"32\":{\"modified\":\"1\",\"type\":\"journal\",\"enabled\":\"1\",\"collapsed\":\"1\",\"level\":\"0\",\"fields\":{\"customChooseJournal\":\"\",\"settingTextOverImage\":\"\"}},\"33\":{\"modified\":\"1\",\"type\":\"textQuote\",\"enabled\":\"1\",\"collapsed\":\"0\",\"level\":\"0\",\"fields\":{\"standardImages\":\"\",\"standardBodyText\":\"<p>Lorem Ipsum is simply dummy text of the printing and typesetting industry<\\/p>\",\"standardSubHeading\":\"Heidi Bjerkan\"}},\"34\":{\"modified\":\"1\",\"type\":\"journal\",\"enabled\":\"1\",\"collapsed\":\"0\",\"level\":\"0\",\"fields\":{\"customChooseJournal\":[\"35\"],\"settingTextOverImage\":\"\"}}}}}', '2017-09-20 11:46:19', '2017-09-20 11:46:19', '77d88a82-ed1b-4c1b-bbfd-c16ccf4436be'),
 ('32', '7', '4', '1', 'en', '10', '', '{\"typeId\":\"4\",\"authorId\":\"1\",\"title\":\"Credo\",\"slug\":\"credo-1\",\"postDate\":1505469180,\"expiryDate\":null,\"enabled\":1,\"parentId\":\"\",\"fields\":{\"3\":{\"23\":{\"modified\":\"1\",\"type\":\"introLinks\",\"enabled\":\"1\",\"collapsed\":\"1\",\"level\":\"0\",\"fields\":{\"standardHeading\":\"Hva ser du etter?\",\"customIntroLinks\":{\"24\":{\"type\":\"link\",\"enabled\":\"1\",\"fields\":{\"navn\":\"Booke bord\",\"internLink\":\"\",\"externalLink\":\"\"}},\"25\":{\"type\":\"link\",\"enabled\":\"1\",\"fields\":{\"navn\":\"Lese journal\",\"internLink\":\"\",\"externalLink\":\"\"}},\"26\":{\"type\":\"link\",\"enabled\":\"1\",\"fields\":{\"navn\":\"L\\u00e6re mer om v\\u00e5r filosofi\",\"internLink\":\"\",\"externalLink\":\"\"}}}}},\"27\":{\"modified\":\"1\",\"type\":\"introBoxes\",\"enabled\":\"1\",\"collapsed\":\"1\",\"level\":\"0\",\"fields\":{\"standardImages\":\"\",\"standardHeading\":\"Kj\\u00e6rlighet for r\\u00e5varen\",\"standardBodyText\":\"<p>Vi har troa. <br>Det er ikke dyrene som skal avles. <br>Det er kunnskapen som skal dyrkes.<\\/p>\"}},\"28\":{\"modified\":\"1\",\"type\":\"journal\",\"enabled\":\"1\",\"collapsed\":\"0\",\"level\":\"0\",\"fields\":{\"customChooseJournal\":[\"35\"],\"settingImagePosition\":\"right\",\"settingTextOverImage\":\"\"}},\"29\":{\"modified\":\"1\",\"type\":\"journal\",\"enabled\":\"1\",\"collapsed\":\"0\",\"level\":\"0\",\"fields\":{\"customChooseJournal\":[\"35\"],\"settingImagePosition\":\"left\",\"settingTextOverImage\":\"\"}},\"30\":{\"modified\":\"1\",\"type\":\"imageFullWidth\",\"enabled\":\"1\",\"collapsed\":\"1\",\"level\":\"0\",\"fields\":{\"standardHeading\":\"\",\"standardImages\":\"\",\"standardBodyText\":\"\"}},\"31\":{\"modified\":\"1\",\"type\":\"imageWithText\",\"enabled\":\"1\",\"collapsed\":\"0\",\"level\":\"0\",\"fields\":{\"standardImages\":[\"36\"],\"standardBodyText\":\"<p>Tekst<\\/p>\",\"settingImagePosition\":\"right\"}},\"32\":{\"modified\":\"1\",\"type\":\"journal\",\"enabled\":\"1\",\"collapsed\":\"1\",\"level\":\"0\",\"fields\":{\"customChooseJournal\":\"\",\"settingTextOverImage\":\"\"}},\"33\":{\"modified\":\"1\",\"type\":\"textQuote\",\"enabled\":\"1\",\"collapsed\":\"0\",\"level\":\"0\",\"fields\":{\"standardImages\":\"\",\"standardBodyText\":\"<p>Lorem Ipsum is simply dummy text of the printing and typesetting industry<\\/p>\",\"standardSubHeading\":\"Heidi Bjerkan\"}},\"34\":{\"modified\":\"1\",\"type\":\"journal\",\"enabled\":\"1\",\"collapsed\":\"0\",\"level\":\"0\",\"fields\":{\"customChooseJournal\":[\"35\"],\"settingTextOverImage\":\"\"}}}}}', '2017-09-20 12:03:47', '2017-09-20 12:03:47', 'fc4748c9-d3ac-4716-910b-4321b6211331'),
 ('33', '7', '4', '1', 'en', '11', '', '{\"typeId\":\"4\",\"authorId\":\"1\",\"title\":\"Credo\",\"slug\":\"credo-1\",\"postDate\":1505469180,\"expiryDate\":null,\"enabled\":1,\"parentId\":\"\",\"fields\":{\"3\":{\"23\":{\"modified\":\"1\",\"type\":\"introLinks\",\"enabled\":\"1\",\"collapsed\":\"1\",\"level\":\"0\",\"fields\":{\"standardHeading\":\"Hva ser du etter?\",\"customIntroLinks\":{\"24\":{\"type\":\"link\",\"enabled\":\"1\",\"fields\":{\"navn\":\"Booke bord\",\"internLink\":\"\",\"externalLink\":\"\"}},\"25\":{\"type\":\"link\",\"enabled\":\"1\",\"fields\":{\"navn\":\"Lese journal\",\"internLink\":\"\",\"externalLink\":\"\"}},\"26\":{\"type\":\"link\",\"enabled\":\"1\",\"fields\":{\"navn\":\"L\\u00e6re mer om v\\u00e5r filosofi\",\"internLink\":\"\",\"externalLink\":\"\"}}}}},\"27\":{\"modified\":\"1\",\"type\":\"introBoxes\",\"enabled\":\"1\",\"collapsed\":\"1\",\"level\":\"0\",\"fields\":{\"standardImages\":\"\",\"standardHeading\":\"Kj\\u00e6rlighet for r\\u00e5varen\",\"standardBodyText\":\"<p>Vi har troa. <br>Det er ikke dyrene som skal avles. <br>Det er kunnskapen som skal dyrkes.<\\/p>\"}},\"28\":{\"modified\":\"1\",\"type\":\"journal\",\"enabled\":\"1\",\"collapsed\":\"0\",\"level\":\"0\",\"fields\":{\"customChooseJournal\":[\"35\"],\"settingImagePosition\":\"right\",\"settingTextOverImage\":\"\"}},\"29\":{\"modified\":\"1\",\"type\":\"journal\",\"enabled\":\"1\",\"collapsed\":\"0\",\"level\":\"0\",\"fields\":{\"customChooseJournal\":[\"35\"],\"settingImagePosition\":\"left\",\"settingTextOverImage\":\"\"}},\"30\":{\"modified\":\"1\",\"type\":\"imageFullWidth\",\"enabled\":\"1\",\"collapsed\":\"1\",\"level\":\"0\",\"fields\":{\"standardHeading\":\"\",\"standardImages\":\"\",\"standardBodyText\":\"\"}},\"31\":{\"modified\":\"1\",\"type\":\"imageWithText\",\"enabled\":\"1\",\"collapsed\":\"0\",\"level\":\"0\",\"fields\":{\"standardImages\":[\"36\"],\"standardBodyText\":\"<p>Tekst<\\/p>\",\"settingImagePosition\":\"left\"}},\"32\":{\"modified\":\"1\",\"type\":\"journal\",\"enabled\":\"1\",\"collapsed\":\"1\",\"level\":\"0\",\"fields\":{\"customChooseJournal\":\"\",\"settingTextOverImage\":\"\"}},\"33\":{\"modified\":\"1\",\"type\":\"textQuote\",\"enabled\":\"1\",\"collapsed\":\"0\",\"level\":\"0\",\"fields\":{\"standardImages\":\"\",\"standardBodyText\":\"<p>Lorem Ipsum is simply dummy text of the printing and typesetting industry<\\/p>\",\"standardSubHeading\":\"Heidi Bjerkan\"}},\"34\":{\"modified\":\"1\",\"type\":\"journal\",\"enabled\":\"1\",\"collapsed\":\"0\",\"level\":\"0\",\"fields\":{\"customChooseJournal\":[\"35\"],\"settingTextOverImage\":\"\"}}}}}', '2017-09-20 12:04:04', '2017-09-20 12:04:04', 'dd1d2459-6823-45d0-904b-a960c7276140'),
 ('34', '7', '4', '1', 'en', '12', '', '{\"typeId\":\"4\",\"authorId\":\"1\",\"title\":\"Credo\",\"slug\":\"credo-1\",\"postDate\":1505469180,\"expiryDate\":null,\"enabled\":1,\"parentId\":\"\",\"fields\":{\"3\":{\"23\":{\"modified\":\"1\",\"type\":\"introLinks\",\"enabled\":\"1\",\"collapsed\":\"1\",\"level\":\"0\",\"fields\":{\"standardHeading\":\"Hva ser du etter?\",\"customIntroLinks\":{\"24\":{\"type\":\"link\",\"enabled\":\"1\",\"fields\":{\"navn\":\"Booke bord\",\"internLink\":\"\",\"externalLink\":\"\"}},\"25\":{\"type\":\"link\",\"enabled\":\"1\",\"fields\":{\"navn\":\"Lese journal\",\"internLink\":\"\",\"externalLink\":\"\"}},\"26\":{\"type\":\"link\",\"enabled\":\"1\",\"fields\":{\"navn\":\"L\\u00e6re mer om v\\u00e5r filosofi\",\"internLink\":\"\",\"externalLink\":\"\"}}}}},\"27\":{\"modified\":\"1\",\"type\":\"introBoxes\",\"enabled\":\"1\",\"collapsed\":\"1\",\"level\":\"0\",\"fields\":{\"standardImages\":\"\",\"standardHeading\":\"Kj\\u00e6rlighet for r\\u00e5varen\",\"standardBodyText\":\"<p>Vi har troa. <br>Det er ikke dyrene som skal avles. <br>Det er kunnskapen som skal dyrkes.<\\/p>\"}},\"28\":{\"modified\":\"1\",\"type\":\"journal\",\"enabled\":\"1\",\"collapsed\":\"0\",\"level\":\"0\",\"fields\":{\"customChooseJournal\":[\"35\"],\"settingImagePosition\":\"right\",\"settingTextOverImage\":\"\"}},\"29\":{\"modified\":\"1\",\"type\":\"journal\",\"enabled\":\"1\",\"collapsed\":\"0\",\"level\":\"0\",\"fields\":{\"customChooseJournal\":[\"35\"],\"settingImagePosition\":\"left\",\"settingTextOverImage\":\"\"}},\"30\":{\"modified\":\"1\",\"type\":\"imageFullWidth\",\"enabled\":\"1\",\"collapsed\":\"1\",\"level\":\"0\",\"fields\":{\"standardHeading\":\"\",\"standardImages\":\"\",\"standardBodyText\":\"\"}},\"31\":{\"modified\":\"1\",\"type\":\"imageWithText\",\"enabled\":\"1\",\"collapsed\":\"0\",\"level\":\"0\",\"fields\":{\"standardImages\":[\"36\"],\"standardBodyText\":\"<p>Tekst<\\/p>\",\"settingImagePosition\":\"left\"}},\"32\":{\"modified\":\"1\",\"type\":\"journal\",\"enabled\":\"1\",\"collapsed\":\"1\",\"level\":\"0\",\"fields\":{\"customChooseJournal\":\"\",\"settingTextOverImage\":\"\"}},\"33\":{\"modified\":\"1\",\"type\":\"textQuote\",\"enabled\":\"1\",\"collapsed\":\"0\",\"level\":\"0\",\"fields\":{\"standardImages\":\"\",\"standardBodyText\":\"<p>Lorem Ipsum is simply dummy text of the printing and typesetting industry.<\\/p>\",\"standardSubHeading\":\"Heidi Bjerkan\"}},\"34\":{\"modified\":\"1\",\"type\":\"journal\",\"enabled\":\"1\",\"collapsed\":\"0\",\"level\":\"0\",\"fields\":{\"customChooseJournal\":[\"35\"],\"settingTextOverImage\":\"\"}}}}}', '2017-09-20 12:12:42', '2017-09-20 12:12:42', 'dc08bff9-7730-4b75-96e1-7a6f0acaadd0'),
 ('35', '7', '4', '1', 'en', '13', '', '{\"typeId\":\"4\",\"authorId\":\"1\",\"title\":\"Credo\",\"slug\":\"credo-1\",\"postDate\":1505469180,\"expiryDate\":null,\"enabled\":1,\"parentId\":\"\",\"fields\":{\"3\":{\"23\":{\"modified\":\"1\",\"type\":\"introLinks\",\"enabled\":\"1\",\"collapsed\":\"1\",\"level\":\"0\",\"fields\":{\"standardHeading\":\"Hva ser du etter?\",\"customIntroLinks\":{\"24\":{\"type\":\"link\",\"enabled\":\"1\",\"fields\":{\"navn\":\"Booke bord\",\"internLink\":\"\",\"externalLink\":\"\"}},\"25\":{\"type\":\"link\",\"enabled\":\"1\",\"fields\":{\"navn\":\"Lese journal\",\"internLink\":\"\",\"externalLink\":\"\"}},\"26\":{\"type\":\"link\",\"enabled\":\"1\",\"fields\":{\"navn\":\"L\\u00e6re mer om v\\u00e5r filosofi\",\"internLink\":\"\",\"externalLink\":\"\"}}}}},\"27\":{\"modified\":\"1\",\"type\":\"introBoxes\",\"enabled\":\"1\",\"collapsed\":\"1\",\"level\":\"0\",\"fields\":{\"standardImages\":\"\",\"standardHeading\":\"Kj\\u00e6rlighet for r\\u00e5varen\",\"standardBodyText\":\"<p>Vi har troa. <br>Det er ikke dyrene som skal avles. <br>Det er kunnskapen som skal dyrkes.<\\/p>\"}},\"28\":{\"modified\":\"1\",\"type\":\"journal\",\"enabled\":\"1\",\"collapsed\":\"0\",\"level\":\"0\",\"fields\":{\"customChooseJournal\":[\"35\"],\"settingImagePosition\":\"right\",\"settingTextOverImage\":\"\"}},\"29\":{\"modified\":\"1\",\"type\":\"journal\",\"enabled\":\"1\",\"collapsed\":\"0\",\"level\":\"0\",\"fields\":{\"customChooseJournal\":[\"35\"],\"settingImagePosition\":\"left\",\"settingTextOverImage\":\"\"}},\"30\":{\"modified\":\"1\",\"type\":\"imageFullWidth\",\"enabled\":\"1\",\"collapsed\":\"1\",\"level\":\"0\",\"fields\":{\"standardHeading\":\"\",\"standardImages\":\"\",\"standardBodyText\":\"\"}},\"31\":{\"modified\":\"1\",\"type\":\"imageWithText\",\"enabled\":\"1\",\"collapsed\":\"0\",\"level\":\"0\",\"fields\":{\"standardImages\":[\"36\"],\"standardBodyText\":\"<p>Tekst<\\/p>\",\"settingImagePosition\":\"left\"}},\"32\":{\"modified\":\"1\",\"type\":\"journal\",\"enabled\":\"1\",\"collapsed\":\"0\",\"level\":\"0\",\"fields\":{\"customChooseJournal\":\"\",\"settingTextOverImage\":\"\"}},\"33\":{\"modified\":\"1\",\"type\":\"textQuote\",\"enabled\":\"1\",\"collapsed\":\"0\",\"level\":\"0\",\"fields\":{\"standardImages\":[\"36\"],\"standardBodyText\":\"<p>Lorem Ipsum is simply dummy text of the printing and typesetting industry.<\\/p>\",\"standardSubHeading\":\"Heidi Bjerkan\"}},\"34\":{\"modified\":\"1\",\"type\":\"journal\",\"enabled\":\"1\",\"collapsed\":\"0\",\"level\":\"0\",\"fields\":{\"customChooseJournal\":[\"35\"],\"settingTextOverImage\":\"\"}}}}}', '2017-09-20 12:13:03', '2017-09-20 12:13:03', '789e995b-6451-4210-bf64-e9e9582279a1'),
 ('36', '7', '4', '1', 'en', '14', '', '{\"typeId\":\"4\",\"authorId\":\"1\",\"title\":\"Credo\",\"slug\":\"credo-1\",\"postDate\":1505469180,\"expiryDate\":null,\"enabled\":1,\"parentId\":\"\",\"fields\":{\"3\":{\"23\":{\"modified\":\"1\",\"type\":\"introLinks\",\"enabled\":\"1\",\"collapsed\":\"1\",\"level\":\"0\",\"fields\":{\"standardHeading\":\"Hva ser du etter?\",\"customIntroLinks\":{\"24\":{\"type\":\"link\",\"enabled\":\"1\",\"fields\":{\"navn\":\"Booke bord\",\"internLink\":\"\",\"externalLink\":\"\"}},\"25\":{\"type\":\"link\",\"enabled\":\"1\",\"fields\":{\"navn\":\"Lese journal\",\"internLink\":\"\",\"externalLink\":\"\"}},\"26\":{\"type\":\"link\",\"enabled\":\"1\",\"fields\":{\"navn\":\"L\\u00e6re mer om v\\u00e5r filosofi\",\"internLink\":\"\",\"externalLink\":\"\"}}}}},\"27\":{\"modified\":\"1\",\"type\":\"introBoxes\",\"enabled\":\"1\",\"collapsed\":\"1\",\"level\":\"0\",\"fields\":{\"standardImages\":\"\",\"standardHeading\":\"Kj\\u00e6rlighet for r\\u00e5varen\",\"standardBodyText\":\"<p>Vi har troa. <br>Det er ikke dyrene som skal avles. <br>Det er kunnskapen som skal dyrkes.<\\/p>\"}},\"28\":{\"modified\":\"1\",\"type\":\"journal\",\"enabled\":\"1\",\"collapsed\":\"0\",\"level\":\"0\",\"fields\":{\"customChooseJournal\":[\"35\"],\"settingImagePosition\":\"right\",\"settingTextOverImage\":\"\"}},\"29\":{\"modified\":\"1\",\"type\":\"journal\",\"enabled\":\"1\",\"collapsed\":\"0\",\"level\":\"0\",\"fields\":{\"customChooseJournal\":[\"35\"],\"settingImagePosition\":\"left\",\"settingTextOverImage\":\"\"}},\"30\":{\"modified\":\"1\",\"type\":\"imageFullWidth\",\"enabled\":\"1\",\"collapsed\":\"1\",\"level\":\"0\",\"fields\":{\"standardHeading\":\"\",\"standardImages\":\"\",\"standardBodyText\":\"\"}},\"31\":{\"modified\":\"1\",\"type\":\"imageWithText\",\"enabled\":\"1\",\"collapsed\":\"0\",\"level\":\"0\",\"fields\":{\"standardImages\":[\"36\"],\"standardBodyText\":\"<p>Tekst<\\/p>\",\"settingImagePosition\":\"left\"}},\"32\":{\"modified\":\"1\",\"type\":\"journal\",\"enabled\":\"1\",\"collapsed\":\"0\",\"level\":\"0\",\"fields\":{\"customChooseJournal\":\"\",\"settingTextOverImage\":\"\"}},\"33\":{\"modified\":\"1\",\"type\":\"textQuote\",\"enabled\":\"1\",\"collapsed\":\"0\",\"level\":\"0\",\"fields\":{\"standardImages\":[\"36\"],\"standardBodyText\":\"<p>Lorem Ipsum is simply dummy text of the printing and typesetting industry.<\\/p>\",\"standardSubHeading\":\"Heidi Bjerkan\"}},\"34\":{\"modified\":\"1\",\"type\":\"journal\",\"enabled\":\"1\",\"collapsed\":\"0\",\"level\":\"0\",\"fields\":{\"customChooseJournal\":[\"35\"],\"settingImagePosition\":\"left\",\"settingTextOverImage\":\"\"}}}}}', '2017-09-20 12:16:57', '2017-09-20 12:16:57', '010df180-df31-4f7a-a5ea-d78f9d858f66'),
 ('37', '7', '4', '1', 'en', '15', '', '{\"typeId\":\"4\",\"authorId\":\"1\",\"title\":\"Credo\",\"slug\":\"credo-1\",\"postDate\":1505469180,\"expiryDate\":null,\"enabled\":1,\"parentId\":\"\",\"fields\":{\"3\":{\"23\":{\"modified\":\"1\",\"type\":\"introLinks\",\"enabled\":\"1\",\"collapsed\":\"1\",\"level\":\"0\",\"fields\":{\"standardHeading\":\"Hva ser du etter?\",\"customIntroLinks\":{\"24\":{\"type\":\"link\",\"enabled\":\"1\",\"fields\":{\"navn\":\"Booke bord\",\"internLink\":\"\",\"externalLink\":\"\"}},\"25\":{\"type\":\"link\",\"enabled\":\"1\",\"fields\":{\"navn\":\"Lese journal\",\"internLink\":\"\",\"externalLink\":\"\"}},\"26\":{\"type\":\"link\",\"enabled\":\"1\",\"fields\":{\"navn\":\"L\\u00e6re mer om v\\u00e5r filosofi\",\"internLink\":\"\",\"externalLink\":\"\"}}}}},\"27\":{\"modified\":\"1\",\"type\":\"introBoxes\",\"enabled\":\"1\",\"collapsed\":\"1\",\"level\":\"0\",\"fields\":{\"standardImages\":\"\",\"standardHeading\":\"Kj\\u00e6rlighet for r\\u00e5varen\",\"standardBodyText\":\"<p>Vi har troa. <br>Det er ikke dyrene som skal avles. <br>Det er kunnskapen som skal dyrkes.<\\/p>\"}},\"28\":{\"modified\":\"1\",\"type\":\"journal\",\"enabled\":\"1\",\"collapsed\":\"0\",\"level\":\"0\",\"fields\":{\"customChooseJournal\":[\"35\"]}},\"29\":{\"modified\":\"1\",\"type\":\"journal\",\"enabled\":\"1\",\"collapsed\":\"1\",\"level\":\"0\",\"fields\":{\"customChooseJournal\":\"\"}},\"30\":{\"modified\":\"1\",\"type\":\"imageFullWidth\",\"enabled\":\"1\",\"collapsed\":\"1\",\"level\":\"0\",\"fields\":{\"standardHeading\":\"\",\"standardImages\":\"\",\"standardBodyText\":\"\"}},\"31\":{\"modified\":\"1\",\"type\":\"imageWithText\",\"enabled\":\"1\",\"collapsed\":\"0\",\"level\":\"0\",\"fields\":{\"standardImages\":\"\",\"standardBodyText\":\"<p>Lorem ipsum dolor sit amet, consectetur adipiscing elit. Vestibulum ultrices ullamcorper leo ac eleifend. Aliquam fringilla semper orci, sed dapibus risus pretium semper. Maecenas vulputate egestas nibh, at consequat justo ornare vel. Sed volutpat magna quis felis sollicitudin interdum. Suspendisse blandit sagittis elit, quis auctor lorem scelerisque a. Interdum et malesuada fames ac ante ipsum primis in faucibus. Cras eu quam vulputate, varius sapien a, convallis purus. Integer ultricies leo sit amet convallis euismod. Fusce ut quam aliquet, semper lectus quis, eleifend nisi. Aenean quis dapibus odio. Sed vitae lorem id urna tempor maximus nec vitae arcu. Nulla commodo nisi nec purus accumsan, ut sagittis urna accumsan. Proin vehicula neque non diam hendrerit, at interdum nisi cursus. Phasellus finibus lacus eu sapien ultricies sagittis.<\\/p>\\r\\n<p>Mauris sed viverra massa. Cras dolor tortor, vulputate et justo at, tempus tincidunt dolor. Ut venenatis lectus mauris, quis scelerisque urna dapibus sed. Etiam elit justo, lacinia a justo eu, rhoncus fermentum ex. Aliquam rutrum orci nec sem luctus malesuada. Phasellus in mauris felis. Ut non eleifend lacus, congue pulvinar dolor. Sed egestas nisl mauris, id tempus elit ultricies at.<\\/p>\\r\\n<p>Maecenas rhoncus libero ipsum, at mattis ex faucibus in. Donec mattis, velit quis finibus pellentesque, ante quam malesuada felis, a tempor est purus non arcu. Fusce vitae purus metus. Cras velit est, fermentum eu elit nec, elementum porttitor mauris. Aliquam sed dignissim ex. In venenatis purus eget quam commodo consequat. Proin nec nunc eu odio sodales feugiat. Aliquam tempor eu odio imperdiet semper. Nam accumsan pellentesque sollicitudin.<\\/p>\\r\\n<p>Nullam fermentum convallis neque, quis iaculis nisi iaculis sit amet. Nunc viverra iaculis scelerisque. Praesent laoreet purus sit amet neque sodales semper. Nam vel ultricies elit. Mauris et pharetra est, quis egestas mauris. Vestibulum a nisi quis erat consequat porttitor. Sed quis quam mollis, eleifend nibh molestie, vestibulum velit. Proin venenatis cursus mauris blandit posuere. Suspendisse faucibus ex accumsan felis vestibulum tincidunt. Aliquam at lorem non lacus pulvinar interdum. Praesent non nisl tincidunt, bibendum ante vitae, vehicula risus. In accumsan rhoncus dolor, quis tempor felis pretium sit amet. Integer interdum ullamcorper justo quis molestie. Praesent a leo tincidunt, pharetra ex sed, volutpat risus. Aliquam hendrerit leo rutrum, tempus felis sed, egestas ante.<\\/p>\\r\\n<p>Curabitur varius sed nulla in condimentum. Mauris sit amet purus nec dolor facilisis euismod nec et lorem. Nulla in rhoncus quam. Etiam nisl enim, condimentum quis convallis vitae, suscipit id dui. Quisque sit amet libero eleifend, vulputate lectus id, tempus magna. Ut commodo, purus a consectetur sagittis, mi libero tristique sem, id bibendum ipsum nunc sed tellus. Mauris semper elementum dui, convallis sodales mauris pulvinar ultricies. Vivamus et fermentum leo. Maecenas eu rhoncus elit. Aliquam erat volutpat. Aenean consectetur rutrum ultrices. Duis sodales suscipit lacus sed pharetra. Maecenas lectus lectus, rhoncus at massa eget, ultrices convallis felis. Nullam nec tincidunt nulla, quis pharetra urna.<\\/p><p><\\/p>\"}},\"32\":{\"modified\":\"1\",\"type\":\"journal\",\"enabled\":\"1\",\"collapsed\":\"1\",\"level\":\"0\",\"fields\":{\"customChooseJournal\":\"\"}},\"33\":{\"modified\":\"1\",\"type\":\"textQuote\",\"enabled\":\"1\",\"collapsed\":\"0\",\"level\":\"0\",\"fields\":{\"standardImages\":\"\",\"standardBodyText\":\"<p>Lorem Ipsum is simply dummy text of the printing and typesetting industry<\\/p>\",\"standardSubHeading\":\"Heidi Bjerkan\"}},\"34\":{\"modified\":\"1\",\"type\":\"journal\",\"enabled\":\"1\",\"collapsed\":\"0\",\"level\":\"0\",\"fields\":{\"customChooseJournal\":[\"35\"]}}}}}', '2017-09-20 12:17:42', '2017-09-20 12:17:42', '66e703bf-089f-4abb-a262-8e7019854513'),
 ('38', '7', '4', '1', 'en', '16', '', '{\"typeId\":\"4\",\"authorId\":\"1\",\"title\":\"Credo\",\"slug\":\"credo-1\",\"postDate\":1505469180,\"expiryDate\":null,\"enabled\":1,\"parentId\":\"\",\"fields\":{\"3\":{\"23\":{\"modified\":\"1\",\"type\":\"introLinks\",\"enabled\":\"1\",\"collapsed\":\"1\",\"level\":\"0\",\"fields\":{\"standardHeading\":\"Hva ser du etter?\",\"customIntroLinks\":{\"24\":{\"type\":\"link\",\"enabled\":\"1\",\"fields\":{\"navn\":\"Booke bord\",\"internLink\":\"\",\"externalLink\":\"\"}},\"25\":{\"type\":\"link\",\"enabled\":\"1\",\"fields\":{\"navn\":\"Lese journal\",\"internLink\":\"\",\"externalLink\":\"\"}},\"26\":{\"type\":\"link\",\"enabled\":\"1\",\"fields\":{\"navn\":\"L\\u00e6re mer om v\\u00e5r filosofi\",\"internLink\":\"\",\"externalLink\":\"\"}}}}},\"27\":{\"modified\":\"1\",\"type\":\"introBoxes\",\"enabled\":\"1\",\"collapsed\":\"1\",\"level\":\"0\",\"fields\":{\"standardImages\":\"\",\"standardHeading\":\"Kj\\u00e6rlighet for r\\u00e5varen\",\"standardBodyText\":\"<p>Vi har troa. <br>Det er ikke dyrene som skal avles. <br>Det er kunnskapen som skal dyrkes.<\\/p>\"}},\"28\":{\"modified\":\"1\",\"type\":\"journal\",\"enabled\":\"1\",\"collapsed\":\"0\",\"level\":\"0\",\"fields\":{\"customChooseJournal\":[\"35\"],\"settingImagePosition\":\"right\",\"settingTextOverImage\":\"\"}},\"29\":{\"modified\":\"1\",\"type\":\"journal\",\"enabled\":\"1\",\"collapsed\":\"1\",\"level\":\"0\",\"fields\":{\"customChooseJournal\":\"\",\"settingImagePosition\":\"left\",\"settingTextOverImage\":\"\"}},\"30\":{\"modified\":\"1\",\"type\":\"imageFullWidth\",\"enabled\":\"1\",\"collapsed\":\"1\",\"level\":\"0\",\"fields\":{\"standardHeading\":\"\",\"standardImages\":\"\",\"standardBodyText\":\"\"}},\"31\":{\"modified\":\"1\",\"type\":\"imageWithText\",\"enabled\":\"1\",\"collapsed\":\"0\",\"level\":\"0\",\"fields\":{\"standardImages\":[\"36\"],\"standardBodyText\":\"<p>Lorem ipsum dolor sit amet, consectetur adipiscing elit. Vestibulum ultrices ullamcorper leo ac eleifend. Aliquam fringilla semper orci, sed dapibus risus pretium semper. Maecenas vulputate egestas nibh, at consequat justo ornare vel. Sed volutpat magna quis felis sollicitudin interdum. Suspendisse blandit sagittis elit, quis auctor lorem scelerisque a. Interdum et malesuada fames ac ante ipsum primis in faucibus. Cras eu quam vulputate, varius sapien a, convallis purus. Integer ultricies leo sit amet convallis euismod. Fusce ut quam aliquet, semper lectus quis, eleifend nisi. Aenean quis dapibus odio. Sed vitae lorem id urna tempor maximus nec vitae arcu. Nulla commodo nisi nec purus accumsan, ut sagittis urna accumsan. Proin vehicula neque non diam hendrerit, at interdum nisi cursus. Phasellus finibus lacus eu sapien ultricies sagittis.<\\/p>\\r\\n<p>Mauris sed viverra massa. Cras dolor tortor, vulputate et justo at, tempus tincidunt dolor. Ut venenatis lectus mauris, quis scelerisque urna dapibus sed. Etiam elit justo, lacinia a justo eu, rhoncus fermentum ex. Aliquam rutrum orci nec sem luctus malesuada. Phasellus in mauris felis. Ut non eleifend lacus, congue pulvinar dolor. Sed egestas nisl mauris, id tempus elit ultricies at.<\\/p>\\r\\n<p>Maecenas rhoncus libero ipsum, at mattis ex faucibus in. Donec mattis, velit quis finibus pellentesque, ante quam malesuada felis, a tempor est purus non arcu. Fusce vitae purus metus. Cras velit est, fermentum eu elit nec, elementum porttitor mauris. Aliquam sed dignissim ex. In venenatis purus eget quam commodo consequat. Proin nec nunc eu odio sodales feugiat. Aliquam tempor eu odio imperdiet semper. Nam accumsan pellentesque sollicitudin.<\\/p>\\r\\n<p>Nullam fermentum convallis neque, quis iaculis nisi iaculis sit amet. Nunc viverra iaculis scelerisque. Praesent laoreet purus sit amet neque sodales semper. Nam vel ultricies elit. Mauris et pharetra est, quis egestas mauris. Vestibulum a nisi quis erat consequat porttitor. Sed quis quam mollis, eleifend nibh molestie, vestibulum velit. Proin venenatis cursus mauris blandit posuere. Suspendisse faucibus ex accumsan felis vestibulum tincidunt. Aliquam at lorem non lacus pulvinar interdum. Praesent non nisl tincidunt, bibendum ante vitae, vehicula risus. In accumsan rhoncus dolor, quis tempor felis pretium sit amet. Integer interdum ullamcorper justo quis molestie. Praesent a leo tincidunt, pharetra ex sed, volutpat risus. Aliquam hendrerit leo rutrum, tempus felis sed, egestas ante.<\\/p>\\r\\n<p>Curabitur varius sed nulla in condimentum. Mauris sit amet purus nec dolor facilisis euismod nec et lorem. Nulla in rhoncus quam. Etiam nisl enim, condimentum quis convallis vitae, suscipit id dui. Quisque sit amet libero eleifend, vulputate lectus id, tempus magna. Ut commodo, purus a consectetur sagittis, mi libero tristique sem, id bibendum ipsum nunc sed tellus. Mauris semper elementum dui, convallis sodales mauris pulvinar ultricies. Vivamus et fermentum leo. Maecenas eu rhoncus elit. Aliquam erat volutpat. Aenean consectetur rutrum ultrices. Duis sodales suscipit lacus sed pharetra. Maecenas lectus lectus, rhoncus at massa eget, ultrices convallis felis. Nullam nec tincidunt nulla, quis pharetra urna.<\\/p>\",\"settingImagePosition\":\"left\"}},\"32\":{\"modified\":\"1\",\"type\":\"journal\",\"enabled\":\"1\",\"collapsed\":\"1\",\"level\":\"0\",\"fields\":{\"customChooseJournal\":\"\",\"settingTextOverImage\":\"\"}},\"33\":{\"modified\":\"1\",\"type\":\"textQuote\",\"enabled\":\"1\",\"collapsed\":\"0\",\"level\":\"0\",\"fields\":{\"standardImages\":\"\",\"standardBodyText\":\"<p>Lorem Ipsum is simply dummy text of the printing and typesetting industry<\\/p>\",\"standardSubHeading\":\"Heidi Bjerkan\"}},\"34\":{\"modified\":\"1\",\"type\":\"journal\",\"enabled\":\"1\",\"collapsed\":\"0\",\"level\":\"0\",\"fields\":{\"customChooseJournal\":[\"35\"],\"settingImagePosition\":\"left\",\"settingTextOverImage\":\"\"}}}}}', '2017-09-20 12:18:59', '2017-09-20 12:18:59', '9986ce40-607a-4c22-8e15-9b54afa8f504'),
 ('39', '7', '4', '1', 'en', '17', '', '{\"typeId\":\"4\",\"authorId\":\"1\",\"title\":\"Credo\",\"slug\":\"credo-1\",\"postDate\":1505469180,\"expiryDate\":null,\"enabled\":1,\"parentId\":\"\",\"fields\":{\"3\":{\"23\":{\"modified\":\"1\",\"type\":\"introLinks\",\"enabled\":\"1\",\"collapsed\":\"1\",\"level\":\"0\",\"fields\":{\"standardHeading\":\"Hva ser du etter?\",\"customIntroLinks\":{\"24\":{\"type\":\"link\",\"enabled\":\"1\",\"fields\":{\"navn\":\"Booke bord\",\"internLink\":\"\",\"externalLink\":\"\"}},\"25\":{\"type\":\"link\",\"enabled\":\"1\",\"fields\":{\"navn\":\"Lese journal\",\"internLink\":\"\",\"externalLink\":\"\"}},\"26\":{\"type\":\"link\",\"enabled\":\"1\",\"fields\":{\"navn\":\"L\\u00e6re mer om v\\u00e5r filosofi\",\"internLink\":\"\",\"externalLink\":\"\"}}}}},\"27\":{\"modified\":\"1\",\"type\":\"introBoxes\",\"enabled\":\"1\",\"collapsed\":\"1\",\"level\":\"0\",\"fields\":{\"standardImages\":\"\",\"standardHeading\":\"Kj\\u00e6rlighet for r\\u00e5varen\",\"standardBodyText\":\"<p>Vi har troa. <br>Det er ikke dyrene som skal avles. <br>Det er kunnskapen som skal dyrkes.<\\/p>\"}},\"28\":{\"modified\":\"1\",\"type\":\"journal\",\"enabled\":\"1\",\"collapsed\":\"0\",\"level\":\"0\",\"fields\":{\"customChooseJournal\":[\"35\"],\"settingImagePosition\":\"right\",\"settingTextOverImage\":\"\"}},\"29\":{\"modified\":\"1\",\"type\":\"journal\",\"enabled\":\"1\",\"collapsed\":\"1\",\"level\":\"0\",\"fields\":{\"customChooseJournal\":\"\",\"settingImagePosition\":\"left\",\"settingTextOverImage\":\"\"}},\"30\":{\"modified\":\"1\",\"type\":\"imageFullWidth\",\"enabled\":\"1\",\"collapsed\":\"1\",\"level\":\"0\",\"fields\":{\"standardHeading\":\"\",\"standardImages\":\"\",\"standardBodyText\":\"\"}},\"31\":{\"modified\":\"1\",\"type\":\"imageWithText\",\"enabled\":\"1\",\"collapsed\":\"0\",\"level\":\"0\",\"fields\":{\"standardImages\":[\"36\"],\"standardBodyText\":\"<p>Lorem ipsum dolor sit amet, consectetur adipiscing elit. Vestibulum ultrices ullamcorper leo ac eleifend. Aliquam fringilla semper orci, sed dapibus risus pretium semper. Maecenas vulputate egestas nibh, at consequat justo ornare vel. Sed volutpat magna quis felis sollicitudin interdum. Suspendisse blandit sagittis elit, quis auctor lorem scelerisque a. Interdum et malesuada fames ac ante ipsum primis in faucibus. Cras eu quam vulputate, varius sapien a, convallis purus. Integer ultricies leo sit amet convallis euismod. Fusce ut quam aliquet, semper lectus quis, eleifend nisi.&nbsp;<\\/p><p>Aenean quis dapibus odio. Sed vitae lorem id urna tempor maximus nec vitae arcu. Nulla commodo nisi nec purus accumsan, ut sagittis urna accumsan. Proin vehicula neque non diam hendrerit, at interdum nisi cursus. Phasellus finibus lacus eu sapien ultricies sagittis.<\\/p>\\r\\n<p>Mauris sed viverra massa. Cras dolor tortor, vulputate et justo at, tempus tincidunt dolor. Ut venenatis lectus mauris, quis scelerisque urna dapibus sed. Etiam elit justo, lacinia a justo eu, rhoncus fermentum ex. Aliquam rutrum orci nec sem luctus malesuada. Phasellus in mauris felis. Ut non eleifend lacus, congue pulvinar dolor. Sed egestas nisl mauris, id tempus elit ultricies at.<\\/p>\\r\\n<p>Maecenas rhoncus libero ipsum, at mattis ex faucibus in. Donec mattis, velit quis finibus pellentesque, ante quam malesuada felis, a tempor est purus non arcu. Fusce vitae purus metus. Cras velit est, fermentum eu elit nec, elementum porttitor mauris. Aliquam sed dignissim ex. In venenatis purus eget quam commodo consequat. Proin nec nunc eu odio sodales feugiat. Aliquam tempor eu odio imperdiet semper. Nam accumsan pellentesque sollicitudin.<br><\\/p>\",\"settingImagePosition\":\"left\"}},\"32\":{\"modified\":\"1\",\"type\":\"journal\",\"enabled\":\"1\",\"collapsed\":\"1\",\"level\":\"0\",\"fields\":{\"customChooseJournal\":\"\",\"settingTextOverImage\":\"\"}},\"33\":{\"modified\":\"1\",\"type\":\"textQuote\",\"enabled\":\"1\",\"collapsed\":\"0\",\"level\":\"0\",\"fields\":{\"standardImages\":\"\",\"standardBodyText\":\"<p>Lorem Ipsum is simply dummy text of the printing and typesetting industry<\\/p>\",\"standardSubHeading\":\"Heidi Bjerkan\"}},\"34\":{\"modified\":\"1\",\"type\":\"journal\",\"enabled\":\"1\",\"collapsed\":\"0\",\"level\":\"0\",\"fields\":{\"customChooseJournal\":[\"35\"],\"settingImagePosition\":\"left\",\"settingTextOverImage\":\"\"}}}}}', '2017-09-20 12:19:28', '2017-09-20 12:19:28', 'c7639d37-1989-48be-9ffd-7dc595259d1a'),
 ('40', '7', '4', '1', 'en', '18', '', '{\"typeId\":\"4\",\"authorId\":\"1\",\"title\":\"Credo\",\"slug\":\"credo-1\",\"postDate\":1505469180,\"expiryDate\":null,\"enabled\":1,\"parentId\":\"\",\"fields\":{\"3\":{\"23\":{\"modified\":\"1\",\"type\":\"introLinks\",\"enabled\":\"1\",\"collapsed\":\"1\",\"level\":\"0\",\"fields\":{\"standardHeading\":\"Hva ser du etter?\",\"customIntroLinks\":{\"24\":{\"type\":\"link\",\"enabled\":\"1\",\"fields\":{\"navn\":\"Booke bord\",\"internLink\":\"\",\"externalLink\":\"\"}},\"25\":{\"type\":\"link\",\"enabled\":\"1\",\"fields\":{\"navn\":\"Lese journal\",\"internLink\":\"\",\"externalLink\":\"\"}},\"26\":{\"type\":\"link\",\"enabled\":\"1\",\"fields\":{\"navn\":\"L\\u00e6re mer om v\\u00e5r filosofi\",\"internLink\":\"\",\"externalLink\":\"\"}}}}},\"27\":{\"modified\":\"1\",\"type\":\"introBoxes\",\"enabled\":\"1\",\"collapsed\":\"1\",\"level\":\"0\",\"fields\":{\"standardImages\":\"\",\"standardHeading\":\"Kj\\u00e6rlighet for r\\u00e5varen\",\"standardBodyText\":\"<p>Vi har troa. <br>Det er ikke dyrene som skal avles. <br>Det er kunnskapen som skal dyrkes.<\\/p>\"}},\"28\":{\"modified\":\"1\",\"type\":\"journal\",\"enabled\":\"1\",\"collapsed\":\"0\",\"level\":\"0\",\"fields\":{\"customChooseJournal\":[\"35\"],\"settingImagePosition\":\"right\",\"settingTextOverImage\":\"\"}},\"29\":{\"modified\":\"1\",\"type\":\"journal\",\"enabled\":\"1\",\"collapsed\":\"1\",\"level\":\"0\",\"fields\":{\"customChooseJournal\":\"\",\"settingImagePosition\":\"left\",\"settingTextOverImage\":\"\"}},\"30\":{\"modified\":\"1\",\"type\":\"imageFullWidth\",\"enabled\":\"1\",\"collapsed\":\"0\",\"level\":\"0\",\"fields\":{\"standardHeading\":\"\",\"standardImages\":[\"36\"],\"standardBodyText\":\"\"}},\"31\":{\"modified\":\"1\",\"type\":\"imageWithText\",\"enabled\":\"1\",\"collapsed\":\"0\",\"level\":\"0\",\"fields\":{\"standardImages\":[\"36\"],\"standardBodyText\":\"<p>Lorem ipsum dolor sit amet, consectetur adipiscing elit. Vestibulum ultrices ullamcorper leo ac eleifend. Aliquam fringilla semper orci, sed dapibus risus pretium semper. Maecenas vulputate egestas nibh, at consequat justo ornare vel. Sed volutpat magna quis felis sollicitudin interdum. Suspendisse blandit sagittis elit, quis auctor lorem scelerisque a. Interdum et malesuada fames ac ante ipsum primis in faucibus. Cras eu quam vulputate, varius sapien a, convallis purus. Integer ultricies leo sit amet convallis euismod. Fusce ut quam aliquet, semper lectus quis, eleifend nisi.&nbsp;<\\/p>\\r\\n<p>Aenean quis dapibus odio. Sed vitae lorem id urna tempor maximus nec vitae arcu. Nulla commodo nisi nec purus accumsan, ut sagittis urna accumsan. Proin vehicula neque non diam hendrerit, at interdum nisi cursus. Phasellus finibus lacus eu sapien ultricies sagittis.<\\/p>\\r\\n<p>Mauris sed viverra massa. Cras dolor tortor, vulputate et justo at, tempus tincidunt dolor. Ut venenatis lectus mauris, quis scelerisque urna dapibus sed. Etiam elit justo, lacinia a justo eu, rhoncus fermentum ex. Aliquam rutrum orci nec sem luctus malesuada. Phasellus in mauris felis. Ut non eleifend lacus, congue pulvinar dolor. Sed egestas nisl mauris, id tempus elit ultricies at.<\\/p>\\r\\n<p>Maecenas rhoncus libero ipsum, at mattis ex faucibus in. Donec mattis, velit quis finibus pellentesque, ante quam malesuada felis, a tempor est purus non arcu. Fusce vitae purus metus. Cras velit est, fermentum eu elit nec, elementum porttitor mauris. Aliquam sed dignissim ex. In venenatis purus eget quam commodo consequat. Proin nec nunc eu odio sodales feugiat. Aliquam tempor eu odio imperdiet semper. Nam accumsan pellentesque sollicitudin.<br><\\/p>\",\"settingImagePosition\":\"left\"}},\"32\":{\"modified\":\"1\",\"type\":\"journal\",\"enabled\":\"1\",\"collapsed\":\"1\",\"level\":\"0\",\"fields\":{\"customChooseJournal\":\"\",\"settingTextOverImage\":\"\"}},\"33\":{\"modified\":\"1\",\"type\":\"textQuote\",\"enabled\":\"1\",\"collapsed\":\"0\",\"level\":\"0\",\"fields\":{\"standardImages\":\"\",\"standardBodyText\":\"<p>Lorem Ipsum is simply dummy text of the printing and typesetting industry<\\/p>\",\"standardSubHeading\":\"Heidi Bjerkan\"}},\"34\":{\"modified\":\"1\",\"type\":\"journal\",\"enabled\":\"1\",\"collapsed\":\"0\",\"level\":\"0\",\"fields\":{\"customChooseJournal\":[\"35\"],\"settingImagePosition\":\"left\",\"settingTextOverImage\":\"\"}}}}}', '2017-09-20 12:21:29', '2017-09-20 12:21:29', '47c5d79a-8aea-46f3-b00e-a42c2c17a2c5'),
 ('41', '7', '4', '1', 'en', '19', '', '{\"typeId\":\"4\",\"authorId\":\"1\",\"title\":\"Credo\",\"slug\":\"credo-1\",\"postDate\":1505469180,\"expiryDate\":null,\"enabled\":1,\"parentId\":\"\",\"fields\":{\"3\":{\"23\":{\"modified\":\"1\",\"type\":\"introLinks\",\"enabled\":\"1\",\"collapsed\":\"1\",\"level\":\"0\",\"fields\":{\"standardHeading\":\"Hva ser du etter?\",\"customIntroLinks\":{\"24\":{\"type\":\"link\",\"enabled\":\"1\",\"fields\":{\"navn\":\"Booke bord\",\"internLink\":\"\",\"externalLink\":\"\"}},\"25\":{\"type\":\"link\",\"enabled\":\"1\",\"fields\":{\"navn\":\"Lese journal\",\"internLink\":\"\",\"externalLink\":\"\"}},\"26\":{\"type\":\"link\",\"enabled\":\"1\",\"fields\":{\"navn\":\"L\\u00e6re mer om v\\u00e5r filosofi\",\"internLink\":\"\",\"externalLink\":\"\"}}}}},\"27\":{\"modified\":\"1\",\"type\":\"introBoxes\",\"enabled\":\"1\",\"collapsed\":\"1\",\"level\":\"0\",\"fields\":{\"standardImages\":\"\",\"standardHeading\":\"Kj\\u00e6rlighet for r\\u00e5varen\",\"standardBodyText\":\"<p>Vi har troa. <br>Det er ikke dyrene som skal avles. <br>Det er kunnskapen som skal dyrkes.<\\/p>\"}},\"28\":{\"modified\":\"1\",\"type\":\"journal\",\"enabled\":\"1\",\"collapsed\":\"0\",\"level\":\"0\",\"fields\":{\"customChooseJournal\":[\"35\"],\"settingImagePosition\":\"right\",\"settingTextOverImage\":\"\"}},\"29\":{\"modified\":\"1\",\"type\":\"journal\",\"enabled\":\"1\",\"collapsed\":\"1\",\"level\":\"0\",\"fields\":{\"customChooseJournal\":\"\",\"settingImagePosition\":\"left\",\"settingTextOverImage\":\"\"}},\"30\":{\"modified\":\"1\",\"type\":\"imageFullWidth\",\"enabled\":\"1\",\"collapsed\":\"0\",\"level\":\"0\",\"fields\":{\"standardHeading\":\"Hei\\r\\nHallo\",\"standardImages\":[\"36\"],\"standardBodyText\":\"<p><strong><\\/strong>Hallo<\\/p>\"}},\"31\":{\"modified\":\"1\",\"type\":\"imageWithText\",\"enabled\":\"1\",\"collapsed\":\"0\",\"level\":\"0\",\"fields\":{\"standardImages\":[\"36\"],\"standardBodyText\":\"<p>Lorem ipsum dolor sit amet, consectetur adipiscing elit. Vestibulum ultrices ullamcorper leo ac eleifend. Aliquam fringilla semper orci, sed dapibus risus pretium semper. Maecenas vulputate egestas nibh, at consequat justo ornare vel. Sed volutpat magna quis felis sollicitudin interdum. Suspendisse blandit sagittis elit, quis auctor lorem scelerisque a. Interdum et malesuada fames ac ante ipsum primis in faucibus. Cras eu quam vulputate, varius sapien a, convallis purus. Integer ultricies leo sit amet convallis euismod. Fusce ut quam aliquet, semper lectus quis, eleifend nisi.&nbsp;<\\/p>\\r\\n<p>Aenean quis dapibus odio. Sed vitae lorem id urna tempor maximus nec vitae arcu. Nulla commodo nisi nec purus accumsan, ut sagittis urna accumsan. Proin vehicula neque non diam hendrerit, at interdum nisi cursus. Phasellus finibus lacus eu sapien ultricies sagittis.<\\/p>\\r\\n<p>Mauris sed viverra massa. Cras dolor tortor, vulputate et justo at, tempus tincidunt dolor. Ut venenatis lectus mauris, quis scelerisque urna dapibus sed. Etiam elit justo, lacinia a justo eu, rhoncus fermentum ex. Aliquam rutrum orci nec sem luctus malesuada. Phasellus in mauris felis. Ut non eleifend lacus, congue pulvinar dolor. Sed egestas nisl mauris, id tempus elit ultricies at.<\\/p>\\r\\n<p>Maecenas rhoncus libero ipsum, at mattis ex faucibus in. Donec mattis, velit quis finibus pellentesque, ante quam malesuada felis, a tempor est purus non arcu. Fusce vitae purus metus. Cras velit est, fermentum eu elit nec, elementum porttitor mauris. Aliquam sed dignissim ex. In venenatis purus eget quam commodo consequat. Proin nec nunc eu odio sodales feugiat. Aliquam tempor eu odio imperdiet semper. Nam accumsan pellentesque sollicitudin.<br><\\/p>\",\"settingImagePosition\":\"left\"}},\"32\":{\"modified\":\"1\",\"type\":\"journal\",\"enabled\":\"1\",\"collapsed\":\"1\",\"level\":\"0\",\"fields\":{\"customChooseJournal\":\"\",\"settingTextOverImage\":\"\"}},\"33\":{\"modified\":\"1\",\"type\":\"textQuote\",\"enabled\":\"1\",\"collapsed\":\"0\",\"level\":\"0\",\"fields\":{\"standardImages\":\"\",\"standardBodyText\":\"<p>Lorem Ipsum is simply dummy text of the printing and typesetting industry<\\/p>\",\"standardSubHeading\":\"Heidi Bjerkan\"}},\"34\":{\"modified\":\"1\",\"type\":\"journal\",\"enabled\":\"1\",\"collapsed\":\"0\",\"level\":\"0\",\"fields\":{\"customChooseJournal\":[\"35\"],\"settingImagePosition\":\"left\",\"settingTextOverImage\":\"\"}}}}}', '2017-09-20 12:22:54', '2017-09-20 12:22:54', 'f8ce2e5f-8ca9-43d8-b452-b465e553456f'),
 ('42', '7', '4', '1', 'en', '20', '', '{\"typeId\":\"4\",\"authorId\":\"1\",\"title\":\"Credo\",\"slug\":\"credo-1\",\"postDate\":1505469180,\"expiryDate\":null,\"enabled\":1,\"parentId\":\"\",\"fields\":{\"3\":{\"23\":{\"modified\":\"1\",\"type\":\"introLinks\",\"enabled\":\"1\",\"collapsed\":\"1\",\"level\":\"0\",\"fields\":{\"standardHeading\":\"Hva ser du etter?\",\"customIntroLinks\":{\"24\":{\"type\":\"link\",\"enabled\":\"1\",\"fields\":{\"navn\":\"Booke bord\",\"internLink\":\"\",\"externalLink\":\"\"}},\"25\":{\"type\":\"link\",\"enabled\":\"1\",\"fields\":{\"navn\":\"Lese journal\",\"internLink\":\"\",\"externalLink\":\"\"}},\"26\":{\"type\":\"link\",\"enabled\":\"1\",\"fields\":{\"navn\":\"L\\u00e6re mer om v\\u00e5r filosofi\",\"internLink\":\"\",\"externalLink\":\"\"}}}}},\"new0\":{\"modified\":\"1\",\"type\":\"text\",\"enabled\":\"1\",\"collapsed\":\"0\",\"level\":\"0\",\"fields\":{\"standardHeading\":\"\",\"standardBodyText\":\"<p>Lorem ipsum dolor sit amet, consectetur adipiscing elit. Vestibulum ultrices ullamcorper leo ac eleifend. Aliquam fringilla semper orci, sed dapibus risus pretium semper. Maecenas vulputate egestas nibh, at consequat justo ornare vel. Sed volutpat magna quis felis sollicitudin interdum. Suspendisse blandit sagittis elit, quis auctor lorem scelerisque a. Interdum et malesuada fames ac ante ipsum primis in faucibus. Cras eu quam vulputate, varius sapien a, convallis purus. Integer ultricies leo sit amet convallis euismod. Fusce ut quam aliquet, semper lectus quis, eleifend nisi.&nbsp;<\\/p>\\r\\n<p>Aenean quis dapibus odio. Sed vitae lorem id urna tempor maximus nec vitae arcu. Nulla commodo nisi nec purus accumsan, ut sagittis urna accumsan. Proin vehicula neque non diam hendrerit, at interdum nisi cursus. Phasellus finibus lacus eu sapien ultricies sagittis.<\\/p>\\r\\n<p>Mauris sed viverra massa. Cras dolor tortor, vulputate et justo at, tempus tincidunt dolor. Ut venenatis lectus mauris, quis scelerisque urna dapibus sed. Etiam elit justo, lacinia a justo eu, rhoncus fermentum ex. Aliquam rutrum orci nec sem luctus malesuada. Phasellus in mauris felis. Ut non eleifend lacus, congue pulvinar dolor. Sed egestas nisl mauris, id tempus elit ultricies at.<\\/p>\\r\\n<p>Maecenas rhoncus libero ipsum, at mattis ex faucibus in. Donec mattis, velit quis finibus pellentesque, ante quam malesuada felis, a tempor est purus non arcu. Fusce vitae purus metus. Cras velit est, fermentum eu elit nec, elementum porttitor mauris. Aliquam sed dignissim ex. In venenatis purus eget quam commodo consequat. Proin nec nunc eu odio sodales feugiat. Aliquam tempor eu odio imperdiet semper. Nam accumsan pellentesque sollicitudin.<\\/p>\"}},\"27\":{\"modified\":\"1\",\"type\":\"introBoxes\",\"enabled\":\"1\",\"collapsed\":\"1\",\"level\":\"0\",\"fields\":{\"standardImages\":\"\",\"standardHeading\":\"Kj\\u00e6rlighet for r\\u00e5varen\",\"standardBodyText\":\"<p>Vi har troa. <br>Det er ikke dyrene som skal avles. <br>Det er kunnskapen som skal dyrkes.<\\/p>\"}},\"28\":{\"modified\":\"1\",\"type\":\"journal\",\"enabled\":\"1\",\"collapsed\":\"1\",\"level\":\"0\",\"fields\":{\"customChooseJournal\":[\"35\"],\"settingImagePosition\":\"right\",\"settingTextOverImage\":\"\"}},\"29\":{\"modified\":\"1\",\"type\":\"journal\",\"enabled\":\"1\",\"collapsed\":\"1\",\"level\":\"0\",\"fields\":{\"customChooseJournal\":\"\",\"settingImagePosition\":\"left\",\"settingTextOverImage\":\"\"}},\"30\":{\"modified\":\"1\",\"type\":\"imageFullWidth\",\"enabled\":\"1\",\"collapsed\":\"1\",\"level\":\"0\",\"fields\":{\"standardHeading\":\"Hei\\r\\nHallo\",\"standardImages\":[\"36\"],\"standardBodyText\":\"<p>Hallo<\\/p>\"}},\"31\":{\"modified\":\"1\",\"type\":\"imageWithText\",\"enabled\":\"1\",\"collapsed\":\"0\",\"level\":\"0\",\"fields\":{\"standardImages\":[\"36\"],\"standardBodyText\":\"<p>Lorem ipsum dolor sit amet, consectetur adipiscing elit. Vestibulum ultrices ullamcorper leo ac eleifend. Aliquam fringilla semper orci, sed dapibus risus pretium semper. Maecenas vulputate egestas nibh, at consequat justo ornare vel. Sed volutpat magna quis felis sollicitudin interdum. Suspendisse blandit sagittis elit, quis auctor lorem scelerisque a. Interdum et malesuada fames ac ante ipsum primis in faucibus. Cras eu quam vulputate, varius sapien a, convallis purus. Integer ultricies leo sit amet convallis euismod. Fusce ut quam aliquet, semper lectus quis, eleifend nisi.&nbsp;<\\/p>\\r\\n<p>Aenean quis dapibus odio. Sed vitae lorem id urna tempor maximus nec vitae arcu. Nulla commodo nisi nec purus accumsan, ut sagittis urna accumsan. Proin vehicula neque non diam hendrerit, at interdum nisi cursus. Phasellus finibus lacus eu sapien ultricies sagittis.<\\/p>\\r\\n<p>Mauris sed viverra massa. Cras dolor tortor, vulputate et justo at, tempus tincidunt dolor. Ut venenatis lectus mauris, quis scelerisque urna dapibus sed. Etiam elit justo, lacinia a justo eu, rhoncus fermentum ex. Aliquam rutrum orci nec sem luctus malesuada. Phasellus in mauris felis. Ut non eleifend lacus, congue pulvinar dolor. Sed egestas nisl mauris, id tempus elit ultricies at.<\\/p>\\r\\n<p>Maecenas rhoncus libero ipsum, at mattis ex faucibus in. Donec mattis, velit quis finibus pellentesque, ante quam malesuada felis, a tempor est purus non arcu. Fusce vitae purus metus. Cras velit est, fermentum eu elit nec, elementum porttitor mauris. Aliquam sed dignissim ex. In venenatis purus eget quam commodo consequat. Proin nec nunc eu odio sodales feugiat. Aliquam tempor eu odio imperdiet semper. Nam accumsan pellentesque sollicitudin.<br><\\/p>\",\"settingImagePosition\":\"left\"}},\"32\":{\"modified\":\"1\",\"type\":\"journal\",\"enabled\":\"1\",\"collapsed\":\"1\",\"level\":\"0\",\"fields\":{\"customChooseJournal\":\"\",\"settingTextOverImage\":\"\"}},\"33\":{\"modified\":\"1\",\"type\":\"textQuote\",\"enabled\":\"1\",\"collapsed\":\"1\",\"level\":\"0\",\"fields\":{\"standardImages\":\"\",\"standardBodyText\":\"<p>Lorem Ipsum is simply dummy text of the printing and typesetting industry<\\/p>\",\"standardSubHeading\":\"Heidi Bjerkan\"}},\"34\":{\"modified\":\"1\",\"type\":\"journal\",\"enabled\":\"1\",\"collapsed\":\"1\",\"level\":\"0\",\"fields\":{\"customChooseJournal\":[\"35\"],\"settingImagePosition\":\"left\",\"settingTextOverImage\":\"\"}}}}}', '2017-09-20 12:32:39', '2017-09-20 12:32:39', '54e8d8e9-93d6-4e9a-9183-fd61fc91bf93'),
 ('43', '7', '4', '1', 'en', '21', '', '{\"typeId\":\"4\",\"authorId\":\"1\",\"title\":\"Credo\",\"slug\":\"credo-1\",\"postDate\":1505469180,\"expiryDate\":null,\"enabled\":1,\"parentId\":\"\",\"fields\":{\"3\":{\"23\":{\"modified\":\"1\",\"type\":\"introLinks\",\"enabled\":\"1\",\"collapsed\":\"1\",\"level\":\"0\",\"fields\":{\"standardHeading\":\"Hva ser du etter?\",\"customIntroLinks\":{\"24\":{\"type\":\"link\",\"enabled\":\"1\",\"fields\":{\"navn\":\"Booke bord\",\"internLink\":\"\",\"externalLink\":\"\"}},\"25\":{\"type\":\"link\",\"enabled\":\"1\",\"fields\":{\"navn\":\"Lese journal\",\"internLink\":\"\",\"externalLink\":\"\"}},\"26\":{\"type\":\"link\",\"enabled\":\"1\",\"fields\":{\"navn\":\"L\\u00e6re mer om v\\u00e5r filosofi\",\"internLink\":\"\",\"externalLink\":\"\"}}}}},\"37\":{\"modified\":\"1\",\"type\":\"text\",\"enabled\":\"1\",\"collapsed\":\"1\",\"level\":\"0\",\"fields\":{\"standardHeading\":\"\",\"standardBodyText\":\"<p>Lorem ipsum dolor sit amet, consectetur adipiscing elit. Vestibulum ultrices ullamcorper leo ac eleifend. Aliquam fringilla semper orci, sed dapibus risus pretium semper. Maecenas vulputate egestas nibh, at consequat justo ornare vel. Sed volutpat magna quis felis sollicitudin interdum. Suspendisse blandit sagittis elit, quis auctor lorem scelerisque a. Interdum et malesuada fames ac ante ipsum primis in faucibus. Cras eu quam vulputate, varius sapien a, convallis purus. Integer ultricies leo sit amet convallis euismod. Fusce ut quam aliquet, semper lectus quis, eleifend nisi.&nbsp;<\\/p>\\r\\n<p>Aenean quis dapibus odio. Sed vitae lorem id urna tempor maximus nec vitae arcu. Nulla commodo nisi nec purus accumsan, ut sagittis urna accumsan. Proin vehicula neque non diam hendrerit, at interdum nisi cursus. Phasellus finibus lacus eu sapien ultricies sagittis.<\\/p>\\r\\n<p>Mauris sed viverra massa. Cras dolor tortor, vulputate et justo at, tempus tincidunt dolor. Ut venenatis lectus mauris, quis scelerisque urna dapibus sed. Etiam elit justo, lacinia a justo eu, rhoncus fermentum ex. Aliquam rutrum orci nec sem luctus malesuada. Phasellus in mauris felis. Ut non eleifend lacus, congue pulvinar dolor. Sed egestas nisl mauris, id tempus elit ultricies at.<\\/p>\\r\\n<p>Maecenas rhoncus libero ipsum, at mattis ex faucibus in. Donec mattis, velit quis finibus pellentesque, ante quam malesuada felis, a tempor est purus non arcu. Fusce vitae purus metus. Cras velit est, fermentum eu elit nec, elementum porttitor mauris. Aliquam sed dignissim ex. In venenatis purus eget quam commodo consequat. Proin nec nunc eu odio sodales feugiat. Aliquam tempor eu odio imperdiet semper. Nam accumsan pellentesque sollicitudin.<\\/p>\"}},\"27\":{\"modified\":\"1\",\"type\":\"introBoxes\",\"enabled\":\"1\",\"collapsed\":\"1\",\"level\":\"0\",\"fields\":{\"standardImages\":\"\",\"standardHeading\":\"Kj\\u00e6rlighet for r\\u00e5varen\",\"standardBodyText\":\"<p>Vi har troa. <br>Det er ikke dyrene som skal avles. <br>Det er kunnskapen som skal dyrkes.<\\/p>\"}},\"28\":{\"modified\":\"1\",\"type\":\"journal\",\"enabled\":\"1\",\"collapsed\":\"1\",\"level\":\"0\",\"fields\":{\"customChooseJournal\":[\"35\"],\"settingImagePosition\":\"right\",\"settingTextOverImage\":\"\"}},\"29\":{\"modified\":\"1\",\"type\":\"journal\",\"enabled\":\"1\",\"collapsed\":\"1\",\"level\":\"0\",\"fields\":{\"customChooseJournal\":\"\",\"settingImagePosition\":\"left\",\"settingTextOverImage\":\"\"}},\"30\":{\"modified\":\"1\",\"type\":\"imageFullWidth\",\"enabled\":\"1\",\"collapsed\":\"1\",\"level\":\"0\",\"fields\":{\"standardHeading\":\"Hei\\r\\nHallo\",\"standardImages\":[\"36\"],\"standardBodyText\":\"<p>Hallo<\\/p>\"}},\"31\":{\"modified\":\"1\",\"type\":\"imageWithText\",\"enabled\":\"1\",\"collapsed\":\"0\",\"level\":\"0\",\"fields\":{\"standardImages\":[\"36\"],\"standardBodyText\":\"<p>Lorem ipsum dolor sit amet, consectetur adipiscing elit. Vestibulum ultrices ullamcorper leo ac eleifend. Aliquam fringilla semper orci, sed dapibus risus pretium semper. Maecenas vulputate egestas nibh, at consequat justo ornare vel. Sed volutpat magna quis felis sollicitudin interdum. Suspendisse blandit sagittis elit, quis auctor lorem scelerisque a. Interdum et malesuada fames ac ante ipsum primis in faucibus. Cras eu quam vulputate, varius sapien a, convallis purus. Integer ultricies leo sit amet convallis euismod. Fusce ut quam aliquet, semper lectus quis, eleifend nisi.&nbsp;<\\/p>\\r\\n<p>Aenean quis dapibus odio. Sed vitae lorem id urna tempor maximus nec vitae arcu. Nulla commodo nisi nec purus accumsan, ut sagittis urna accumsan. Proin vehicula neque non diam hendrerit, at interdum nisi cursus. Phasellus finibus lacus eu sapien ultricies sagittis.<\\/p>\\r\\n<p>Mauris sed viverra massa. Cras dolor tortor, vulputate et justo at, tempus tincidunt dolor. Ut venenatis lectus mauris, quis scelerisque urna dapibus sed. Etiam elit justo, lacinia a justo eu, rhoncus fermentum ex. Aliquam rutrum orci nec sem luctus malesuada. Phasellus in mauris felis. Ut non eleifend lacus, congue pulvinar dolor. Sed egestas nisl mauris, id tempus elit ultricies at.<\\/p>\\r\\n<p>Maecenas rhoncus libero ipsum, at mattis ex faucibus in. Donec mattis, velit quis finibus pellentesque, ante quam malesuada felis, a tempor est purus non arcu. Fusce vitae purus metus. Cras velit est, fermentum eu elit nec, elementum porttitor mauris. Aliquam sed dignissim ex. In venenatis purus eget quam commodo consequat. Proin nec nunc eu odio sodales feugiat. Aliquam tempor eu odio imperdiet semper. Nam accumsan pellentesque sollicitudin.<br><\\/p>\",\"settingImagePosition\":\"left\"}},\"32\":{\"modified\":\"1\",\"type\":\"journal\",\"enabled\":\"1\",\"collapsed\":\"1\",\"level\":\"0\",\"fields\":{\"customChooseJournal\":\"\",\"settingTextOverImage\":\"\"}},\"33\":{\"modified\":\"1\",\"type\":\"textQuote\",\"enabled\":\"1\",\"collapsed\":\"0\",\"level\":\"0\",\"fields\":{\"standardImages\":[\"36\"],\"standardBodyText\":\"<p>Lorem Ipsum is simply dummy text of the printing and typesetting industry<\\/p>\",\"standardSubHeading\":\"Heidi Bjerkan\"}},\"34\":{\"modified\":\"1\",\"type\":\"journal\",\"enabled\":\"1\",\"collapsed\":\"1\",\"level\":\"0\",\"fields\":{\"customChooseJournal\":[\"35\"],\"settingImagePosition\":\"left\",\"settingTextOverImage\":\"\"}}}}}', '2017-09-20 12:33:39', '2017-09-20 12:33:39', 'a2aabb52-e582-4c1d-bfd3-7bfc775439da'),
 ('44', '7', '4', '1', 'en', '22', '', '{\"typeId\":\"4\",\"authorId\":\"1\",\"title\":\"Credo\",\"slug\":\"credo-1\",\"postDate\":1505469180,\"expiryDate\":null,\"enabled\":1,\"parentId\":\"\",\"fields\":{\"3\":{\"23\":{\"modified\":\"1\",\"type\":\"introLinks\",\"enabled\":\"1\",\"collapsed\":\"1\",\"level\":\"0\",\"fields\":{\"standardHeading\":\"Hva ser du etter?\",\"customIntroLinks\":{\"24\":{\"type\":\"link\",\"enabled\":\"1\",\"fields\":{\"navn\":\"Booke bord\",\"internLink\":\"\",\"externalLink\":\"\"}},\"25\":{\"type\":\"link\",\"enabled\":\"1\",\"fields\":{\"navn\":\"Lese journal\",\"internLink\":\"\",\"externalLink\":\"\"}},\"26\":{\"type\":\"link\",\"enabled\":\"1\",\"fields\":{\"navn\":\"L\\u00e6re mer om v\\u00e5r filosofi\",\"internLink\":\"\",\"externalLink\":\"\"}}}}},\"37\":{\"modified\":\"1\",\"type\":\"text\",\"enabled\":\"1\",\"collapsed\":\"0\",\"level\":\"0\",\"fields\":{\"standardHeading\":\"Yo\",\"standardBodyText\":\"<p>Lorem ipsum dolor sit amet, consectetur adipiscing elit. Vestibulum ultrices ullamcorper leo ac eleifend. Aliquam fringilla semper orci, sed dapibus risus pretium semper. Maecenas vulputate egestas nibh, at consequat justo ornare vel. Sed volutpat magna quis felis sollicitudin interdum. Suspendisse blandit sagittis elit, quis auctor lorem scelerisque a. Interdum et malesuada fames ac ante ipsum primis in faucibus. Cras eu quam vulputate, varius sapien a, convallis purus. Integer ultricies leo sit amet convallis euismod. Fusce ut quam aliquet, semper lectus quis, eleifend nisi.&nbsp;<\\/p>\\r\\n<p>Aenean quis dapibus odio. Sed vitae lorem id urna tempor maximus nec vitae arcu. Nulla commodo nisi nec purus accumsan, ut sagittis urna accumsan. Proin vehicula neque non diam hendrerit, at interdum nisi cursus. Phasellus finibus lacus eu sapien ultricies sagittis.<\\/p>\\r\\n<p>Mauris sed viverra massa. Cras dolor tortor, vulputate et justo at, tempus tincidunt dolor. Ut venenatis lectus mauris, quis scelerisque urna dapibus sed. Etiam elit justo, lacinia a justo eu, rhoncus fermentum ex. Aliquam rutrum orci nec sem luctus malesuada. Phasellus in mauris felis. Ut non eleifend lacus, congue pulvinar dolor. Sed egestas nisl mauris, id tempus elit ultricies at.<\\/p>\\r\\n<p>Maecenas rhoncus libero ipsum, at mattis ex faucibus in. Donec mattis, velit quis finibus pellentesque, ante quam malesuada felis, a tempor est purus non arcu. Fusce vitae purus metus. Cras velit est, fermentum eu elit nec, elementum porttitor mauris. Aliquam sed dignissim ex. In venenatis purus eget quam commodo consequat. Proin nec nunc eu odio sodales feugiat. Aliquam tempor eu odio imperdiet semper. Nam accumsan pellentesque sollicitudin.<\\/p>\"}},\"27\":{\"modified\":\"1\",\"type\":\"introBoxes\",\"enabled\":\"1\",\"collapsed\":\"1\",\"level\":\"0\",\"fields\":{\"standardImages\":\"\",\"standardHeading\":\"Kj\\u00e6rlighet for r\\u00e5varen\",\"standardBodyText\":\"<p>Vi har troa. <br>Det er ikke dyrene som skal avles. <br>Det er kunnskapen som skal dyrkes.<\\/p>\"}},\"28\":{\"modified\":\"1\",\"type\":\"journal\",\"enabled\":\"1\",\"collapsed\":\"1\",\"level\":\"0\",\"fields\":{\"customChooseJournal\":[\"35\"],\"settingImagePosition\":\"right\",\"settingTextOverImage\":\"\"}},\"29\":{\"modified\":\"1\",\"type\":\"journal\",\"enabled\":\"1\",\"collapsed\":\"1\",\"level\":\"0\",\"fields\":{\"customChooseJournal\":\"\",\"settingImagePosition\":\"left\",\"settingTextOverImage\":\"\"}},\"30\":{\"modified\":\"1\",\"type\":\"imageFullWidth\",\"enabled\":\"1\",\"collapsed\":\"1\",\"level\":\"0\",\"fields\":{\"standardHeading\":\"Hei\\r\\nHallo\",\"standardImages\":[\"36\"],\"standardBodyText\":\"<p>Hallo<\\/p>\"}},\"31\":{\"modified\":\"1\",\"type\":\"imageWithText\",\"enabled\":\"1\",\"collapsed\":\"0\",\"level\":\"0\",\"fields\":{\"standardImages\":[\"36\"],\"standardBodyText\":\"<p>Lorem ipsum dolor sit amet, consectetur adipiscing elit. Vestibulum ultrices ullamcorper leo ac eleifend. Aliquam fringilla semper orci, sed dapibus risus pretium semper. Maecenas vulputate egestas nibh, at consequat justo ornare vel. Sed volutpat magna quis felis sollicitudin interdum. Suspendisse blandit sagittis elit, quis auctor lorem scelerisque a. Interdum et malesuada fames ac ante ipsum primis in faucibus. Cras eu quam vulputate, varius sapien a, convallis purus. Integer ultricies leo sit amet convallis euismod. Fusce ut quam aliquet, semper lectus quis, eleifend nisi.&nbsp;<\\/p>\\r\\n<p>Aenean quis dapibus odio. Sed vitae lorem id urna tempor maximus nec vitae arcu. Nulla commodo nisi nec purus accumsan, ut sagittis urna accumsan. Proin vehicula neque non diam hendrerit, at interdum nisi cursus. Phasellus finibus lacus eu sapien ultricies sagittis.<\\/p>\\r\\n<p>Mauris sed viverra massa. Cras dolor tortor, vulputate et justo at, tempus tincidunt dolor. Ut venenatis lectus mauris, quis scelerisque urna dapibus sed. Etiam elit justo, lacinia a justo eu, rhoncus fermentum ex. Aliquam rutrum orci nec sem luctus malesuada. Phasellus in mauris felis. Ut non eleifend lacus, congue pulvinar dolor. Sed egestas nisl mauris, id tempus elit ultricies at.<\\/p>\\r\\n<p>Maecenas rhoncus libero ipsum, at mattis ex faucibus in. Donec mattis, velit quis finibus pellentesque, ante quam malesuada felis, a tempor est purus non arcu. Fusce vitae purus metus. Cras velit est, fermentum eu elit nec, elementum porttitor mauris. Aliquam sed dignissim ex. In venenatis purus eget quam commodo consequat. Proin nec nunc eu odio sodales feugiat. Aliquam tempor eu odio imperdiet semper. Nam accumsan pellentesque sollicitudin.<br><\\/p>\",\"settingImagePosition\":\"left\"}},\"32\":{\"modified\":\"1\",\"type\":\"journal\",\"enabled\":\"1\",\"collapsed\":\"1\",\"level\":\"0\",\"fields\":{\"customChooseJournal\":\"\",\"settingTextOverImage\":\"\"}},\"33\":{\"modified\":\"1\",\"type\":\"textQuote\",\"enabled\":\"1\",\"collapsed\":\"0\",\"level\":\"0\",\"fields\":{\"standardImages\":[\"36\"],\"standardBodyText\":\"<p>Lorem Ipsum is simply dummy text of the printing and typesetting industry<\\/p>\",\"standardSubHeading\":\"Heidi Bjerkan\"}},\"34\":{\"modified\":\"1\",\"type\":\"journal\",\"enabled\":\"1\",\"collapsed\":\"1\",\"level\":\"0\",\"fields\":{\"customChooseJournal\":[\"35\"],\"settingImagePosition\":\"left\",\"settingTextOverImage\":\"\"}}}}}', '2017-09-20 12:34:57', '2017-09-20 12:34:57', 'ef0aecb1-9e7e-4211-9566-c2ba079b76e3'),
 ('45', '7', '4', '1', 'en', '23', '', '{\"typeId\":\"4\",\"authorId\":\"1\",\"title\":\"Credo\",\"slug\":\"credo-1\",\"postDate\":1505469180,\"expiryDate\":null,\"enabled\":1,\"parentId\":\"\",\"fields\":{\"3\":{\"23\":{\"modified\":\"1\",\"type\":\"introLinks\",\"enabled\":\"1\",\"collapsed\":\"1\",\"level\":\"0\",\"fields\":{\"standardHeading\":\"Hva ser du etter?\",\"customIntroLinks\":{\"24\":{\"type\":\"link\",\"enabled\":\"1\",\"fields\":{\"navn\":\"Booke bord\",\"internLink\":\"\",\"externalLink\":\"\"}},\"25\":{\"type\":\"link\",\"enabled\":\"1\",\"fields\":{\"navn\":\"Lese journal\",\"internLink\":\"\",\"externalLink\":\"\"}},\"26\":{\"type\":\"link\",\"enabled\":\"1\",\"fields\":{\"navn\":\"L\\u00e6re mer om v\\u00e5r filosofi\",\"internLink\":\"\",\"externalLink\":\"\"}}}}},\"27\":{\"modified\":\"1\",\"type\":\"introBoxes\",\"enabled\":\"1\",\"collapsed\":\"1\",\"level\":\"0\",\"fields\":{\"standardImages\":\"\",\"standardHeading\":\"Kj\\u00e6rlighet for r\\u00e5varen\",\"standardBodyText\":\"<p>Vi har troa. <br>Det er ikke dyrene som skal avles. <br>Det er kunnskapen som skal dyrkes.<\\/p>\"}},\"37\":{\"modified\":\"1\",\"type\":\"text\",\"enabled\":\"1\",\"collapsed\":\"1\",\"level\":\"0\",\"fields\":{\"standardHeading\":\"Yo\",\"standardBodyText\":\"<p>Lorem ipsum dolor sit amet, consectetur adipiscing elit. Vestibulum ultrices ullamcorper leo ac eleifend. Aliquam fringilla semper orci, sed dapibus risus pretium semper. Maecenas vulputate egestas nibh, at consequat justo ornare vel. Sed volutpat magna quis felis sollicitudin interdum. Suspendisse blandit sagittis elit, quis auctor lorem scelerisque a. Interdum et malesuada fames ac ante ipsum primis in faucibus. Cras eu quam vulputate, varius sapien a, convallis purus. Integer ultricies leo sit amet convallis euismod. Fusce ut quam aliquet, semper lectus quis, eleifend nisi.&nbsp;<\\/p>\\r\\n<p>Aenean quis dapibus odio. Sed vitae lorem id urna tempor maximus nec vitae arcu. Nulla commodo nisi nec purus accumsan, ut sagittis urna accumsan. Proin vehicula neque non diam hendrerit, at interdum nisi cursus. Phasellus finibus lacus eu sapien ultricies sagittis.<\\/p>\\r\\n<p>Mauris sed viverra massa. Cras dolor tortor, vulputate et justo at, tempus tincidunt dolor. Ut venenatis lectus mauris, quis scelerisque urna dapibus sed. Etiam elit justo, lacinia a justo eu, rhoncus fermentum ex. Aliquam rutrum orci nec sem luctus malesuada. Phasellus in mauris felis. Ut non eleifend lacus, congue pulvinar dolor. Sed egestas nisl mauris, id tempus elit ultricies at.<\\/p>\\r\\n<p>Maecenas rhoncus libero ipsum, at mattis ex faucibus in. Donec mattis, velit quis finibus pellentesque, ante quam malesuada felis, a tempor est purus non arcu. Fusce vitae purus metus. Cras velit est, fermentum eu elit nec, elementum porttitor mauris. Aliquam sed dignissim ex. In venenatis purus eget quam commodo consequat. Proin nec nunc eu odio sodales feugiat. Aliquam tempor eu odio imperdiet semper. Nam accumsan pellentesque sollicitudin.<\\/p>\"}},\"28\":{\"modified\":\"1\",\"type\":\"journal\",\"enabled\":\"1\",\"collapsed\":\"1\",\"level\":\"0\",\"fields\":{\"customChooseJournal\":[\"35\"],\"settingImagePosition\":\"right\",\"settingTextOverImage\":\"\"}},\"29\":{\"modified\":\"1\",\"type\":\"journal\",\"enabled\":\"1\",\"collapsed\":\"1\",\"level\":\"0\",\"fields\":{\"customChooseJournal\":\"\",\"settingImagePosition\":\"left\",\"settingTextOverImage\":\"\"}},\"30\":{\"modified\":\"1\",\"type\":\"imageFullWidth\",\"enabled\":\"1\",\"collapsed\":\"1\",\"level\":\"0\",\"fields\":{\"standardHeading\":\"Hei\\r\\nHallo\",\"standardImages\":[\"36\"],\"standardBodyText\":\"<p>Hallo<\\/p>\"}},\"31\":{\"modified\":\"1\",\"type\":\"imageWithText\",\"enabled\":\"1\",\"collapsed\":\"0\",\"level\":\"0\",\"fields\":{\"standardImages\":[\"36\"],\"standardBodyText\":\"<p>Lorem ipsum dolor sit amet, consectetur adipiscing elit. Vestibulum ultrices ullamcorper leo ac eleifend. Aliquam fringilla semper orci, sed dapibus risus pretium semper. Maecenas vulputate egestas nibh, at consequat justo ornare vel. Sed volutpat magna quis felis sollicitudin interdum. Suspendisse blandit sagittis elit, quis auctor lorem scelerisque a. Interdum et malesuada fames ac ante ipsum primis in faucibus. Cras eu quam vulputate, varius sapien a, convallis purus. Integer ultricies leo sit amet convallis euismod. Fusce ut quam aliquet, semper lectus quis, eleifend nisi.&nbsp;<\\/p>\\r\\n<p>Aenean quis dapibus odio. Sed vitae lorem id urna tempor maximus nec vitae arcu. Nulla commodo nisi nec purus accumsan, ut sagittis urna accumsan. Proin vehicula neque non diam hendrerit, at interdum nisi cursus. Phasellus finibus lacus eu sapien ultricies sagittis.<\\/p>\\r\\n<p>Mauris sed viverra massa. Cras dolor tortor, vulputate et justo at, tempus tincidunt dolor. Ut venenatis lectus mauris, quis scelerisque urna dapibus sed. Etiam elit justo, lacinia a justo eu, rhoncus fermentum ex. Aliquam rutrum orci nec sem luctus malesuada. Phasellus in mauris felis. Ut non eleifend lacus, congue pulvinar dolor. Sed egestas nisl mauris, id tempus elit ultricies at.<\\/p>\\r\\n<p>Maecenas rhoncus libero ipsum, at mattis ex faucibus in. Donec mattis, velit quis finibus pellentesque, ante quam malesuada felis, a tempor est purus non arcu. Fusce vitae purus metus. Cras velit est, fermentum eu elit nec, elementum porttitor mauris. Aliquam sed dignissim ex. In venenatis purus eget quam commodo consequat. Proin nec nunc eu odio sodales feugiat. Aliquam tempor eu odio imperdiet semper. Nam accumsan pellentesque sollicitudin.<br><\\/p>\",\"settingImagePosition\":\"left\"}},\"32\":{\"modified\":\"1\",\"type\":\"journal\",\"enabled\":\"1\",\"collapsed\":\"1\",\"level\":\"0\",\"fields\":{\"customChooseJournal\":\"\",\"settingTextOverImage\":\"\"}},\"33\":{\"modified\":\"1\",\"type\":\"textQuote\",\"enabled\":\"1\",\"collapsed\":\"0\",\"level\":\"0\",\"fields\":{\"standardImages\":[\"36\"],\"standardBodyText\":\"<p>Lorem Ipsum is simply dummy text of the printing and typesetting industry<\\/p>\",\"standardSubHeading\":\"Heidi Bjerkan\"}},\"34\":{\"modified\":\"1\",\"type\":\"journal\",\"enabled\":\"1\",\"collapsed\":\"1\",\"level\":\"0\",\"fields\":{\"customChooseJournal\":[\"35\"],\"settingImagePosition\":\"left\",\"settingTextOverImage\":\"\"}}}}}', '2017-09-20 12:35:38', '2017-09-20 12:35:38', '36db4803-34a3-4f02-8127-f9934de4cd7d'),
 ('46', '7', '4', '1', 'en', '24', '', '{\"typeId\":\"4\",\"authorId\":\"1\",\"title\":\"Credo\",\"slug\":\"credo-1\",\"postDate\":1505469180,\"expiryDate\":null,\"enabled\":1,\"parentId\":\"\",\"fields\":{\"3\":{\"23\":{\"modified\":\"1\",\"type\":\"introLinks\",\"enabled\":\"1\",\"collapsed\":\"1\",\"level\":\"0\",\"fields\":{\"standardHeading\":\"Hva ser du etter?\",\"customIntroLinks\":{\"24\":{\"type\":\"link\",\"enabled\":\"1\",\"fields\":{\"navn\":\"Booke bord\",\"internLink\":\"\",\"externalLink\":\"\"}},\"25\":{\"type\":\"link\",\"enabled\":\"1\",\"fields\":{\"navn\":\"Lese journal\",\"internLink\":\"\",\"externalLink\":\"\"}},\"26\":{\"type\":\"link\",\"enabled\":\"1\",\"fields\":{\"navn\":\"L\\u00e6re mer om v\\u00e5r filosofi\",\"internLink\":\"\",\"externalLink\":\"\"}}}}},\"27\":{\"modified\":\"1\",\"type\":\"introBoxes\",\"enabled\":\"1\",\"collapsed\":\"1\",\"level\":\"0\",\"fields\":{\"standardImages\":\"\",\"standardHeading\":\"Kj\\u00e6rlighet for r\\u00e5varen\",\"standardBodyText\":\"<p>Vi har troa. <br>Det er ikke dyrene som skal avles. <br>Det er kunnskapen som skal dyrkes.<\\/p>\"}},\"37\":{\"modified\":\"1\",\"type\":\"text\",\"enabled\":\"1\",\"collapsed\":\"1\",\"level\":\"0\",\"fields\":{\"standardHeading\":\"Yo\",\"standardBodyText\":\"<p>Lorem ipsum dolor sit amet, consectetur adipiscing elit. Vestibulum ultrices ullamcorper leo ac eleifend. Aliquam fringilla semper orci, sed dapibus risus pretium semper. Maecenas vulputate egestas nibh, at consequat justo ornare vel. Sed volutpat magna quis felis sollicitudin interdum. Suspendisse blandit sagittis elit, quis auctor lorem scelerisque a. Interdum et malesuada fames ac ante ipsum primis in faucibus. Cras eu quam vulputate, varius sapien a, convallis purus. Integer ultricies leo sit amet convallis euismod. Fusce ut quam aliquet, semper lectus quis, eleifend nisi.&nbsp;<\\/p>\\r\\n<p>Aenean quis dapibus odio. Sed vitae lorem id urna tempor maximus nec vitae arcu. Nulla commodo nisi nec purus accumsan, ut sagittis urna accumsan. Proin vehicula neque non diam hendrerit, at interdum nisi cursus. Phasellus finibus lacus eu sapien ultricies sagittis.<\\/p>\\r\\n<p>Mauris sed viverra massa. Cras dolor tortor, vulputate et justo at, tempus tincidunt dolor. Ut venenatis lectus mauris, quis scelerisque urna dapibus sed. Etiam elit justo, lacinia a justo eu, rhoncus fermentum ex. Aliquam rutrum orci nec sem luctus malesuada. Phasellus in mauris felis. Ut non eleifend lacus, congue pulvinar dolor. Sed egestas nisl mauris, id tempus elit ultricies at.<\\/p>\\r\\n<p>Maecenas rhoncus libero ipsum, at mattis ex faucibus in. Donec mattis, velit quis finibus pellentesque, ante quam malesuada felis, a tempor est purus non arcu. Fusce vitae purus metus. Cras velit est, fermentum eu elit nec, elementum porttitor mauris. Aliquam sed dignissim ex. In venenatis purus eget quam commodo consequat. Proin nec nunc eu odio sodales feugiat. Aliquam tempor eu odio imperdiet semper. Nam accumsan pellentesque sollicitudin.<\\/p>\"}},\"28\":{\"modified\":\"1\",\"type\":\"journal\",\"enabled\":\"1\",\"collapsed\":\"1\",\"level\":\"0\",\"fields\":{\"customChooseJournal\":[\"35\"],\"settingImagePosition\":\"right\",\"settingTextOverImage\":\"\"}},\"29\":{\"modified\":\"1\",\"type\":\"journal\",\"enabled\":\"1\",\"collapsed\":\"1\",\"level\":\"0\",\"fields\":{\"customChooseJournal\":\"\",\"settingImagePosition\":\"left\",\"settingTextOverImage\":\"\"}},\"30\":{\"modified\":\"1\",\"type\":\"imageFullWidth\",\"enabled\":\"1\",\"collapsed\":\"1\",\"level\":\"0\",\"fields\":{\"standardHeading\":\"Hei\\r\\nHallo\",\"standardImages\":[\"36\"],\"standardBodyText\":\"<p>Hallo<\\/p>\"}},\"31\":{\"modified\":\"1\",\"type\":\"imageWithText\",\"enabled\":\"1\",\"collapsed\":\"1\",\"level\":\"0\",\"fields\":{\"standardImages\":[\"36\"],\"standardBodyText\":\"<p>Lorem ipsum dolor sit amet, consectetur adipiscing elit. Vestibulum ultrices ullamcorper leo ac eleifend. Aliquam fringilla semper orci, sed dapibus risus pretium semper. Maecenas vulputate egestas nibh, at consequat justo ornare vel. Sed volutpat magna quis felis sollicitudin interdum. Suspendisse blandit sagittis elit, quis auctor lorem scelerisque a. Interdum et malesuada fames ac ante ipsum primis in faucibus. Cras eu quam vulputate, varius sapien a, convallis purus. Integer ultricies leo sit amet convallis euismod. Fusce ut quam aliquet, semper lectus quis, eleifend nisi.&nbsp;<\\/p>\\r\\n<p>Aenean quis dapibus odio. Sed vitae lorem id urna tempor maximus nec vitae arcu. Nulla commodo nisi nec purus accumsan, ut sagittis urna accumsan. Proin vehicula neque non diam hendrerit, at interdum nisi cursus. Phasellus finibus lacus eu sapien ultricies sagittis.<\\/p>\\r\\n<p>Mauris sed viverra massa. Cras dolor tortor, vulputate et justo at, tempus tincidunt dolor. Ut venenatis lectus mauris, quis scelerisque urna dapibus sed. Etiam elit justo, lacinia a justo eu, rhoncus fermentum ex. Aliquam rutrum orci nec sem luctus malesuada. Phasellus in mauris felis. Ut non eleifend lacus, congue pulvinar dolor. Sed egestas nisl mauris, id tempus elit ultricies at.<\\/p>\\r\\n<p>Maecenas rhoncus libero ipsum, at mattis ex faucibus in. Donec mattis, velit quis finibus pellentesque, ante quam malesuada felis, a tempor est purus non arcu. Fusce vitae purus metus. Cras velit est, fermentum eu elit nec, elementum porttitor mauris. Aliquam sed dignissim ex. In venenatis purus eget quam commodo consequat. Proin nec nunc eu odio sodales feugiat. Aliquam tempor eu odio imperdiet semper. Nam accumsan pellentesque sollicitudin.<br><\\/p>\",\"settingImagePosition\":\"left\"}},\"32\":{\"modified\":\"1\",\"type\":\"journal\",\"enabled\":\"1\",\"collapsed\":\"1\",\"level\":\"0\",\"fields\":{\"customChooseJournal\":\"\",\"settingTextOverImage\":\"\"}},\"33\":{\"modified\":\"1\",\"type\":\"textQuote\",\"enabled\":\"1\",\"collapsed\":\"1\",\"level\":\"0\",\"fields\":{\"standardImages\":[\"36\"],\"standardBodyText\":\"<p>Lorem Ipsum is simply dummy text of the printing and typesetting industry<\\/p>\",\"standardSubHeading\":\"Heidi Bjerkan\"}},\"34\":{\"modified\":\"1\",\"type\":\"journal\",\"enabled\":\"1\",\"collapsed\":\"1\",\"level\":\"0\",\"fields\":{\"customChooseJournal\":[\"35\"],\"settingImagePosition\":\"left\",\"settingTextOverImage\":\"\"}},\"new0\":{\"modified\":\"1\",\"type\":\"image\",\"enabled\":\"1\",\"collapsed\":\"0\",\"level\":\"0\",\"fields\":{\"standardImages\":[\"36\"]}}}}}', '2017-09-20 13:01:04', '2017-09-20 13:01:04', '0299b80b-931e-4dec-9c4f-0457bf226ce3'),
 ('47', '7', '4', '1', 'en', '25', '', '{\"typeId\":\"4\",\"authorId\":\"1\",\"title\":\"Credo\",\"slug\":\"credo-1\",\"postDate\":1505469180,\"expiryDate\":null,\"enabled\":1,\"parentId\":\"\",\"fields\":{\"3\":{\"23\":{\"modified\":\"1\",\"type\":\"introLinks\",\"enabled\":\"1\",\"collapsed\":\"1\",\"level\":\"0\",\"fields\":{\"standardHeading\":\"Hva ser du etter?\",\"customIntroLinks\":{\"24\":{\"type\":\"link\",\"enabled\":\"1\",\"fields\":{\"navn\":\"Booke bord\",\"internLink\":\"\",\"externalLink\":\"\"}},\"25\":{\"type\":\"link\",\"enabled\":\"1\",\"fields\":{\"navn\":\"Lese journal\",\"internLink\":\"\",\"externalLink\":\"\"}},\"26\":{\"type\":\"link\",\"enabled\":\"1\",\"fields\":{\"navn\":\"L\\u00e6re mer om v\\u00e5r filosofi\",\"internLink\":\"\",\"externalLink\":\"\"}}}}},\"27\":{\"modified\":\"1\",\"type\":\"introBoxes\",\"enabled\":\"1\",\"collapsed\":\"1\",\"level\":\"0\",\"fields\":{\"standardImages\":\"\",\"standardHeading\":\"Kj\\u00e6rlighet for r\\u00e5varen\",\"standardBodyText\":\"<p>Vi har troa. <br>Det er ikke dyrene som skal avles. <br>Det er kunnskapen som skal dyrkes.<\\/p>\"}},\"37\":{\"modified\":\"1\",\"type\":\"text\",\"enabled\":\"1\",\"collapsed\":\"1\",\"level\":\"0\",\"fields\":{\"standardHeading\":\"Yo\",\"standardBodyText\":\"<p>Lorem ipsum dolor sit amet, consectetur adipiscing elit. Vestibulum ultrices ullamcorper leo ac eleifend. Aliquam fringilla semper orci, sed dapibus risus pretium semper. Maecenas vulputate egestas nibh, at consequat justo ornare vel. Sed volutpat magna quis felis sollicitudin interdum. Suspendisse blandit sagittis elit, quis auctor lorem scelerisque a. Interdum et malesuada fames ac ante ipsum primis in faucibus. Cras eu quam vulputate, varius sapien a, convallis purus. Integer ultricies leo sit amet convallis euismod. Fusce ut quam aliquet, semper lectus quis, eleifend nisi.&nbsp;<\\/p>\\r\\n<p>Aenean quis dapibus odio. Sed vitae lorem id urna tempor maximus nec vitae arcu. Nulla commodo nisi nec purus accumsan, ut sagittis urna accumsan. Proin vehicula neque non diam hendrerit, at interdum nisi cursus. Phasellus finibus lacus eu sapien ultricies sagittis.<\\/p>\\r\\n<p>Mauris sed viverra massa. Cras dolor tortor, vulputate et justo at, tempus tincidunt dolor. Ut venenatis lectus mauris, quis scelerisque urna dapibus sed. Etiam elit justo, lacinia a justo eu, rhoncus fermentum ex. Aliquam rutrum orci nec sem luctus malesuada. Phasellus in mauris felis. Ut non eleifend lacus, congue pulvinar dolor. Sed egestas nisl mauris, id tempus elit ultricies at.<\\/p>\\r\\n<p>Maecenas rhoncus libero ipsum, at mattis ex faucibus in. Donec mattis, velit quis finibus pellentesque, ante quam malesuada felis, a tempor est purus non arcu. Fusce vitae purus metus. Cras velit est, fermentum eu elit nec, elementum porttitor mauris. Aliquam sed dignissim ex. In venenatis purus eget quam commodo consequat. Proin nec nunc eu odio sodales feugiat. Aliquam tempor eu odio imperdiet semper. Nam accumsan pellentesque sollicitudin.<\\/p>\"}},\"28\":{\"modified\":\"1\",\"type\":\"journal\",\"enabled\":\"1\",\"collapsed\":\"1\",\"level\":\"0\",\"fields\":{\"customChooseJournal\":[\"35\"],\"settingImagePosition\":\"right\",\"settingTextOverImage\":\"\"}},\"29\":{\"modified\":\"1\",\"type\":\"journal\",\"enabled\":\"1\",\"collapsed\":\"1\",\"level\":\"0\",\"fields\":{\"customChooseJournal\":\"\",\"settingImagePosition\":\"left\",\"settingTextOverImage\":\"\"}},\"30\":{\"modified\":\"1\",\"type\":\"imageFullWidth\",\"enabled\":\"1\",\"collapsed\":\"1\",\"level\":\"0\",\"fields\":{\"standardHeading\":\"Hei\\r\\nHallo\",\"standardImages\":[\"36\"],\"standardBodyText\":\"<p>Hallo<\\/p>\"}},\"31\":{\"modified\":\"1\",\"type\":\"imageWithText\",\"enabled\":\"1\",\"collapsed\":\"1\",\"level\":\"0\",\"fields\":{\"standardImages\":[\"36\"],\"standardBodyText\":\"<p>Lorem ipsum dolor sit amet, consectetur adipiscing elit. Vestibulum ultrices ullamcorper leo ac eleifend. Aliquam fringilla semper orci, sed dapibus risus pretium semper. Maecenas vulputate egestas nibh, at consequat justo ornare vel. Sed volutpat magna quis felis sollicitudin interdum. Suspendisse blandit sagittis elit, quis auctor lorem scelerisque a. Interdum et malesuada fames ac ante ipsum primis in faucibus. Cras eu quam vulputate, varius sapien a, convallis purus. Integer ultricies leo sit amet convallis euismod. Fusce ut quam aliquet, semper lectus quis, eleifend nisi.&nbsp;<\\/p>\\r\\n<p>Aenean quis dapibus odio. Sed vitae lorem id urna tempor maximus nec vitae arcu. Nulla commodo nisi nec purus accumsan, ut sagittis urna accumsan. Proin vehicula neque non diam hendrerit, at interdum nisi cursus. Phasellus finibus lacus eu sapien ultricies sagittis.<\\/p>\\r\\n<p>Mauris sed viverra massa. Cras dolor tortor, vulputate et justo at, tempus tincidunt dolor. Ut venenatis lectus mauris, quis scelerisque urna dapibus sed. Etiam elit justo, lacinia a justo eu, rhoncus fermentum ex. Aliquam rutrum orci nec sem luctus malesuada. Phasellus in mauris felis. Ut non eleifend lacus, congue pulvinar dolor. Sed egestas nisl mauris, id tempus elit ultricies at.<\\/p>\\r\\n<p>Maecenas rhoncus libero ipsum, at mattis ex faucibus in. Donec mattis, velit quis finibus pellentesque, ante quam malesuada felis, a tempor est purus non arcu. Fusce vitae purus metus. Cras velit est, fermentum eu elit nec, elementum porttitor mauris. Aliquam sed dignissim ex. In venenatis purus eget quam commodo consequat. Proin nec nunc eu odio sodales feugiat. Aliquam tempor eu odio imperdiet semper. Nam accumsan pellentesque sollicitudin.<br><\\/p>\",\"settingImagePosition\":\"left\"}},\"32\":{\"modified\":\"1\",\"type\":\"journal\",\"enabled\":\"1\",\"collapsed\":\"1\",\"level\":\"0\",\"fields\":{\"customChooseJournal\":\"\",\"settingTextOverImage\":\"\"}},\"33\":{\"modified\":\"1\",\"type\":\"textQuote\",\"enabled\":\"1\",\"collapsed\":\"1\",\"level\":\"0\",\"fields\":{\"standardImages\":[\"36\"],\"standardBodyText\":\"<p>Lorem Ipsum is simply dummy text of the printing and typesetting industry<\\/p>\",\"standardSubHeading\":\"Heidi Bjerkan\"}},\"34\":{\"modified\":\"1\",\"type\":\"journal\",\"enabled\":\"1\",\"collapsed\":\"1\",\"level\":\"0\",\"fields\":{\"customChooseJournal\":[\"35\"],\"settingImagePosition\":\"left\",\"settingTextOverImage\":\"\"}},\"38\":{\"modified\":\"1\",\"type\":\"image\",\"enabled\":\"1\",\"collapsed\":\"0\",\"level\":\"0\",\"fields\":{\"standardImages\":[\"36\"]}},\"new0\":{\"modified\":\"1\",\"type\":\"introWithOpeningHours\",\"enabled\":\"1\",\"collapsed\":\"0\",\"level\":\"0\",\"fields\":{\"standardImages\":\"\",\"standardHeading\":\"Hei\",\"standardBodyText\":\"<p>Hallo<\\/p>\"}}}}}', '2017-09-20 13:01:33', '2017-09-20 13:01:33', '13f74b55-ea98-4672-aa91-22d784dfd7a9'),
 ('48', '7', '4', '1', 'en', '26', '', '{\"typeId\":\"4\",\"authorId\":\"1\",\"title\":\"Credo\",\"slug\":\"credo-1\",\"postDate\":1505469180,\"expiryDate\":null,\"enabled\":1,\"parentId\":\"\",\"fields\":{\"3\":{\"39\":{\"modified\":\"1\",\"type\":\"introWithOpeningHours\",\"enabled\":\"1\",\"collapsed\":\"1\",\"level\":\"0\",\"fields\":{\"standardImages\":\"\",\"standardHeading\":\"Hei\",\"standardBodyText\":\"<p>Hallo<\\/p>\"}},\"23\":{\"modified\":\"1\",\"type\":\"introLinks\",\"enabled\":\"1\",\"collapsed\":\"1\",\"level\":\"0\",\"fields\":{\"standardHeading\":\"Hva ser du etter?\",\"customIntroLinks\":{\"24\":{\"type\":\"link\",\"enabled\":\"1\",\"fields\":{\"navn\":\"Booke bord\",\"internLink\":\"\",\"externalLink\":\"\"}},\"25\":{\"type\":\"link\",\"enabled\":\"1\",\"fields\":{\"navn\":\"Lese journal\",\"internLink\":\"\",\"externalLink\":\"\"}},\"26\":{\"type\":\"link\",\"enabled\":\"1\",\"fields\":{\"navn\":\"L\\u00e6re mer om v\\u00e5r filosofi\",\"internLink\":\"\",\"externalLink\":\"\"}}}}},\"27\":{\"modified\":\"1\",\"type\":\"introBoxes\",\"enabled\":\"1\",\"collapsed\":\"1\",\"level\":\"0\",\"fields\":{\"standardImages\":\"\",\"standardHeading\":\"Kj\\u00e6rlighet for r\\u00e5varen\",\"standardBodyText\":\"<p>Vi har troa. <br>Det er ikke dyrene som skal avles. <br>Det er kunnskapen som skal dyrkes.<\\/p>\"}},\"37\":{\"modified\":\"1\",\"type\":\"text\",\"enabled\":\"1\",\"collapsed\":\"1\",\"level\":\"0\",\"fields\":{\"standardHeading\":\"Yo\",\"standardBodyText\":\"<p>Lorem ipsum dolor sit amet, consectetur adipiscing elit. Vestibulum ultrices ullamcorper leo ac eleifend. Aliquam fringilla semper orci, sed dapibus risus pretium semper. Maecenas vulputate egestas nibh, at consequat justo ornare vel. Sed volutpat magna quis felis sollicitudin interdum. Suspendisse blandit sagittis elit, quis auctor lorem scelerisque a. Interdum et malesuada fames ac ante ipsum primis in faucibus. Cras eu quam vulputate, varius sapien a, convallis purus. Integer ultricies leo sit amet convallis euismod. Fusce ut quam aliquet, semper lectus quis, eleifend nisi.&nbsp;<\\/p>\\r\\n<p>Aenean quis dapibus odio. Sed vitae lorem id urna tempor maximus nec vitae arcu. Nulla commodo nisi nec purus accumsan, ut sagittis urna accumsan. Proin vehicula neque non diam hendrerit, at interdum nisi cursus. Phasellus finibus lacus eu sapien ultricies sagittis.<\\/p>\\r\\n<p>Mauris sed viverra massa. Cras dolor tortor, vulputate et justo at, tempus tincidunt dolor. Ut venenatis lectus mauris, quis scelerisque urna dapibus sed. Etiam elit justo, lacinia a justo eu, rhoncus fermentum ex. Aliquam rutrum orci nec sem luctus malesuada. Phasellus in mauris felis. Ut non eleifend lacus, congue pulvinar dolor. Sed egestas nisl mauris, id tempus elit ultricies at.<\\/p>\\r\\n<p>Maecenas rhoncus libero ipsum, at mattis ex faucibus in. Donec mattis, velit quis finibus pellentesque, ante quam malesuada felis, a tempor est purus non arcu. Fusce vitae purus metus. Cras velit est, fermentum eu elit nec, elementum porttitor mauris. Aliquam sed dignissim ex. In venenatis purus eget quam commodo consequat. Proin nec nunc eu odio sodales feugiat. Aliquam tempor eu odio imperdiet semper. Nam accumsan pellentesque sollicitudin.<\\/p>\"}},\"28\":{\"modified\":\"1\",\"type\":\"journal\",\"enabled\":\"1\",\"collapsed\":\"1\",\"level\":\"0\",\"fields\":{\"customChooseJournal\":[\"35\"],\"settingImagePosition\":\"right\",\"settingTextOverImage\":\"\"}},\"29\":{\"modified\":\"1\",\"type\":\"journal\",\"enabled\":\"1\",\"collapsed\":\"1\",\"level\":\"0\",\"fields\":{\"customChooseJournal\":\"\",\"settingImagePosition\":\"left\",\"settingTextOverImage\":\"\"}},\"30\":{\"modified\":\"1\",\"type\":\"imageFullWidth\",\"enabled\":\"1\",\"collapsed\":\"1\",\"level\":\"0\",\"fields\":{\"standardHeading\":\"Hei\\r\\nHallo\",\"standardImages\":[\"36\"],\"standardBodyText\":\"<p>Hallo<\\/p>\"}},\"31\":{\"modified\":\"1\",\"type\":\"imageWithText\",\"enabled\":\"1\",\"collapsed\":\"1\",\"level\":\"0\",\"fields\":{\"standardImages\":[\"36\"],\"standardBodyText\":\"<p>Lorem ipsum dolor sit amet, consectetur adipiscing elit. Vestibulum ultrices ullamcorper leo ac eleifend. Aliquam fringilla semper orci, sed dapibus risus pretium semper. Maecenas vulputate egestas nibh, at consequat justo ornare vel. Sed volutpat magna quis felis sollicitudin interdum. Suspendisse blandit sagittis elit, quis auctor lorem scelerisque a. Interdum et malesuada fames ac ante ipsum primis in faucibus. Cras eu quam vulputate, varius sapien a, convallis purus. Integer ultricies leo sit amet convallis euismod. Fusce ut quam aliquet, semper lectus quis, eleifend nisi.&nbsp;<\\/p>\\r\\n<p>Aenean quis dapibus odio. Sed vitae lorem id urna tempor maximus nec vitae arcu. Nulla commodo nisi nec purus accumsan, ut sagittis urna accumsan. Proin vehicula neque non diam hendrerit, at interdum nisi cursus. Phasellus finibus lacus eu sapien ultricies sagittis.<\\/p>\\r\\n<p>Mauris sed viverra massa. Cras dolor tortor, vulputate et justo at, tempus tincidunt dolor. Ut venenatis lectus mauris, quis scelerisque urna dapibus sed. Etiam elit justo, lacinia a justo eu, rhoncus fermentum ex. Aliquam rutrum orci nec sem luctus malesuada. Phasellus in mauris felis. Ut non eleifend lacus, congue pulvinar dolor. Sed egestas nisl mauris, id tempus elit ultricies at.<\\/p>\\r\\n<p>Maecenas rhoncus libero ipsum, at mattis ex faucibus in. Donec mattis, velit quis finibus pellentesque, ante quam malesuada felis, a tempor est purus non arcu. Fusce vitae purus metus. Cras velit est, fermentum eu elit nec, elementum porttitor mauris. Aliquam sed dignissim ex. In venenatis purus eget quam commodo consequat. Proin nec nunc eu odio sodales feugiat. Aliquam tempor eu odio imperdiet semper. Nam accumsan pellentesque sollicitudin.<br><\\/p>\",\"settingImagePosition\":\"left\"}},\"32\":{\"modified\":\"1\",\"type\":\"journal\",\"enabled\":\"1\",\"collapsed\":\"1\",\"level\":\"0\",\"fields\":{\"customChooseJournal\":\"\",\"settingTextOverImage\":\"\"}},\"33\":{\"modified\":\"1\",\"type\":\"textQuote\",\"enabled\":\"1\",\"collapsed\":\"1\",\"level\":\"0\",\"fields\":{\"standardImages\":[\"36\"],\"standardBodyText\":\"<p>Lorem Ipsum is simply dummy text of the printing and typesetting industry<\\/p>\",\"standardSubHeading\":\"Heidi Bjerkan\"}},\"34\":{\"modified\":\"1\",\"type\":\"journal\",\"enabled\":\"1\",\"collapsed\":\"1\",\"level\":\"0\",\"fields\":{\"customChooseJournal\":[\"35\"],\"settingImagePosition\":\"left\",\"settingTextOverImage\":\"\"}},\"38\":{\"modified\":\"1\",\"type\":\"image\",\"enabled\":\"1\",\"collapsed\":\"0\",\"level\":\"0\",\"fields\":{\"standardImages\":[\"36\"]}}}}}', '2017-09-20 13:01:57', '2017-09-20 13:01:57', 'f11b455c-5904-4043-b417-65870c0349fb'),
 ('49', '7', '4', '1', 'en', '27', '', '{\"typeId\":\"4\",\"authorId\":\"1\",\"title\":\"Credo\",\"slug\":\"credo-1\",\"postDate\":1505469180,\"expiryDate\":null,\"enabled\":1,\"parentId\":\"\",\"fields\":{\"3\":{\"39\":{\"modified\":\"1\",\"type\":\"introWithOpeningHours\",\"enabled\":\"1\",\"collapsed\":\"0\",\"level\":\"0\",\"fields\":{\"standardImages\":[\"40\"],\"standardHeading\":\"Hei\",\"standardBodyText\":\"<p>Hallo<\\/p>\"}},\"23\":{\"modified\":\"1\",\"type\":\"introLinks\",\"enabled\":\"1\",\"collapsed\":\"1\",\"level\":\"0\",\"fields\":{\"standardHeading\":\"Hva ser du etter?\",\"customIntroLinks\":{\"24\":{\"type\":\"link\",\"enabled\":\"1\",\"fields\":{\"navn\":\"Booke bord\",\"internLink\":\"\",\"externalLink\":\"\"}},\"25\":{\"type\":\"link\",\"enabled\":\"1\",\"fields\":{\"navn\":\"Lese journal\",\"internLink\":\"\",\"externalLink\":\"\"}},\"26\":{\"type\":\"link\",\"enabled\":\"1\",\"fields\":{\"navn\":\"L\\u00e6re mer om v\\u00e5r filosofi\",\"internLink\":\"\",\"externalLink\":\"\"}}}}},\"27\":{\"modified\":\"1\",\"type\":\"introBoxes\",\"enabled\":\"1\",\"collapsed\":\"1\",\"level\":\"0\",\"fields\":{\"standardImages\":\"\",\"standardHeading\":\"Kj\\u00e6rlighet for r\\u00e5varen\",\"standardBodyText\":\"<p>Vi har troa. <br>Det er ikke dyrene som skal avles. <br>Det er kunnskapen som skal dyrkes.<\\/p>\"}},\"37\":{\"modified\":\"1\",\"type\":\"text\",\"enabled\":\"1\",\"collapsed\":\"1\",\"level\":\"0\",\"fields\":{\"standardHeading\":\"Yo\",\"standardBodyText\":\"<p>Lorem ipsum dolor sit amet, consectetur adipiscing elit. Vestibulum ultrices ullamcorper leo ac eleifend. Aliquam fringilla semper orci, sed dapibus risus pretium semper. Maecenas vulputate egestas nibh, at consequat justo ornare vel. Sed volutpat magna quis felis sollicitudin interdum. Suspendisse blandit sagittis elit, quis auctor lorem scelerisque a. Interdum et malesuada fames ac ante ipsum primis in faucibus. Cras eu quam vulputate, varius sapien a, convallis purus. Integer ultricies leo sit amet convallis euismod. Fusce ut quam aliquet, semper lectus quis, eleifend nisi.&nbsp;<\\/p>\\r\\n<p>Aenean quis dapibus odio. Sed vitae lorem id urna tempor maximus nec vitae arcu. Nulla commodo nisi nec purus accumsan, ut sagittis urna accumsan. Proin vehicula neque non diam hendrerit, at interdum nisi cursus. Phasellus finibus lacus eu sapien ultricies sagittis.<\\/p>\\r\\n<p>Mauris sed viverra massa. Cras dolor tortor, vulputate et justo at, tempus tincidunt dolor. Ut venenatis lectus mauris, quis scelerisque urna dapibus sed. Etiam elit justo, lacinia a justo eu, rhoncus fermentum ex. Aliquam rutrum orci nec sem luctus malesuada. Phasellus in mauris felis. Ut non eleifend lacus, congue pulvinar dolor. Sed egestas nisl mauris, id tempus elit ultricies at.<\\/p>\\r\\n<p>Maecenas rhoncus libero ipsum, at mattis ex faucibus in. Donec mattis, velit quis finibus pellentesque, ante quam malesuada felis, a tempor est purus non arcu. Fusce vitae purus metus. Cras velit est, fermentum eu elit nec, elementum porttitor mauris. Aliquam sed dignissim ex. In venenatis purus eget quam commodo consequat. Proin nec nunc eu odio sodales feugiat. Aliquam tempor eu odio imperdiet semper. Nam accumsan pellentesque sollicitudin.<\\/p>\"}},\"28\":{\"modified\":\"1\",\"type\":\"journal\",\"enabled\":\"1\",\"collapsed\":\"1\",\"level\":\"0\",\"fields\":{\"customChooseJournal\":[\"35\"],\"settingImagePosition\":\"right\",\"settingTextOverImage\":\"\"}},\"29\":{\"modified\":\"1\",\"type\":\"journal\",\"enabled\":\"1\",\"collapsed\":\"1\",\"level\":\"0\",\"fields\":{\"customChooseJournal\":\"\",\"settingImagePosition\":\"left\",\"settingTextOverImage\":\"\"}},\"30\":{\"modified\":\"1\",\"type\":\"imageFullWidth\",\"enabled\":\"1\",\"collapsed\":\"1\",\"level\":\"0\",\"fields\":{\"standardHeading\":\"Hei\\r\\nHallo\",\"standardImages\":[\"36\"],\"standardBodyText\":\"<p>Hallo<\\/p>\"}},\"31\":{\"modified\":\"1\",\"type\":\"imageWithText\",\"enabled\":\"1\",\"collapsed\":\"1\",\"level\":\"0\",\"fields\":{\"standardImages\":[\"36\"],\"standardBodyText\":\"<p>Lorem ipsum dolor sit amet, consectetur adipiscing elit. Vestibulum ultrices ullamcorper leo ac eleifend. Aliquam fringilla semper orci, sed dapibus risus pretium semper. Maecenas vulputate egestas nibh, at consequat justo ornare vel. Sed volutpat magna quis felis sollicitudin interdum. Suspendisse blandit sagittis elit, quis auctor lorem scelerisque a. Interdum et malesuada fames ac ante ipsum primis in faucibus. Cras eu quam vulputate, varius sapien a, convallis purus. Integer ultricies leo sit amet convallis euismod. Fusce ut quam aliquet, semper lectus quis, eleifend nisi.&nbsp;<\\/p>\\r\\n<p>Aenean quis dapibus odio. Sed vitae lorem id urna tempor maximus nec vitae arcu. Nulla commodo nisi nec purus accumsan, ut sagittis urna accumsan. Proin vehicula neque non diam hendrerit, at interdum nisi cursus. Phasellus finibus lacus eu sapien ultricies sagittis.<\\/p>\\r\\n<p>Mauris sed viverra massa. Cras dolor tortor, vulputate et justo at, tempus tincidunt dolor. Ut venenatis lectus mauris, quis scelerisque urna dapibus sed. Etiam elit justo, lacinia a justo eu, rhoncus fermentum ex. Aliquam rutrum orci nec sem luctus malesuada. Phasellus in mauris felis. Ut non eleifend lacus, congue pulvinar dolor. Sed egestas nisl mauris, id tempus elit ultricies at.<\\/p>\\r\\n<p>Maecenas rhoncus libero ipsum, at mattis ex faucibus in. Donec mattis, velit quis finibus pellentesque, ante quam malesuada felis, a tempor est purus non arcu. Fusce vitae purus metus. Cras velit est, fermentum eu elit nec, elementum porttitor mauris. Aliquam sed dignissim ex. In venenatis purus eget quam commodo consequat. Proin nec nunc eu odio sodales feugiat. Aliquam tempor eu odio imperdiet semper. Nam accumsan pellentesque sollicitudin.<br><\\/p>\",\"settingImagePosition\":\"left\"}},\"32\":{\"modified\":\"1\",\"type\":\"journal\",\"enabled\":\"1\",\"collapsed\":\"1\",\"level\":\"0\",\"fields\":{\"customChooseJournal\":\"\",\"settingTextOverImage\":\"\"}},\"33\":{\"modified\":\"1\",\"type\":\"textQuote\",\"enabled\":\"1\",\"collapsed\":\"1\",\"level\":\"0\",\"fields\":{\"standardImages\":[\"36\"],\"standardBodyText\":\"<p>Lorem Ipsum is simply dummy text of the printing and typesetting industry<\\/p>\",\"standardSubHeading\":\"Heidi Bjerkan\"}},\"34\":{\"modified\":\"1\",\"type\":\"journal\",\"enabled\":\"1\",\"collapsed\":\"1\",\"level\":\"0\",\"fields\":{\"customChooseJournal\":[\"35\"],\"settingImagePosition\":\"left\",\"settingTextOverImage\":\"\"}},\"38\":{\"modified\":\"1\",\"type\":\"image\",\"enabled\":\"1\",\"collapsed\":\"0\",\"level\":\"0\",\"fields\":{\"standardImages\":[\"36\"]}}}}}', '2017-09-20 13:03:11', '2017-09-20 13:03:11', '5d9330e9-abe9-4cb8-b9b7-f85cb4003a5c'),
 ('50', '7', '4', '1', 'en', '28', '', '{\"typeId\":\"4\",\"authorId\":\"1\",\"title\":\"Credo\",\"slug\":\"credo-1\",\"postDate\":1505469180,\"expiryDate\":null,\"enabled\":1,\"parentId\":\"\",\"fields\":{\"3\":{\"39\":{\"modified\":\"1\",\"type\":\"introWithOpeningHours\",\"enabled\":\"1\",\"collapsed\":\"0\",\"level\":\"0\",\"fields\":{\"standardImages\":[\"40\"],\"standardHeading\":\"Hei\",\"standardBodyText\":\"<p>Hallo<\\/p>\"}},\"23\":{\"modified\":\"1\",\"type\":\"introLinks\",\"enabled\":\"1\",\"collapsed\":\"1\",\"level\":\"0\",\"fields\":{\"standardHeading\":\"Hva ser du etter?\",\"customIntroLinks\":{\"24\":{\"type\":\"link\",\"enabled\":\"1\",\"fields\":{\"navn\":\"Booke bord\",\"internLink\":\"\",\"externalLink\":\"\"}},\"25\":{\"type\":\"link\",\"enabled\":\"1\",\"fields\":{\"navn\":\"Lese journal\",\"internLink\":\"\",\"externalLink\":\"\"}},\"26\":{\"type\":\"link\",\"enabled\":\"1\",\"fields\":{\"navn\":\"L\\u00e6re mer om v\\u00e5r filosofi\",\"internLink\":\"\",\"externalLink\":\"\"}}}}},\"27\":{\"modified\":\"1\",\"type\":\"introBoxes\",\"enabled\":\"1\",\"collapsed\":\"1\",\"level\":\"0\",\"fields\":{\"standardImages\":\"\",\"standardHeading\":\"Kj\\u00e6rlighet for r\\u00e5varen\",\"standardBodyText\":\"<p>Vi har troa. <br>Det er ikke dyrene som skal avles. <br>Det er kunnskapen som skal dyrkes.<\\/p>\"}},\"37\":{\"modified\":\"1\",\"type\":\"text\",\"enabled\":\"1\",\"collapsed\":\"1\",\"level\":\"0\",\"fields\":{\"standardHeading\":\"Yo\",\"standardBodyText\":\"<p>Lorem ipsum dolor sit amet, consectetur adipiscing elit. Vestibulum ultrices ullamcorper leo ac eleifend. Aliquam fringilla semper orci, sed dapibus risus pretium semper. Maecenas vulputate egestas nibh, at consequat justo ornare vel. Sed volutpat magna quis felis sollicitudin interdum. Suspendisse blandit sagittis elit, quis auctor lorem scelerisque a. Interdum et malesuada fames ac ante ipsum primis in faucibus. Cras eu quam vulputate, varius sapien a, convallis purus. Integer ultricies leo sit amet convallis euismod. Fusce ut quam aliquet, semper lectus quis, eleifend nisi.&nbsp;<\\/p>\\r\\n<p>Aenean quis dapibus odio. Sed vitae lorem id urna tempor maximus nec vitae arcu. Nulla commodo nisi nec purus accumsan, ut sagittis urna accumsan. Proin vehicula neque non diam hendrerit, at interdum nisi cursus. Phasellus finibus lacus eu sapien ultricies sagittis.<\\/p>\\r\\n<p>Mauris sed viverra massa. Cras dolor tortor, vulputate et justo at, tempus tincidunt dolor. Ut venenatis lectus mauris, quis scelerisque urna dapibus sed. Etiam elit justo, lacinia a justo eu, rhoncus fermentum ex. Aliquam rutrum orci nec sem luctus malesuada. Phasellus in mauris felis. Ut non eleifend lacus, congue pulvinar dolor. Sed egestas nisl mauris, id tempus elit ultricies at.<\\/p>\\r\\n<p>Maecenas rhoncus libero ipsum, at mattis ex faucibus in. Donec mattis, velit quis finibus pellentesque, ante quam malesuada felis, a tempor est purus non arcu. Fusce vitae purus metus. Cras velit est, fermentum eu elit nec, elementum porttitor mauris. Aliquam sed dignissim ex. In venenatis purus eget quam commodo consequat. Proin nec nunc eu odio sodales feugiat. Aliquam tempor eu odio imperdiet semper. Nam accumsan pellentesque sollicitudin.<\\/p>\"}},\"28\":{\"modified\":\"1\",\"type\":\"journal\",\"enabled\":\"1\",\"collapsed\":\"1\",\"level\":\"0\",\"fields\":{\"customChooseJournal\":[\"35\"],\"settingImagePosition\":\"right\",\"settingTextOverImage\":\"\"}},\"29\":{\"modified\":\"1\",\"type\":\"journal\",\"enabled\":\"1\",\"collapsed\":\"1\",\"level\":\"0\",\"fields\":{\"customChooseJournal\":\"\",\"settingImagePosition\":\"left\",\"settingTextOverImage\":\"\"}},\"30\":{\"modified\":\"1\",\"type\":\"imageFullWidth\",\"enabled\":\"1\",\"collapsed\":\"1\",\"level\":\"0\",\"fields\":{\"standardHeading\":\"Hei\\r\\nHallo\",\"standardImages\":[\"36\"],\"standardBodyText\":\"<p>Hallo<\\/p>\"}},\"31\":{\"modified\":\"1\",\"type\":\"imageWithText\",\"enabled\":\"1\",\"collapsed\":\"1\",\"level\":\"0\",\"fields\":{\"standardImages\":[\"36\"],\"standardBodyText\":\"<p>Lorem ipsum dolor sit amet, consectetur adipiscing elit. Vestibulum ultrices ullamcorper leo ac eleifend. Aliquam fringilla semper orci, sed dapibus risus pretium semper. Maecenas vulputate egestas nibh, at consequat justo ornare vel. Sed volutpat magna quis felis sollicitudin interdum. Suspendisse blandit sagittis elit, quis auctor lorem scelerisque a. Interdum et malesuada fames ac ante ipsum primis in faucibus. Cras eu quam vulputate, varius sapien a, convallis purus. Integer ultricies leo sit amet convallis euismod. Fusce ut quam aliquet, semper lectus quis, eleifend nisi.&nbsp;<\\/p>\\r\\n<p>Aenean quis dapibus odio. Sed vitae lorem id urna tempor maximus nec vitae arcu. Nulla commodo nisi nec purus accumsan, ut sagittis urna accumsan. Proin vehicula neque non diam hendrerit, at interdum nisi cursus. Phasellus finibus lacus eu sapien ultricies sagittis.<\\/p>\\r\\n<p>Mauris sed viverra massa. Cras dolor tortor, vulputate et justo at, tempus tincidunt dolor. Ut venenatis lectus mauris, quis scelerisque urna dapibus sed. Etiam elit justo, lacinia a justo eu, rhoncus fermentum ex. Aliquam rutrum orci nec sem luctus malesuada. Phasellus in mauris felis. Ut non eleifend lacus, congue pulvinar dolor. Sed egestas nisl mauris, id tempus elit ultricies at.<\\/p>\\r\\n<p>Maecenas rhoncus libero ipsum, at mattis ex faucibus in. Donec mattis, velit quis finibus pellentesque, ante quam malesuada felis, a tempor est purus non arcu. Fusce vitae purus metus. Cras velit est, fermentum eu elit nec, elementum porttitor mauris. Aliquam sed dignissim ex. In venenatis purus eget quam commodo consequat. Proin nec nunc eu odio sodales feugiat. Aliquam tempor eu odio imperdiet semper. Nam accumsan pellentesque sollicitudin.<br><\\/p>\",\"settingImagePosition\":\"left\"}},\"32\":{\"modified\":\"1\",\"type\":\"journal\",\"enabled\":\"1\",\"collapsed\":\"1\",\"level\":\"0\",\"fields\":{\"customChooseJournal\":\"\",\"settingTextOverImage\":\"\"}},\"33\":{\"modified\":\"1\",\"type\":\"textQuote\",\"enabled\":\"1\",\"collapsed\":\"1\",\"level\":\"0\",\"fields\":{\"standardImages\":[\"36\"],\"standardBodyText\":\"<p>Lorem Ipsum is simply dummy text of the printing and typesetting industry<\\/p>\",\"standardSubHeading\":\"Heidi Bjerkan\"}},\"34\":{\"modified\":\"1\",\"type\":\"journal\",\"enabled\":\"1\",\"collapsed\":\"1\",\"level\":\"0\",\"fields\":{\"customChooseJournal\":[\"35\"],\"settingImagePosition\":\"left\",\"settingTextOverImage\":\"\"}},\"38\":{\"modified\":\"1\",\"type\":\"image\",\"enabled\":\"1\",\"collapsed\":\"0\",\"level\":\"0\",\"fields\":{\"standardImages\":[\"36\"]}}}}}', '2017-09-20 13:04:39', '2017-09-20 13:04:39', '6f86c691-7597-4883-aa1d-38a6f537b977'),
 ('51', '7', '4', '1', 'en', '29', '', '{\"typeId\":\"4\",\"authorId\":\"1\",\"title\":\"Credo\",\"slug\":\"restaurant\",\"postDate\":1505469180,\"expiryDate\":null,\"enabled\":1,\"parentId\":\"\",\"fields\":{\"3\":{\"39\":{\"modified\":\"1\",\"type\":\"introWithOpeningHours\",\"enabled\":\"1\",\"collapsed\":\"0\",\"level\":\"0\",\"fields\":{\"standardImages\":[\"40\"],\"standardHeading\":\"Hei\",\"standardBodyText\":\"<p>Hallo<\\/p>\"}},\"23\":{\"modified\":\"1\",\"type\":\"introLinks\",\"enabled\":\"1\",\"collapsed\":\"1\",\"level\":\"0\",\"fields\":{\"standardHeading\":\"Hva ser du etter?\",\"customIntroLinks\":{\"24\":{\"type\":\"link\",\"enabled\":\"1\",\"fields\":{\"navn\":\"Booke bord\",\"internLink\":\"\",\"externalLink\":\"\"}},\"25\":{\"type\":\"link\",\"enabled\":\"1\",\"fields\":{\"navn\":\"Lese journal\",\"internLink\":\"\",\"externalLink\":\"\"}},\"26\":{\"type\":\"link\",\"enabled\":\"1\",\"fields\":{\"navn\":\"L\\u00e6re mer om v\\u00e5r filosofi\",\"internLink\":\"\",\"externalLink\":\"\"}}}}},\"27\":{\"modified\":\"1\",\"type\":\"introBoxes\",\"enabled\":\"1\",\"collapsed\":\"1\",\"level\":\"0\",\"fields\":{\"standardImages\":\"\",\"standardHeading\":\"Kj\\u00e6rlighet for r\\u00e5varen\",\"standardBodyText\":\"<p>Vi har troa. <br>Det er ikke dyrene som skal avles. <br>Det er kunnskapen som skal dyrkes.<\\/p>\"}},\"37\":{\"modified\":\"1\",\"type\":\"text\",\"enabled\":\"1\",\"collapsed\":\"1\",\"level\":\"0\",\"fields\":{\"standardHeading\":\"Yo\",\"standardBodyText\":\"<p>Lorem ipsum dolor sit amet, consectetur adipiscing elit. Vestibulum ultrices ullamcorper leo ac eleifend. Aliquam fringilla semper orci, sed dapibus risus pretium semper. Maecenas vulputate egestas nibh, at consequat justo ornare vel. Sed volutpat magna quis felis sollicitudin interdum. Suspendisse blandit sagittis elit, quis auctor lorem scelerisque a. Interdum et malesuada fames ac ante ipsum primis in faucibus. Cras eu quam vulputate, varius sapien a, convallis purus. Integer ultricies leo sit amet convallis euismod. Fusce ut quam aliquet, semper lectus quis, eleifend nisi.&nbsp;<\\/p>\\r\\n<p>Aenean quis dapibus odio. Sed vitae lorem id urna tempor maximus nec vitae arcu. Nulla commodo nisi nec purus accumsan, ut sagittis urna accumsan. Proin vehicula neque non diam hendrerit, at interdum nisi cursus. Phasellus finibus lacus eu sapien ultricies sagittis.<\\/p>\\r\\n<p>Mauris sed viverra massa. Cras dolor tortor, vulputate et justo at, tempus tincidunt dolor. Ut venenatis lectus mauris, quis scelerisque urna dapibus sed. Etiam elit justo, lacinia a justo eu, rhoncus fermentum ex. Aliquam rutrum orci nec sem luctus malesuada. Phasellus in mauris felis. Ut non eleifend lacus, congue pulvinar dolor. Sed egestas nisl mauris, id tempus elit ultricies at.<\\/p>\\r\\n<p>Maecenas rhoncus libero ipsum, at mattis ex faucibus in. Donec mattis, velit quis finibus pellentesque, ante quam malesuada felis, a tempor est purus non arcu. Fusce vitae purus metus. Cras velit est, fermentum eu elit nec, elementum porttitor mauris. Aliquam sed dignissim ex. In venenatis purus eget quam commodo consequat. Proin nec nunc eu odio sodales feugiat. Aliquam tempor eu odio imperdiet semper. Nam accumsan pellentesque sollicitudin.<\\/p>\"}},\"28\":{\"modified\":\"1\",\"type\":\"journal\",\"enabled\":\"1\",\"collapsed\":\"1\",\"level\":\"0\",\"fields\":{\"customChooseJournal\":[\"35\"],\"settingImagePosition\":\"right\",\"settingTextOverImage\":\"\"}},\"29\":{\"modified\":\"1\",\"type\":\"journal\",\"enabled\":\"1\",\"collapsed\":\"1\",\"level\":\"0\",\"fields\":{\"customChooseJournal\":\"\",\"settingImagePosition\":\"left\",\"settingTextOverImage\":\"\"}},\"30\":{\"modified\":\"1\",\"type\":\"imageFullWidth\",\"enabled\":\"1\",\"collapsed\":\"1\",\"level\":\"0\",\"fields\":{\"standardHeading\":\"Hei\\r\\nHallo\",\"standardImages\":[\"36\"],\"standardBodyText\":\"<p>Hallo<\\/p>\"}},\"31\":{\"modified\":\"1\",\"type\":\"imageWithText\",\"enabled\":\"1\",\"collapsed\":\"1\",\"level\":\"0\",\"fields\":{\"standardImages\":[\"36\"],\"standardBodyText\":\"<p>Lorem ipsum dolor sit amet, consectetur adipiscing elit. Vestibulum ultrices ullamcorper leo ac eleifend. Aliquam fringilla semper orci, sed dapibus risus pretium semper. Maecenas vulputate egestas nibh, at consequat justo ornare vel. Sed volutpat magna quis felis sollicitudin interdum. Suspendisse blandit sagittis elit, quis auctor lorem scelerisque a. Interdum et malesuada fames ac ante ipsum primis in faucibus. Cras eu quam vulputate, varius sapien a, convallis purus. Integer ultricies leo sit amet convallis euismod. Fusce ut quam aliquet, semper lectus quis, eleifend nisi.&nbsp;<\\/p>\\r\\n<p>Aenean quis dapibus odio. Sed vitae lorem id urna tempor maximus nec vitae arcu. Nulla commodo nisi nec purus accumsan, ut sagittis urna accumsan. Proin vehicula neque non diam hendrerit, at interdum nisi cursus. Phasellus finibus lacus eu sapien ultricies sagittis.<\\/p>\\r\\n<p>Mauris sed viverra massa. Cras dolor tortor, vulputate et justo at, tempus tincidunt dolor. Ut venenatis lectus mauris, quis scelerisque urna dapibus sed. Etiam elit justo, lacinia a justo eu, rhoncus fermentum ex. Aliquam rutrum orci nec sem luctus malesuada. Phasellus in mauris felis. Ut non eleifend lacus, congue pulvinar dolor. Sed egestas nisl mauris, id tempus elit ultricies at.<\\/p>\\r\\n<p>Maecenas rhoncus libero ipsum, at mattis ex faucibus in. Donec mattis, velit quis finibus pellentesque, ante quam malesuada felis, a tempor est purus non arcu. Fusce vitae purus metus. Cras velit est, fermentum eu elit nec, elementum porttitor mauris. Aliquam sed dignissim ex. In venenatis purus eget quam commodo consequat. Proin nec nunc eu odio sodales feugiat. Aliquam tempor eu odio imperdiet semper. Nam accumsan pellentesque sollicitudin.<br><\\/p>\",\"settingImagePosition\":\"left\"}},\"32\":{\"modified\":\"1\",\"type\":\"journal\",\"enabled\":\"1\",\"collapsed\":\"1\",\"level\":\"0\",\"fields\":{\"customChooseJournal\":\"\",\"settingTextOverImage\":\"\"}},\"33\":{\"modified\":\"1\",\"type\":\"textQuote\",\"enabled\":\"1\",\"collapsed\":\"1\",\"level\":\"0\",\"fields\":{\"standardImages\":[\"36\"],\"standardBodyText\":\"<p>Lorem Ipsum is simply dummy text of the printing and typesetting industry<\\/p>\",\"standardSubHeading\":\"Heidi Bjerkan\"}},\"34\":{\"modified\":\"1\",\"type\":\"journal\",\"enabled\":\"1\",\"collapsed\":\"1\",\"level\":\"0\",\"fields\":{\"customChooseJournal\":[\"35\"],\"settingImagePosition\":\"left\",\"settingTextOverImage\":\"\"}},\"38\":{\"modified\":\"1\",\"type\":\"image\",\"enabled\":\"1\",\"collapsed\":\"0\",\"level\":\"0\",\"fields\":{\"standardImages\":[\"36\"]}}}}}', '2017-09-20 13:05:21', '2017-09-20 13:05:21', 'e9ee0c23-3d49-4a2c-97d7-59acd88cb8f3'),
 ('53', '15', '4', '1', 'en', '3', '', '{\"typeId\":\"5\",\"authorId\":\"1\",\"title\":\"Journal\",\"slug\":\"journal\",\"postDate\":1505469300,\"expiryDate\":null,\"enabled\":1,\"parentId\":\"7\",\"fields\":{\"17\":[\"4\"]}}', '2017-09-20 13:19:13', '2017-09-20 13:19:13', 'a7911ef7-4d2c-4b52-9f3b-e4f957e42857'),
 ('54', '11', '4', '1', 'en', '2', '', '{\"typeId\":\"5\",\"authorId\":\"1\",\"title\":\"Journal\",\"slug\":\"journal\",\"postDate\":1505469300,\"expiryDate\":null,\"enabled\":1,\"parentId\":\"8\",\"fields\":{\"17\":[\"5\"]}}', '2017-09-20 13:20:28', '2017-09-20 13:20:28', '62ceb648-f64d-4764-9bec-9a75abcf5c17'),
 ('55', '19', '4', '1', 'en', '2', '', '{\"typeId\":\"5\",\"authorId\":\"1\",\"title\":\"Journal\",\"slug\":\"journal\",\"postDate\":1505469360,\"expiryDate\":null,\"enabled\":1,\"parentId\":\"9\",\"fields\":{\"17\":[\"6\"]}}', '2017-09-20 13:20:58', '2017-09-20 13:20:58', '1fb61d4e-eaf9-4e2a-9fd1-6b5b4c277c77'),
 ('62', '8', '4', '1', 'en', '2', '', '{\"typeId\":\"4\",\"authorId\":\"1\",\"title\":\"Finnes\",\"slug\":\"finnes\",\"postDate\":1505469180,\"expiryDate\":null,\"enabled\":1,\"parentId\":\"\",\"fields\":{\"3\":\"\"}}', '2017-09-21 08:57:03', '2017-09-21 08:57:03', '0b93cf4b-7463-43ac-903c-3019eea85f26'),
 ('63', '9', '4', '1', 'en', '2', '', '{\"typeId\":\"4\",\"authorId\":\"1\",\"title\":\"Jossa\",\"slug\":\"jossa\",\"postDate\":1505469240,\"expiryDate\":null,\"enabled\":1,\"parentId\":\"\",\"fields\":{\"3\":\"\"}}', '2017-09-21 08:57:06', '2017-09-21 08:57:06', 'a21030a4-d8db-4529-b61d-2f098db06348'),
 ('64', '7', '4', '1', 'en', '30', '', '{\"typeId\":\"4\",\"authorId\":\"1\",\"title\":\"Credo\",\"slug\":\"__home__\",\"postDate\":1505469180,\"expiryDate\":null,\"enabled\":1,\"parentId\":\"\",\"fields\":{\"3\":{\"39\":{\"modified\":\"1\",\"type\":\"introWithOpeningHours\",\"enabled\":\"1\",\"collapsed\":\"0\",\"level\":\"0\",\"fields\":{\"standardImages\":[\"40\"],\"standardHeading\":\"Hei\",\"standardBodyText\":\"<p>Hallo<\\/p>\"}},\"23\":{\"modified\":\"1\",\"type\":\"introLinks\",\"enabled\":\"1\",\"collapsed\":\"1\",\"level\":\"0\",\"fields\":{\"standardHeading\":\"Hva ser du etter?\",\"customIntroLinks\":{\"24\":{\"type\":\"link\",\"enabled\":\"1\",\"fields\":{\"navn\":\"Booke bord\",\"internLink\":\"\",\"externalLink\":\"\"}},\"25\":{\"type\":\"link\",\"enabled\":\"1\",\"fields\":{\"navn\":\"Lese journal\",\"internLink\":\"\",\"externalLink\":\"\"}},\"26\":{\"type\":\"link\",\"enabled\":\"1\",\"fields\":{\"navn\":\"L\\u00e6re mer om v\\u00e5r filosofi\",\"internLink\":\"\",\"externalLink\":\"\"}}}}},\"27\":{\"modified\":\"1\",\"type\":\"introBoxes\",\"enabled\":\"1\",\"collapsed\":\"1\",\"level\":\"0\",\"fields\":{\"standardImages\":\"\",\"standardHeading\":\"Kj\\u00e6rlighet for r\\u00e5varen\",\"standardBodyText\":\"<p>Vi har troa. <br>Det er ikke dyrene som skal avles. <br>Det er kunnskapen som skal dyrkes.<\\/p>\"}},\"37\":{\"modified\":\"1\",\"type\":\"text\",\"enabled\":\"1\",\"collapsed\":\"1\",\"level\":\"0\",\"fields\":{\"standardHeading\":\"Yo\",\"standardBodyText\":\"<p>Lorem ipsum dolor sit amet, consectetur adipiscing elit. Vestibulum ultrices ullamcorper leo ac eleifend. Aliquam fringilla semper orci, sed dapibus risus pretium semper. Maecenas vulputate egestas nibh, at consequat justo ornare vel. Sed volutpat magna quis felis sollicitudin interdum. Suspendisse blandit sagittis elit, quis auctor lorem scelerisque a. Interdum et malesuada fames ac ante ipsum primis in faucibus. Cras eu quam vulputate, varius sapien a, convallis purus. Integer ultricies leo sit amet convallis euismod. Fusce ut quam aliquet, semper lectus quis, eleifend nisi.&nbsp;<\\/p>\\r\\n<p>Aenean quis dapibus odio. Sed vitae lorem id urna tempor maximus nec vitae arcu. Nulla commodo nisi nec purus accumsan, ut sagittis urna accumsan. Proin vehicula neque non diam hendrerit, at interdum nisi cursus. Phasellus finibus lacus eu sapien ultricies sagittis.<\\/p>\\r\\n<p>Mauris sed viverra massa. Cras dolor tortor, vulputate et justo at, tempus tincidunt dolor. Ut venenatis lectus mauris, quis scelerisque urna dapibus sed. Etiam elit justo, lacinia a justo eu, rhoncus fermentum ex. Aliquam rutrum orci nec sem luctus malesuada. Phasellus in mauris felis. Ut non eleifend lacus, congue pulvinar dolor. Sed egestas nisl mauris, id tempus elit ultricies at.<\\/p>\\r\\n<p>Maecenas rhoncus libero ipsum, at mattis ex faucibus in. Donec mattis, velit quis finibus pellentesque, ante quam malesuada felis, a tempor est purus non arcu. Fusce vitae purus metus. Cras velit est, fermentum eu elit nec, elementum porttitor mauris. Aliquam sed dignissim ex. In venenatis purus eget quam commodo consequat. Proin nec nunc eu odio sodales feugiat. Aliquam tempor eu odio imperdiet semper. Nam accumsan pellentesque sollicitudin.<\\/p>\"}},\"28\":{\"modified\":\"1\",\"type\":\"journal\",\"enabled\":\"1\",\"collapsed\":\"1\",\"level\":\"0\",\"fields\":{\"customChooseJournal\":[\"35\"],\"settingImagePosition\":\"right\",\"settingTextOverImage\":\"\"}},\"29\":{\"modified\":\"1\",\"type\":\"journal\",\"enabled\":\"1\",\"collapsed\":\"1\",\"level\":\"0\",\"fields\":{\"customChooseJournal\":\"\",\"settingImagePosition\":\"left\",\"settingTextOverImage\":\"\"}},\"30\":{\"modified\":\"1\",\"type\":\"imageFullWidth\",\"enabled\":\"1\",\"collapsed\":\"1\",\"level\":\"0\",\"fields\":{\"standardHeading\":\"Hei\\r\\nHallo\",\"standardImages\":[\"36\"],\"standardBodyText\":\"<p>Hallo<\\/p>\"}},\"31\":{\"modified\":\"1\",\"type\":\"imageWithText\",\"enabled\":\"1\",\"collapsed\":\"1\",\"level\":\"0\",\"fields\":{\"standardImages\":[\"36\"],\"standardBodyText\":\"<p>Lorem ipsum dolor sit amet, consectetur adipiscing elit. Vestibulum ultrices ullamcorper leo ac eleifend. Aliquam fringilla semper orci, sed dapibus risus pretium semper. Maecenas vulputate egestas nibh, at consequat justo ornare vel. Sed volutpat magna quis felis sollicitudin interdum. Suspendisse blandit sagittis elit, quis auctor lorem scelerisque a. Interdum et malesuada fames ac ante ipsum primis in faucibus. Cras eu quam vulputate, varius sapien a, convallis purus. Integer ultricies leo sit amet convallis euismod. Fusce ut quam aliquet, semper lectus quis, eleifend nisi.&nbsp;<\\/p>\\r\\n<p>Aenean quis dapibus odio. Sed vitae lorem id urna tempor maximus nec vitae arcu. Nulla commodo nisi nec purus accumsan, ut sagittis urna accumsan. Proin vehicula neque non diam hendrerit, at interdum nisi cursus. Phasellus finibus lacus eu sapien ultricies sagittis.<\\/p>\\r\\n<p>Mauris sed viverra massa. Cras dolor tortor, vulputate et justo at, tempus tincidunt dolor. Ut venenatis lectus mauris, quis scelerisque urna dapibus sed. Etiam elit justo, lacinia a justo eu, rhoncus fermentum ex. Aliquam rutrum orci nec sem luctus malesuada. Phasellus in mauris felis. Ut non eleifend lacus, congue pulvinar dolor. Sed egestas nisl mauris, id tempus elit ultricies at.<\\/p>\\r\\n<p>Maecenas rhoncus libero ipsum, at mattis ex faucibus in. Donec mattis, velit quis finibus pellentesque, ante quam malesuada felis, a tempor est purus non arcu. Fusce vitae purus metus. Cras velit est, fermentum eu elit nec, elementum porttitor mauris. Aliquam sed dignissim ex. In venenatis purus eget quam commodo consequat. Proin nec nunc eu odio sodales feugiat. Aliquam tempor eu odio imperdiet semper. Nam accumsan pellentesque sollicitudin.<br><\\/p>\",\"settingImagePosition\":\"left\"}},\"32\":{\"modified\":\"1\",\"type\":\"journal\",\"enabled\":\"1\",\"collapsed\":\"1\",\"level\":\"0\",\"fields\":{\"customChooseJournal\":\"\",\"settingTextOverImage\":\"\"}},\"33\":{\"modified\":\"1\",\"type\":\"textQuote\",\"enabled\":\"1\",\"collapsed\":\"1\",\"level\":\"0\",\"fields\":{\"standardImages\":[\"36\"],\"standardBodyText\":\"<p>Lorem Ipsum is simply dummy text of the printing and typesetting industry<\\/p>\",\"standardSubHeading\":\"Heidi Bjerkan\"}},\"34\":{\"modified\":\"1\",\"type\":\"journal\",\"enabled\":\"1\",\"collapsed\":\"1\",\"level\":\"0\",\"fields\":{\"customChooseJournal\":[\"35\"],\"settingImagePosition\":\"left\",\"settingTextOverImage\":\"\"}},\"38\":{\"modified\":\"1\",\"type\":\"image\",\"enabled\":\"1\",\"collapsed\":\"0\",\"level\":\"0\",\"fields\":{\"standardImages\":[\"36\"]}}}}}', '2017-09-21 09:02:48', '2017-09-21 09:02:48', '90e3dfb7-5261-424d-9419-b1226fd3d1f8'),
 ('65', '7', '4', '1', 'en', '31', '', '{\"typeId\":\"4\",\"authorId\":\"1\",\"title\":\"Credo\",\"slug\":\"restaurant\",\"postDate\":1505469180,\"expiryDate\":null,\"enabled\":1,\"parentId\":\"\",\"fields\":{\"3\":{\"39\":{\"modified\":\"1\",\"type\":\"introWithOpeningHours\",\"enabled\":\"1\",\"collapsed\":\"0\",\"level\":\"0\",\"fields\":{\"standardImages\":[\"40\"],\"standardHeading\":\"Hei\",\"standardBodyText\":\"<p>Hallo<\\/p>\"}},\"23\":{\"modified\":\"1\",\"type\":\"introLinks\",\"enabled\":\"1\",\"collapsed\":\"1\",\"level\":\"0\",\"fields\":{\"standardHeading\":\"Hva ser du etter?\",\"customIntroLinks\":{\"24\":{\"type\":\"link\",\"enabled\":\"1\",\"fields\":{\"navn\":\"Booke bord\",\"internLink\":\"\",\"externalLink\":\"\"}},\"25\":{\"type\":\"link\",\"enabled\":\"1\",\"fields\":{\"navn\":\"Lese journal\",\"internLink\":\"\",\"externalLink\":\"\"}},\"26\":{\"type\":\"link\",\"enabled\":\"1\",\"fields\":{\"navn\":\"L\\u00e6re mer om v\\u00e5r filosofi\",\"internLink\":\"\",\"externalLink\":\"\"}}}}},\"27\":{\"modified\":\"1\",\"type\":\"introBoxes\",\"enabled\":\"1\",\"collapsed\":\"1\",\"level\":\"0\",\"fields\":{\"standardImages\":\"\",\"standardHeading\":\"Kj\\u00e6rlighet for r\\u00e5varen\",\"standardBodyText\":\"<p>Vi har troa. <br>Det er ikke dyrene som skal avles. <br>Det er kunnskapen som skal dyrkes.<\\/p>\"}},\"37\":{\"modified\":\"1\",\"type\":\"text\",\"enabled\":\"1\",\"collapsed\":\"1\",\"level\":\"0\",\"fields\":{\"standardHeading\":\"Yo\",\"standardBodyText\":\"<p>Lorem ipsum dolor sit amet, consectetur adipiscing elit. Vestibulum ultrices ullamcorper leo ac eleifend. Aliquam fringilla semper orci, sed dapibus risus pretium semper. Maecenas vulputate egestas nibh, at consequat justo ornare vel. Sed volutpat magna quis felis sollicitudin interdum. Suspendisse blandit sagittis elit, quis auctor lorem scelerisque a. Interdum et malesuada fames ac ante ipsum primis in faucibus. Cras eu quam vulputate, varius sapien a, convallis purus. Integer ultricies leo sit amet convallis euismod. Fusce ut quam aliquet, semper lectus quis, eleifend nisi.&nbsp;<\\/p>\\r\\n<p>Aenean quis dapibus odio. Sed vitae lorem id urna tempor maximus nec vitae arcu. Nulla commodo nisi nec purus accumsan, ut sagittis urna accumsan. Proin vehicula neque non diam hendrerit, at interdum nisi cursus. Phasellus finibus lacus eu sapien ultricies sagittis.<\\/p>\\r\\n<p>Mauris sed viverra massa. Cras dolor tortor, vulputate et justo at, tempus tincidunt dolor. Ut venenatis lectus mauris, quis scelerisque urna dapibus sed. Etiam elit justo, lacinia a justo eu, rhoncus fermentum ex. Aliquam rutrum orci nec sem luctus malesuada. Phasellus in mauris felis. Ut non eleifend lacus, congue pulvinar dolor. Sed egestas nisl mauris, id tempus elit ultricies at.<\\/p>\\r\\n<p>Maecenas rhoncus libero ipsum, at mattis ex faucibus in. Donec mattis, velit quis finibus pellentesque, ante quam malesuada felis, a tempor est purus non arcu. Fusce vitae purus metus. Cras velit est, fermentum eu elit nec, elementum porttitor mauris. Aliquam sed dignissim ex. In venenatis purus eget quam commodo consequat. Proin nec nunc eu odio sodales feugiat. Aliquam tempor eu odio imperdiet semper. Nam accumsan pellentesque sollicitudin.<\\/p>\"}},\"28\":{\"modified\":\"1\",\"type\":\"journal\",\"enabled\":\"1\",\"collapsed\":\"1\",\"level\":\"0\",\"fields\":{\"customChooseJournal\":[\"35\"],\"settingImagePosition\":\"right\",\"settingTextOverImage\":\"\"}},\"29\":{\"modified\":\"1\",\"type\":\"journal\",\"enabled\":\"1\",\"collapsed\":\"1\",\"level\":\"0\",\"fields\":{\"customChooseJournal\":\"\",\"settingImagePosition\":\"left\",\"settingTextOverImage\":\"\"}},\"30\":{\"modified\":\"1\",\"type\":\"imageFullWidth\",\"enabled\":\"1\",\"collapsed\":\"1\",\"level\":\"0\",\"fields\":{\"standardHeading\":\"Hei\\r\\nHallo\",\"standardImages\":[\"36\"],\"standardBodyText\":\"<p>Hallo<\\/p>\"}},\"31\":{\"modified\":\"1\",\"type\":\"imageWithText\",\"enabled\":\"1\",\"collapsed\":\"1\",\"level\":\"0\",\"fields\":{\"standardImages\":[\"36\"],\"standardBodyText\":\"<p>Lorem ipsum dolor sit amet, consectetur adipiscing elit. Vestibulum ultrices ullamcorper leo ac eleifend. Aliquam fringilla semper orci, sed dapibus risus pretium semper. Maecenas vulputate egestas nibh, at consequat justo ornare vel. Sed volutpat magna quis felis sollicitudin interdum. Suspendisse blandit sagittis elit, quis auctor lorem scelerisque a. Interdum et malesuada fames ac ante ipsum primis in faucibus. Cras eu quam vulputate, varius sapien a, convallis purus. Integer ultricies leo sit amet convallis euismod. Fusce ut quam aliquet, semper lectus quis, eleifend nisi.&nbsp;<\\/p>\\r\\n<p>Aenean quis dapibus odio. Sed vitae lorem id urna tempor maximus nec vitae arcu. Nulla commodo nisi nec purus accumsan, ut sagittis urna accumsan. Proin vehicula neque non diam hendrerit, at interdum nisi cursus. Phasellus finibus lacus eu sapien ultricies sagittis.<\\/p>\\r\\n<p>Mauris sed viverra massa. Cras dolor tortor, vulputate et justo at, tempus tincidunt dolor. Ut venenatis lectus mauris, quis scelerisque urna dapibus sed. Etiam elit justo, lacinia a justo eu, rhoncus fermentum ex. Aliquam rutrum orci nec sem luctus malesuada. Phasellus in mauris felis. Ut non eleifend lacus, congue pulvinar dolor. Sed egestas nisl mauris, id tempus elit ultricies at.<\\/p>\\r\\n<p>Maecenas rhoncus libero ipsum, at mattis ex faucibus in. Donec mattis, velit quis finibus pellentesque, ante quam malesuada felis, a tempor est purus non arcu. Fusce vitae purus metus. Cras velit est, fermentum eu elit nec, elementum porttitor mauris. Aliquam sed dignissim ex. In venenatis purus eget quam commodo consequat. Proin nec nunc eu odio sodales feugiat. Aliquam tempor eu odio imperdiet semper. Nam accumsan pellentesque sollicitudin.<br><\\/p>\",\"settingImagePosition\":\"left\"}},\"32\":{\"modified\":\"1\",\"type\":\"journal\",\"enabled\":\"1\",\"collapsed\":\"1\",\"level\":\"0\",\"fields\":{\"customChooseJournal\":\"\",\"settingTextOverImage\":\"\"}},\"33\":{\"modified\":\"1\",\"type\":\"textQuote\",\"enabled\":\"1\",\"collapsed\":\"1\",\"level\":\"0\",\"fields\":{\"standardImages\":[\"36\"],\"standardBodyText\":\"<p>Lorem Ipsum is simply dummy text of the printing and typesetting industry<\\/p>\",\"standardSubHeading\":\"Heidi Bjerkan\"}},\"34\":{\"modified\":\"1\",\"type\":\"journal\",\"enabled\":\"1\",\"collapsed\":\"1\",\"level\":\"0\",\"fields\":{\"customChooseJournal\":[\"35\"],\"settingImagePosition\":\"left\",\"settingTextOverImage\":\"\"}},\"38\":{\"modified\":\"1\",\"type\":\"image\",\"enabled\":\"1\",\"collapsed\":\"0\",\"level\":\"0\",\"fields\":{\"standardImages\":[\"36\"]}}}}}', '2017-09-21 09:04:09', '2017-09-21 09:04:09', '5dc4e5bd-0bae-4889-8b68-7822200f91c3'),
 ('66', '7', '4', '1', 'en', '32', '', '{\"typeId\":\"4\",\"authorId\":\"1\",\"title\":\"Credo\",\"slug\":\"restaurant\",\"postDate\":1505469180,\"expiryDate\":null,\"enabled\":1,\"parentId\":\"\",\"fields\":{\"3\":{\"39\":{\"modified\":\"1\",\"type\":\"introWithOpeningHours\",\"enabled\":\"1\",\"collapsed\":\"0\",\"level\":\"0\",\"fields\":{\"standardImages\":[\"40\"],\"standardHeading\":\"Hei\",\"standardBodyText\":\"<p>Hallo<\\/p>\"}},\"23\":{\"modified\":\"1\",\"type\":\"introLinks\",\"enabled\":\"1\",\"collapsed\":\"0\",\"level\":\"0\",\"fields\":{\"standardHeading\":\"Hva ser du etter?\",\"customIntroLinks\":{\"24\":{\"type\":\"link\",\"enabled\":\"1\",\"fields\":{\"navn\":\"Booke bord\",\"internLink\":[\"18\"],\"externalLink\":\"\"}},\"25\":{\"type\":\"link\",\"enabled\":\"1\",\"fields\":{\"navn\":\"Lese journal\",\"internLink\":[\"16\"],\"externalLink\":\"\"}},\"26\":{\"type\":\"link\",\"enabled\":\"1\",\"fields\":{\"navn\":\"L\\u00e6re mer om v\\u00e5r filosofi\",\"internLink\":[\"13\"],\"externalLink\":\"\"}}}}},\"27\":{\"modified\":\"1\",\"type\":\"introBoxes\",\"enabled\":\"1\",\"collapsed\":\"1\",\"level\":\"0\",\"fields\":{\"standardImages\":\"\",\"standardHeading\":\"Kj\\u00e6rlighet for r\\u00e5varen\",\"standardBodyText\":\"<p>Vi har troa. <br>Det er ikke dyrene som skal avles. <br>Det er kunnskapen som skal dyrkes.<\\/p>\"}},\"37\":{\"modified\":\"1\",\"type\":\"text\",\"enabled\":\"1\",\"collapsed\":\"1\",\"level\":\"0\",\"fields\":{\"standardHeading\":\"Yo\",\"standardBodyText\":\"<p>Lorem ipsum dolor sit amet, consectetur adipiscing elit. Vestibulum ultrices ullamcorper leo ac eleifend. Aliquam fringilla semper orci, sed dapibus risus pretium semper. Maecenas vulputate egestas nibh, at consequat justo ornare vel. Sed volutpat magna quis felis sollicitudin interdum. Suspendisse blandit sagittis elit, quis auctor lorem scelerisque a. Interdum et malesuada fames ac ante ipsum primis in faucibus. Cras eu quam vulputate, varius sapien a, convallis purus. Integer ultricies leo sit amet convallis euismod. Fusce ut quam aliquet, semper lectus quis, eleifend nisi.&nbsp;<\\/p>\\r\\n<p>Aenean quis dapibus odio. Sed vitae lorem id urna tempor maximus nec vitae arcu. Nulla commodo nisi nec purus accumsan, ut sagittis urna accumsan. Proin vehicula neque non diam hendrerit, at interdum nisi cursus. Phasellus finibus lacus eu sapien ultricies sagittis.<\\/p>\\r\\n<p>Mauris sed viverra massa. Cras dolor tortor, vulputate et justo at, tempus tincidunt dolor. Ut venenatis lectus mauris, quis scelerisque urna dapibus sed. Etiam elit justo, lacinia a justo eu, rhoncus fermentum ex. Aliquam rutrum orci nec sem luctus malesuada. Phasellus in mauris felis. Ut non eleifend lacus, congue pulvinar dolor. Sed egestas nisl mauris, id tempus elit ultricies at.<\\/p>\\r\\n<p>Maecenas rhoncus libero ipsum, at mattis ex faucibus in. Donec mattis, velit quis finibus pellentesque, ante quam malesuada felis, a tempor est purus non arcu. Fusce vitae purus metus. Cras velit est, fermentum eu elit nec, elementum porttitor mauris. Aliquam sed dignissim ex. In venenatis purus eget quam commodo consequat. Proin nec nunc eu odio sodales feugiat. Aliquam tempor eu odio imperdiet semper. Nam accumsan pellentesque sollicitudin.<\\/p>\"}},\"28\":{\"modified\":\"1\",\"type\":\"journal\",\"enabled\":\"1\",\"collapsed\":\"1\",\"level\":\"0\",\"fields\":{\"customChooseJournal\":[\"35\"],\"settingImagePosition\":\"right\",\"settingTextOverImage\":\"\"}},\"29\":{\"modified\":\"1\",\"type\":\"journal\",\"enabled\":\"1\",\"collapsed\":\"1\",\"level\":\"0\",\"fields\":{\"customChooseJournal\":\"\",\"settingImagePosition\":\"left\",\"settingTextOverImage\":\"\"}},\"30\":{\"modified\":\"1\",\"type\":\"imageFullWidth\",\"enabled\":\"1\",\"collapsed\":\"1\",\"level\":\"0\",\"fields\":{\"standardHeading\":\"Hei\\r\\nHallo\",\"standardImages\":[\"36\"],\"standardBodyText\":\"<p>Hallo<\\/p>\"}},\"31\":{\"modified\":\"1\",\"type\":\"imageWithText\",\"enabled\":\"1\",\"collapsed\":\"1\",\"level\":\"0\",\"fields\":{\"standardImages\":[\"36\"],\"standardBodyText\":\"<p>Lorem ipsum dolor sit amet, consectetur adipiscing elit. Vestibulum ultrices ullamcorper leo ac eleifend. Aliquam fringilla semper orci, sed dapibus risus pretium semper. Maecenas vulputate egestas nibh, at consequat justo ornare vel. Sed volutpat magna quis felis sollicitudin interdum. Suspendisse blandit sagittis elit, quis auctor lorem scelerisque a. Interdum et malesuada fames ac ante ipsum primis in faucibus. Cras eu quam vulputate, varius sapien a, convallis purus. Integer ultricies leo sit amet convallis euismod. Fusce ut quam aliquet, semper lectus quis, eleifend nisi.&nbsp;<\\/p>\\r\\n<p>Aenean quis dapibus odio. Sed vitae lorem id urna tempor maximus nec vitae arcu. Nulla commodo nisi nec purus accumsan, ut sagittis urna accumsan. Proin vehicula neque non diam hendrerit, at interdum nisi cursus. Phasellus finibus lacus eu sapien ultricies sagittis.<\\/p>\\r\\n<p>Mauris sed viverra massa. Cras dolor tortor, vulputate et justo at, tempus tincidunt dolor. Ut venenatis lectus mauris, quis scelerisque urna dapibus sed. Etiam elit justo, lacinia a justo eu, rhoncus fermentum ex. Aliquam rutrum orci nec sem luctus malesuada. Phasellus in mauris felis. Ut non eleifend lacus, congue pulvinar dolor. Sed egestas nisl mauris, id tempus elit ultricies at.<\\/p>\\r\\n<p>Maecenas rhoncus libero ipsum, at mattis ex faucibus in. Donec mattis, velit quis finibus pellentesque, ante quam malesuada felis, a tempor est purus non arcu. Fusce vitae purus metus. Cras velit est, fermentum eu elit nec, elementum porttitor mauris. Aliquam sed dignissim ex. In venenatis purus eget quam commodo consequat. Proin nec nunc eu odio sodales feugiat. Aliquam tempor eu odio imperdiet semper. Nam accumsan pellentesque sollicitudin.<br><\\/p>\",\"settingImagePosition\":\"left\"}},\"32\":{\"modified\":\"1\",\"type\":\"journal\",\"enabled\":\"1\",\"collapsed\":\"1\",\"level\":\"0\",\"fields\":{\"customChooseJournal\":\"\",\"settingTextOverImage\":\"\"}},\"33\":{\"modified\":\"1\",\"type\":\"textQuote\",\"enabled\":\"1\",\"collapsed\":\"1\",\"level\":\"0\",\"fields\":{\"standardImages\":[\"36\"],\"standardBodyText\":\"<p>Lorem Ipsum is simply dummy text of the printing and typesetting industry<\\/p>\",\"standardSubHeading\":\"Heidi Bjerkan\"}},\"34\":{\"modified\":\"1\",\"type\":\"journal\",\"enabled\":\"1\",\"collapsed\":\"1\",\"level\":\"0\",\"fields\":{\"customChooseJournal\":[\"35\"],\"settingImagePosition\":\"left\",\"settingTextOverImage\":\"\"}},\"38\":{\"modified\":\"1\",\"type\":\"image\",\"enabled\":\"1\",\"collapsed\":\"0\",\"level\":\"0\",\"fields\":{\"standardImages\":[\"36\"]}}}}}', '2017-09-21 09:09:19', '2017-09-21 09:09:19', '392cc9fd-2250-4ab0-8dcf-8af67754bf8f'),
 ('67', '7', '4', '1', 'en', '33', '', '{\"typeId\":\"4\",\"authorId\":\"1\",\"title\":\"Credo\",\"slug\":\"restaurant\",\"postDate\":1505469180,\"expiryDate\":null,\"enabled\":1,\"parentId\":\"\",\"fields\":{\"3\":{\"39\":{\"modified\":\"1\",\"type\":\"introWithOpeningHours\",\"enabled\":\"1\",\"collapsed\":\"0\",\"level\":\"0\",\"fields\":{\"standardImages\":[\"40\"],\"standardHeading\":\"Hei\",\"standardBodyText\":\"<p>Hallo<\\/p>\"}},\"23\":{\"modified\":\"1\",\"type\":\"introLinks\",\"enabled\":\"1\",\"collapsed\":\"0\",\"level\":\"0\",\"fields\":{\"standardHeading\":\"Hva ser du etter?\",\"customIntroLinks\":{\"24\":{\"type\":\"link\",\"enabled\":\"1\",\"fields\":{\"navn\":\"Booke bord\",\"internLink\":[\"18\"],\"externalLink\":\"http:\\/\\/www.book.no\"}},\"25\":{\"type\":\"link\",\"enabled\":\"1\",\"fields\":{\"navn\":\"Lese journal\",\"internLink\":[\"16\"],\"externalLink\":\"\"}},\"26\":{\"type\":\"link\",\"enabled\":\"1\",\"fields\":{\"navn\":\"L\\u00e6re mer om v\\u00e5r filosofi\",\"internLink\":[\"13\"],\"externalLink\":\"\"}}}}},\"27\":{\"modified\":\"1\",\"type\":\"introBoxes\",\"enabled\":\"1\",\"collapsed\":\"1\",\"level\":\"0\",\"fields\":{\"standardImages\":\"\",\"standardHeading\":\"Kj\\u00e6rlighet for r\\u00e5varen\",\"standardBodyText\":\"<p>Vi har troa. <br>Det er ikke dyrene som skal avles. <br>Det er kunnskapen som skal dyrkes.<\\/p>\"}},\"37\":{\"modified\":\"1\",\"type\":\"text\",\"enabled\":\"1\",\"collapsed\":\"1\",\"level\":\"0\",\"fields\":{\"standardHeading\":\"Yo\",\"standardBodyText\":\"<p>Lorem ipsum dolor sit amet, consectetur adipiscing elit. Vestibulum ultrices ullamcorper leo ac eleifend. Aliquam fringilla semper orci, sed dapibus risus pretium semper. Maecenas vulputate egestas nibh, at consequat justo ornare vel. Sed volutpat magna quis felis sollicitudin interdum. Suspendisse blandit sagittis elit, quis auctor lorem scelerisque a. Interdum et malesuada fames ac ante ipsum primis in faucibus. Cras eu quam vulputate, varius sapien a, convallis purus. Integer ultricies leo sit amet convallis euismod. Fusce ut quam aliquet, semper lectus quis, eleifend nisi.&nbsp;<\\/p>\\r\\n<p>Aenean quis dapibus odio. Sed vitae lorem id urna tempor maximus nec vitae arcu. Nulla commodo nisi nec purus accumsan, ut sagittis urna accumsan. Proin vehicula neque non diam hendrerit, at interdum nisi cursus. Phasellus finibus lacus eu sapien ultricies sagittis.<\\/p>\\r\\n<p>Mauris sed viverra massa. Cras dolor tortor, vulputate et justo at, tempus tincidunt dolor. Ut venenatis lectus mauris, quis scelerisque urna dapibus sed. Etiam elit justo, lacinia a justo eu, rhoncus fermentum ex. Aliquam rutrum orci nec sem luctus malesuada. Phasellus in mauris felis. Ut non eleifend lacus, congue pulvinar dolor. Sed egestas nisl mauris, id tempus elit ultricies at.<\\/p>\\r\\n<p>Maecenas rhoncus libero ipsum, at mattis ex faucibus in. Donec mattis, velit quis finibus pellentesque, ante quam malesuada felis, a tempor est purus non arcu. Fusce vitae purus metus. Cras velit est, fermentum eu elit nec, elementum porttitor mauris. Aliquam sed dignissim ex. In venenatis purus eget quam commodo consequat. Proin nec nunc eu odio sodales feugiat. Aliquam tempor eu odio imperdiet semper. Nam accumsan pellentesque sollicitudin.<\\/p>\"}},\"28\":{\"modified\":\"1\",\"type\":\"journal\",\"enabled\":\"1\",\"collapsed\":\"1\",\"level\":\"0\",\"fields\":{\"customChooseJournal\":[\"35\"],\"settingImagePosition\":\"right\",\"settingTextOverImage\":\"\"}},\"29\":{\"modified\":\"1\",\"type\":\"journal\",\"enabled\":\"1\",\"collapsed\":\"1\",\"level\":\"0\",\"fields\":{\"customChooseJournal\":\"\",\"settingImagePosition\":\"left\",\"settingTextOverImage\":\"\"}},\"30\":{\"modified\":\"1\",\"type\":\"imageFullWidth\",\"enabled\":\"1\",\"collapsed\":\"1\",\"level\":\"0\",\"fields\":{\"standardHeading\":\"Hei\\r\\nHallo\",\"standardImages\":[\"36\"],\"standardBodyText\":\"<p>Hallo<\\/p>\"}},\"31\":{\"modified\":\"1\",\"type\":\"imageWithText\",\"enabled\":\"1\",\"collapsed\":\"1\",\"level\":\"0\",\"fields\":{\"standardImages\":[\"36\"],\"standardBodyText\":\"<p>Lorem ipsum dolor sit amet, consectetur adipiscing elit. Vestibulum ultrices ullamcorper leo ac eleifend. Aliquam fringilla semper orci, sed dapibus risus pretium semper. Maecenas vulputate egestas nibh, at consequat justo ornare vel. Sed volutpat magna quis felis sollicitudin interdum. Suspendisse blandit sagittis elit, quis auctor lorem scelerisque a. Interdum et malesuada fames ac ante ipsum primis in faucibus. Cras eu quam vulputate, varius sapien a, convallis purus. Integer ultricies leo sit amet convallis euismod. Fusce ut quam aliquet, semper lectus quis, eleifend nisi.&nbsp;<\\/p>\\r\\n<p>Aenean quis dapibus odio. Sed vitae lorem id urna tempor maximus nec vitae arcu. Nulla commodo nisi nec purus accumsan, ut sagittis urna accumsan. Proin vehicula neque non diam hendrerit, at interdum nisi cursus. Phasellus finibus lacus eu sapien ultricies sagittis.<\\/p>\\r\\n<p>Mauris sed viverra massa. Cras dolor tortor, vulputate et justo at, tempus tincidunt dolor. Ut venenatis lectus mauris, quis scelerisque urna dapibus sed. Etiam elit justo, lacinia a justo eu, rhoncus fermentum ex. Aliquam rutrum orci nec sem luctus malesuada. Phasellus in mauris felis. Ut non eleifend lacus, congue pulvinar dolor. Sed egestas nisl mauris, id tempus elit ultricies at.<\\/p>\\r\\n<p>Maecenas rhoncus libero ipsum, at mattis ex faucibus in. Donec mattis, velit quis finibus pellentesque, ante quam malesuada felis, a tempor est purus non arcu. Fusce vitae purus metus. Cras velit est, fermentum eu elit nec, elementum porttitor mauris. Aliquam sed dignissim ex. In venenatis purus eget quam commodo consequat. Proin nec nunc eu odio sodales feugiat. Aliquam tempor eu odio imperdiet semper. Nam accumsan pellentesque sollicitudin.<br><\\/p>\",\"settingImagePosition\":\"left\"}},\"32\":{\"modified\":\"1\",\"type\":\"journal\",\"enabled\":\"1\",\"collapsed\":\"1\",\"level\":\"0\",\"fields\":{\"customChooseJournal\":\"\",\"settingTextOverImage\":\"\"}},\"33\":{\"modified\":\"1\",\"type\":\"textQuote\",\"enabled\":\"1\",\"collapsed\":\"1\",\"level\":\"0\",\"fields\":{\"standardImages\":[\"36\"],\"standardBodyText\":\"<p>Lorem Ipsum is simply dummy text of the printing and typesetting industry<\\/p>\",\"standardSubHeading\":\"Heidi Bjerkan\"}},\"34\":{\"modified\":\"1\",\"type\":\"journal\",\"enabled\":\"1\",\"collapsed\":\"1\",\"level\":\"0\",\"fields\":{\"customChooseJournal\":[\"35\"],\"settingImagePosition\":\"left\",\"settingTextOverImage\":\"\"}},\"38\":{\"modified\":\"1\",\"type\":\"image\",\"enabled\":\"1\",\"collapsed\":\"0\",\"level\":\"0\",\"fields\":{\"standardImages\":[\"36\"]}}}}}', '2017-09-21 09:09:44', '2017-09-21 09:09:44', '50e2851d-8cfa-4f1a-abf5-3431d546dc1c'),
 ('68', '7', '4', '1', 'en', '34', '', '{\"typeId\":\"4\",\"authorId\":\"1\",\"title\":\"Credo\",\"slug\":\"restaurant\",\"postDate\":1505469180,\"expiryDate\":null,\"enabled\":1,\"parentId\":\"\",\"fields\":{\"3\":\"\"}}', '2017-09-21 09:10:47', '2017-09-21 09:10:47', '8e8eca6d-909b-456e-a2e9-2fb2f5bc09f2'),
 ('69', '7', '4', '1', 'en', '35', '', '{\"typeId\":\"4\",\"authorId\":\"1\",\"title\":\"Credo\",\"slug\":\"restaurant\",\"postDate\":1505469180,\"expiryDate\":null,\"enabled\":1,\"parentId\":\"\",\"fields\":{\"3\":{\"new0\":{\"modified\":\"1\",\"type\":\"introLinks\",\"enabled\":\"1\",\"collapsed\":\"1\",\"level\":\"0\",\"fields\":{\"standardHeading\":\"Hva er du p\\u00e5 utkikk etter?\",\"customIntroLinks\":{\"new1\":{\"type\":\"link\",\"enabled\":\"1\",\"fields\":{\"navn\":\"Booke bord\",\"internLink\":\"\",\"externalLink\":\"http:\\/\\/\"}}}}},\"new1\":{\"modified\":\"1\",\"type\":\"journal\",\"enabled\":\"1\",\"collapsed\":\"0\",\"level\":\"0\",\"fields\":{\"customChooseJournal\":[\"41\"],\"settingImagePosition\":\"left\",\"settingTextOverImage\":\"\"}},\"new2\":{\"modified\":\"1\",\"type\":\"textQuote\",\"enabled\":\"1\",\"collapsed\":\"1\",\"level\":\"0\",\"fields\":{\"standardImages\":[\"36\"],\"standardBodyText\":\"<p>Hallois<\\/p>\",\"standardSubHeading\":\"\"}},\"new3\":{\"modified\":\"1\",\"type\":\"journal\",\"enabled\":\"1\",\"collapsed\":\"0\",\"level\":\"0\",\"fields\":{\"customChooseJournal\":[\"35\"],\"settingImagePosition\":\"right\",\"settingTextOverImage\":\"\"}}}}}', '2017-09-21 09:13:07', '2017-09-21 09:13:07', 'e2831579-ef81-4be0-85ed-313ae6a90bcd'),
 ('72', '7', '4', '1', 'en', '36', '', '{\"typeId\":\"4\",\"authorId\":\"1\",\"title\":\"Credo\",\"slug\":\"restaurant\",\"postDate\":1505469180,\"expiryDate\":null,\"enabled\":1,\"parentId\":\"\",\"fields\":{\"3\":\"\"}}', '2017-09-21 09:51:15', '2017-09-21 09:51:15', '3fc8bfcd-2e0f-4e51-9388-89d9c7329b9d'),
 ('73', '12', '4', '50', 'en', '2', '', '{\"typeId\":\"4\",\"authorId\":\"1\",\"title\":\"Om oss\",\"slug\":\"om-oss\",\"postDate\":1505469300,\"expiryDate\":null,\"enabled\":1,\"parentId\":\"8\",\"fields\":{\"3\":{\"new0\":{\"modified\":\"1\",\"type\":\"introBoxes\",\"enabled\":\"1\",\"collapsed\":\"0\",\"level\":\"0\",\"fields\":{\"standardImages\":\"\",\"standardHeading\":\"Jeg er overskrift\",\"standardBodyText\":\"<p>Lorem ipsum ditt og datt.<\\/p><p>Hva skjer n\\u00e5?<\\/p>\"}},\"new1\":{\"modified\":\"1\",\"type\":\"imageWithText\",\"enabled\":\"1\",\"collapsed\":\"0\",\"level\":\"0\",\"fields\":{\"standardImages\":[\"51\"],\"standardBodyText\":\"\",\"settingImagePosition\":\"left\"}}}}}', '2017-09-21 09:53:14', '2017-09-21 09:53:14', '55d0aee7-ce39-4d61-8fec-722fbb0b71e4'),
 ('74', '55', '3', '49', 'en', '1', '', '{\"typeId\":null,\"authorId\":\"49\",\"title\":\"Ramen p\\u00e5 Finnes torsdag 21. september\",\"slug\":\"ramen-pa-finnes-torsdag-21-september\",\"postDate\":1505988850,\"expiryDate\":null,\"enabled\":1,\"parentId\":null,\"fields\":{\"17\":[\"5\"],\"4\":[\"54\"],\"10\":\"<p>Finnes Kaf\\u00e9 is serving Ramen again on the 21st of September, and this time we\'ll make sure that we have enough noodles to serve everyone who visits us!&nbsp;<br><\\/p>\",\"3\":{\"new0\":{\"modified\":\"1\",\"type\":\"text\",\"enabled\":\"1\",\"collapsed\":\"0\",\"level\":\"0\",\"fields\":{\"standardHeading\":\"\",\"standardBodyText\":\"<p>Ramen will be served from 12PM - 8PM, and the price will be 150NOK. No reservation is needed and we are looking forward to welcome you all!<\\/p>\"}}},\"16\":\"\"}}', '2017-09-21 10:14:10', '2017-09-21 10:14:10', '246d5c5e-9289-4311-904c-776821f4f4e9'),
 ('77', '7', '4', '59', 'en', '37', '', '{\"typeId\":\"4\",\"authorId\":\"1\",\"title\":\"Credo\",\"slug\":\"restaurant\",\"postDate\":1505469180,\"expiryDate\":null,\"enabled\":1,\"parentId\":\"\",\"fields\":{\"3\":{\"new0\":{\"modified\":\"1\",\"type\":\"introLinks\",\"enabled\":\"1\",\"collapsed\":\"1\",\"level\":\"0\",\"fields\":{\"standardHeading\":\"Hva er du p\\u00e5 utkikk etter?\",\"customIntroLinks\":{\"new1\":{\"type\":\"link\",\"enabled\":\"1\",\"fields\":{\"navn\":\"Book bord\",\"internLink\":[\"55\"],\"externalLink\":\"\"}}}}},\"new2\":{\"modified\":\"1\",\"type\":\"journal\",\"enabled\":\"1\",\"collapsed\":\"1\",\"level\":\"0\",\"fields\":{\"customChooseJournal\":[\"55\"],\"settingImagePosition\":\"left\",\"settingTextOverImage\":\"\"}},\"new1\":{\"modified\":\"1\",\"type\":\"imageWithText\",\"enabled\":\"1\",\"collapsed\":\"1\",\"level\":\"0\",\"fields\":{\"standardImages\":[\"57\"],\"standardBodyText\":\"<p>Ramen p\\u00e5 s\\u00f8ndag<\\/p>\",\"settingImagePosition\":\"left\"}},\"new3\":{\"modified\":\"1\",\"type\":\"textQuote\",\"enabled\":\"1\",\"collapsed\":\"0\",\"level\":\"0\",\"fields\":{\"standardImages\":\"\",\"standardBodyText\":\"\",\"standardSubHeading\":\"\"}}}}}', '2017-09-21 11:48:20', '2017-09-21 11:48:20', 'f6f6bf30-a2fe-4393-9313-27d55e7e2828'),
 ('78', '7', '4', '59', 'en', '38', '', '{\"typeId\":\"4\",\"authorId\":\"1\",\"title\":\"Credo\",\"slug\":\"restaurant\",\"postDate\":1505469180,\"expiryDate\":null,\"enabled\":1,\"parentId\":\"\",\"fields\":{\"3\":{\"60\":{\"modified\":\"1\",\"type\":\"introLinks\",\"enabled\":\"1\",\"collapsed\":\"1\",\"level\":\"0\",\"fields\":{\"standardHeading\":\"Hva er du p\\u00e5 utkikk etter?\",\"customIntroLinks\":{\"61\":{\"type\":\"link\",\"enabled\":\"1\",\"fields\":{\"navn\":\"Book bord\",\"internLink\":[\"55\"],\"externalLink\":\"\"}}}}},\"62\":{\"modified\":\"1\",\"type\":\"journal\",\"enabled\":\"1\",\"collapsed\":\"1\",\"level\":\"0\",\"fields\":{\"customChooseJournal\":[\"55\"],\"settingImagePosition\":\"left\",\"settingTextOverImage\":\"\"}},\"63\":{\"modified\":\"1\",\"type\":\"imageWithText\",\"enabled\":\"1\",\"collapsed\":\"1\",\"level\":\"0\",\"fields\":{\"standardImages\":[\"57\"],\"standardBodyText\":\"<p>Ramen p\\u00e5 s\\u00f8ndag<\\/p>\",\"settingImagePosition\":\"left\"}},\"64\":{\"modified\":\"1\",\"type\":\"textQuote\",\"enabled\":\"1\",\"collapsed\":\"0\",\"level\":\"0\",\"fields\":{\"standardImages\":[\"65\"],\"standardBodyText\":\"\",\"standardSubHeading\":\"\"}}}}}', '2017-09-21 11:49:22', '2017-09-21 11:49:22', '5ef1aec2-908a-4903-89cc-e9d9f3347dee'),
 ('79', '17', '4', '59', 'en', '2', '', '{\"typeId\":\"4\",\"authorId\":\"1\",\"title\":\"Pils\",\"slug\":\"kontakt\",\"postDate\":1505469360,\"expiryDate\":null,\"enabled\":1,\"parentId\":\"7\",\"fields\":{\"3\":\"\"}}', '2017-09-21 11:53:12', '2017-09-21 11:53:12', 'c900f650-5636-456c-8bc4-772cea57fae1'),
 ('80', '17', '4', '59', 'en', '3', '', '{\"typeId\":\"4\",\"authorId\":\"1\",\"title\":\"Kontakt\",\"slug\":\"kontakt\",\"postDate\":1505469360,\"expiryDate\":null,\"enabled\":1,\"parentId\":\"7\",\"fields\":{\"3\":\"\"}}', '2017-09-21 11:53:20', '2017-09-21 11:53:20', 'fe0f211d-ab3f-4487-8c6a-701cb7ae28c6'),
 ('81', '15', '4', '59', 'en', '4', '', '{\"typeId\":\"5\",\"authorId\":\"1\",\"title\":\"Stories\",\"slug\":\"journal\",\"postDate\":1505469300,\"expiryDate\":null,\"enabled\":1,\"parentId\":\"7\",\"fields\":{\"17\":[\"4\"]}}', '2017-09-23 18:03:31', '2017-09-23 18:03:31', 'a697675d-fbf3-47b6-9180-53cc7e0c98f1'),
 ('82', '11', '4', '59', 'en', '3', '', '{\"typeId\":\"5\",\"authorId\":\"1\",\"title\":\"Stories\",\"slug\":\"journal\",\"postDate\":1505469300,\"expiryDate\":null,\"enabled\":1,\"parentId\":\"8\",\"fields\":{\"17\":[\"5\"]}}', '2017-09-23 18:03:41', '2017-09-23 18:03:41', '3e690f35-c709-4d67-8c84-608d23ed5d40'),
 ('83', '15', '4', '59', 'en', '5', '', '{\"typeId\":\"5\",\"authorId\":\"1\",\"title\":\"Historier\",\"slug\":\"journal\",\"postDate\":1505469300,\"expiryDate\":null,\"enabled\":1,\"parentId\":\"7\",\"fields\":{\"17\":[\"4\"]}}', '2017-09-23 18:04:00', '2017-09-23 18:04:00', 'df7f7a01-5a52-4ad8-a582-a9c765bbfc26'),
 ('84', '11', '4', '59', 'en', '4', '', '{\"typeId\":\"5\",\"authorId\":\"1\",\"title\":\"Historier\",\"slug\":\"journal\",\"postDate\":1505469300,\"expiryDate\":null,\"enabled\":1,\"parentId\":\"8\",\"fields\":{\"17\":[\"5\"]}}', '2017-09-23 18:04:12', '2017-09-23 18:04:12', '149bb0d4-4cb5-442c-b4da-d4e2151086de'),
 ('85', '19', '4', '59', 'en', '3', '', '{\"typeId\":\"5\",\"authorId\":\"1\",\"title\":\"Historier\",\"slug\":\"journal\",\"postDate\":1505469360,\"expiryDate\":null,\"enabled\":1,\"parentId\":\"9\",\"fields\":{\"17\":[\"6\"]}}', '2017-09-23 18:04:25', '2017-09-23 18:04:25', '1aaecd12-f569-4258-89a6-c99642828c60'),
 ('86', '18', '4', '59', 'en', '2', '', '{\"typeId\":\"4\",\"authorId\":\"1\",\"title\":\"Omtale\",\"slug\":\"presse\",\"postDate\":1505469360,\"expiryDate\":null,\"enabled\":1,\"parentId\":\"7\",\"fields\":{\"3\":\"\"}}', '2017-09-23 18:27:40', '2017-09-23 18:27:40', '5bde724b-5693-4b00-ba36-e01651c2fcbd'),
 ('87', '14', '4', '59', 'en', '2', '', '{\"typeId\":\"4\",\"authorId\":\"1\",\"title\":\"Omtale\",\"slug\":\"presse\",\"postDate\":1505469300,\"expiryDate\":null,\"enabled\":1,\"parentId\":\"8\",\"fields\":{\"3\":\"\"}}', '2017-09-23 18:27:51', '2017-09-23 18:27:51', '4759154c-5e1d-4ada-9819-fd18067e66ae'),
 ('88', '21', '4', '59', 'en', '3', '', '{\"typeId\":\"4\",\"authorId\":\"1\",\"title\":\"Omtale\",\"slug\":\"prsse\",\"postDate\":1505469360,\"expiryDate\":null,\"enabled\":1,\"parentId\":\"9\",\"fields\":{\"3\":\"\"}}', '2017-09-23 18:28:08', '2017-09-23 18:28:08', 'd1909a2e-d52d-43a8-bcfa-6eb06e1add73'),
 ('90', '68', '4', '59', 'en', '1', '', '{\"typeId\":\"4\",\"authorId\":\"59\",\"title\":\"Meny\",\"slug\":\"meny\",\"postDate\":1506191350,\"expiryDate\":null,\"enabled\":1,\"parentId\":\"9\",\"fields\":{\"3\":\"\"}}', '2017-09-23 18:29:10', '2017-09-23 18:29:10', 'f679f4e3-3285-4ff4-9ae2-dfbc46007429'),
 ('91', '17', '4', '59', 'en', '4', '', '{\"typeId\":\"4\",\"authorId\":\"1\",\"title\":\"Karriere\",\"slug\":\"kontakt\",\"postDate\":1505469360,\"expiryDate\":null,\"enabled\":1,\"parentId\":\"7\",\"fields\":{\"3\":\"\"}}', '2017-09-23 18:44:32', '2017-09-23 18:44:32', 'd9322b3f-23d3-474a-b9e2-143aeb196799'),
 ('92', '13', '4', '59', 'en', '2', '', '{\"typeId\":\"4\",\"authorId\":\"1\",\"title\":\"Karriere\",\"slug\":\"kontakt\",\"postDate\":1505469300,\"expiryDate\":null,\"enabled\":1,\"parentId\":\"8\",\"fields\":{\"3\":\"\"}}', '2017-09-23 18:44:52', '2017-09-23 18:44:52', '53922b0d-1a38-4246-8208-1186c56ea2aa'),
 ('93', '22', '4', '59', 'en', '2', '', '{\"typeId\":\"4\",\"authorId\":\"1\",\"title\":\"Karriere\",\"slug\":\"kontakt\",\"postDate\":1505469360,\"expiryDate\":null,\"enabled\":1,\"parentId\":\"9\",\"fields\":{\"3\":\"\"}}', '2017-09-23 18:45:03', '2017-09-23 18:45:03', 'a0c8f475-26a8-4751-b759-51354f7b4bf9'),
 ('94', '69', '4', '59', 'en', '1', '', '{\"typeId\":\"4\",\"authorId\":\"59\",\"title\":\"Meny\",\"slug\":\"meny\",\"postDate\":1506234246,\"expiryDate\":null,\"enabled\":1,\"parentId\":\"7\",\"fields\":{\"3\":\"\"}}', '2017-09-24 06:24:06', '2017-09-24 06:24:06', 'e24a8820-15fe-49bc-b292-aafb9d660571'),
 ('95', '69', '4', '59', 'en', '2', '', '{\"typeId\":\"4\",\"authorId\":\"59\",\"title\":\"Meny\",\"slug\":\"meny\",\"postDate\":1506234240,\"expiryDate\":null,\"enabled\":1,\"parentId\":\"7\",\"fields\":{\"3\":{\"new1\":{\"modified\":\"1\",\"type\":\"text\",\"enabled\":\"1\",\"collapsed\":\"0\",\"level\":\"0\",\"fields\":{\"standardHeading\":\"MENY\",\"standardBodyText\":\"<p><br><\\/p>\\r\\n<p>P\\u00e5 Credo \\u00f8nsker vi \\u00e5 ta deg gjennom flerfoldige smaker, teksturer og f\\u00f8lelser. Vi \\u00f8nsker \\u00e5 vise deg det beste fra g\\u00e5rdene v\\u00e5re, fra dyrene deres, fra jorda og fra havet. Vi bruker tid p\\u00e5 \\u00e5 finne r\\u00e5varer som best viser egenskapene til tiden vi er i, og til stedet vi er p\\u00e5. Menyen er satt og hver dag er den basert p\\u00e5 det mest interessante og beste vi f\\u00e5r levert.&nbsp;<\\/p>\\r\\n<p>Vi setter ogs\\u00e5 sammen en drikkemeny som p\\u00e5 beste mulige m\\u00e5te komplementerer og l\\u00f8fter frem hver enkelt rett. Har du spesielle \\u00f8nsker kan du gjerne bestille fra v\\u00e5r rikholdige vinkjeller best\\u00e5ende av flere tusen viner.<br><\\/p>\"}}}}}', '2017-09-24 06:28:09', '2017-09-24 06:28:09', '963fc250-082a-4748-98ba-72325d395419'),
 ('96', '17', '4', '59', 'en', '5', '', '{\"typeId\":\"4\",\"authorId\":\"1\",\"title\":\"Karriere\",\"slug\":\"kontakt\",\"postDate\":1505469360,\"expiryDate\":null,\"enabled\":1,\"parentId\":\"7\",\"fields\":{\"3\":{\"new0\":{\"modified\":\"1\",\"type\":\"image\",\"enabled\":\"1\",\"collapsed\":\"0\",\"level\":\"0\",\"fields\":{\"standardImages\":[\"71\"]}},\"new1\":{\"modified\":\"1\",\"type\":\"text\",\"enabled\":\"1\",\"collapsed\":\"0\",\"level\":\"0\",\"fields\":{\"standardHeading\":\"KARRIERE\",\"standardBodyText\":\"<p><br><\\/p>\\r\\n<p>Vi er alltid p\\u00e5 utkikk etter nye, engasjerte ansatte som \\u00f8nsker \\u00e5 bli en del av Credo-familien.<\\/p>\\r\\n<p>Hvis du \\u00f8nsker \\u00e5 s\\u00f8ke om en stilling eller har noen sp\\u00f8rsm\\u00e5l, ta kontakt med administrasjonskoordinator: career@restaurantcredo.no<\\/p>\\r\\n<p><br><\\/p>\\r\\n<p><\\/p>\\r\\n<p><\\/p>\"}}}}}', '2017-09-24 06:53:16', '2017-09-24 06:53:16', '49705918-2b88-424a-865e-7962ff54b763'),
 ('97', '17', '4', '59', 'en', '6', '', '{\"typeId\":\"4\",\"authorId\":\"1\",\"title\":\"Karriere\",\"slug\":\"kontakt\",\"postDate\":1505469360,\"expiryDate\":null,\"enabled\":1,\"parentId\":\"7\",\"fields\":{\"3\":{\"new0\":{\"modified\":\"1\",\"type\":\"imageFullWidth\",\"enabled\":\"1\",\"collapsed\":\"0\",\"level\":\"0\",\"fields\":{\"standardHeading\":\"\",\"standardImages\":[\"71\"],\"standardBodyText\":\"\"}},\"73\":{\"modified\":\"1\",\"type\":\"text\",\"enabled\":\"1\",\"collapsed\":\"0\",\"level\":\"0\",\"fields\":{\"standardHeading\":\"KARRIERE\",\"standardBodyText\":\"<p>Vi er alltid p\\u00e5 utkikk etter nye, engasjerte ansatte som \\u00f8nsker \\u00e5 bli en del av Credo-familien.<br><\\/p>\\r\\n<p>Hvis du \\u00f8nsker \\u00e5 s\\u00f8ke om en stilling eller har noen sp\\u00f8rsm\\u00e5l, ta kontakt med administrasjonskoordinator: career@restaurantcredo.no<\\/p>\\r\\n<p><br><\\/p>\"}}}}}', '2017-09-24 07:02:20', '2017-09-24 07:02:20', 'dbf85582-e161-45b7-a125-0850093f4c5b'),
 ('98', '16', '4', '59', 'en', '2', '', '{\"typeId\":\"4\",\"authorId\":\"1\",\"title\":\"Om oss\",\"slug\":\"om-oss\",\"postDate\":1505469360,\"expiryDate\":null,\"enabled\":1,\"parentId\":\"7\",\"fields\":{\"3\":{\"new0\":{\"modified\":\"1\",\"type\":\"text\",\"enabled\":\"1\",\"collapsed\":\"0\",\"level\":\"0\",\"fields\":{\"standardHeading\":\"\",\"standardBodyText\":\"<p>( Credo restaurant gjen\\u00e5pner februar 2018 p\\u00e5 Lilleby. )<\\/p>\\r\\n<p>Credos hjerte ligger der r\\u00e5varene produseres. P\\u00e5 Credo skal du f\\u00e5 mat laget p\\u00e5 r\\u00e5varer dyrket i regionen, fisket i havet utenfor, og meieriprodukter kultivert p\\u00e5 m\\u00e5ter der smak og b\\u00e6rekraft er viktige elementer <\\/p>\\r\\n<p>P\\u00e5 Credo bygger vi menyen etter sesongene, etter v\\u00e6ret, etter hum\\u00f8ret og etter hva som m\\u00e5 brukes.<\\/p>\\r\\n<p>Credo restaurant har visjoner om null svinn, om et regenerativt landbruk, om en rikere matjord. <\\/p>\\r\\n<p>Det f\\u00e5r vi til med et tett samspill mellom alle akt\\u00f8rene, og restauranten skal v\\u00e6re et nav, en m\\u00f8teplass for utvikling av ideer og l\\u00f8sninger, til oss som restaurant, men ogs\\u00e5 til produsenter, fiskere og til bryggere. <\\/p>\\r\\n<p>Menyen p\\u00e5 Credo skal gjenspeile tiden og stedet vi er n\\u00e5r den serveres, gjennom ferske og behandlede r\\u00e5varer. <\\/p>\\r\\n\"}}}}}', '2017-12-11 08:12:58', '2017-12-11 08:12:58', '88fecd89-96e9-4550-a932-6e85578c4633'),
 ('99', '69', '4', '59', 'en', '3', '', '{\"typeId\":\"4\",\"authorId\":\"59\",\"title\":\"Meny\",\"slug\":\"meny\",\"postDate\":1506234240,\"expiryDate\":null,\"enabled\":1,\"parentId\":\"7\",\"fields\":{\"3\":{\"70\":{\"modified\":\"1\",\"type\":\"text\",\"enabled\":\"1\",\"collapsed\":\"0\",\"level\":\"0\",\"fields\":{\"standardHeading\":\"MENY\",\"standardBodyText\":\"<p>P\\u00e5 Credo \\u00f8nsker vi \\u00e5 ta deg gjennom flerfoldige smaker, teksturer og f\\u00f8lelser. Vi \\u00f8nsker \\u00e5 vise deg det beste fra g\\u00e5rdene v\\u00e5re, fra dyrene deres, fra jorda og fra havet. Vi bruker tid p\\u00e5 \\u00e5 finne r\\u00e5varer som best viser egenskapene til tiden vi er i, og til stedet vi er p\\u00e5. Menyen er satt og hver dag er den basert p\\u00e5 det mest interessante og beste vi f\\u00e5r levert.&nbsp;<br><\\/p>\\r\\n<p>Vi setter ogs\\u00e5 sammen en drikkemeny som p\\u00e5 beste mulige m\\u00e5te komplementerer og l\\u00f8fter frem hver enkelt rett. Har du spesielle \\u00f8nsker kan du gjerne bestille fra v\\u00e5r rikholdige vinkjeller best\\u00e5ende av flere tusen viner.<br><\\/p><p>- Credo meny 1050,- &nbsp;med vinpakke 2100,-<br>- Liten Credo meny 830,- med vinpakke 1660,-<br>Vi tilrettelegger menyer innenfor statens regulativ.<\\/p>\\r\\n<p><br><\\/p>\"}}}}}', '2017-12-11 08:15:58', '2017-12-11 08:15:58', 'cbc39583-9f41-407f-a231-a528f6ae9e94'),
 ('100', '69', '4', '59', 'en', '4', '', '{\"typeId\":\"4\",\"authorId\":\"59\",\"title\":\"Meny\",\"slug\":\"meny\",\"postDate\":1506234240,\"expiryDate\":null,\"enabled\":1,\"parentId\":\"7\",\"fields\":{\"3\":{\"70\":{\"modified\":\"1\",\"type\":\"text\",\"enabled\":\"1\",\"collapsed\":\"0\",\"level\":\"0\",\"fields\":{\"standardHeading\":\"\",\"standardBodyText\":\"<p>P\\u00e5 Credo \\u00f8nsker vi \\u00e5 ta deg gjennom flerfoldige smaker, teksturer og f\\u00f8lelser. Vi \\u00f8nsker \\u00e5 vise deg det beste fra g\\u00e5rdene v\\u00e5re, fra dyrene deres, fra jorda og fra havet. Vi bruker tid p\\u00e5 \\u00e5 finne r\\u00e5varer som best viser egenskapene til tiden vi er i, og til stedet vi er p\\u00e5. Menyen er satt og hver dag er den basert p\\u00e5 det mest interessante og beste vi f\\u00e5r levert.&nbsp;<br><\\/p>\\r\\n<p>Vi setter ogs\\u00e5 sammen en drikkemeny som p\\u00e5 beste mulige m\\u00e5te komplementerer og l\\u00f8fter frem hver enkelt rett. Har du spesielle \\u00f8nsker kan du gjerne bestille fra v\\u00e5r rikholdige vinkjeller best\\u00e5ende av flere tusen viner.<br><\\/p>\\r\\n<p>- Credo meny 1050,- &nbsp;med vinpakke 2100,-<br>- Liten Credo meny 830,- med vinpakke 1660,-<br>Vi tilrettelegger menyer innenfor statens regulativ.<\\/p>\\r\\n<p><br><\\/p>\"}}}}}', '2017-12-11 08:16:48', '2017-12-11 08:16:48', 'dcc8eb58-9651-417b-9eea-de0082908f24'),
 ('101', '69', '4', '59', 'en', '5', '', '{\"typeId\":\"4\",\"authorId\":\"59\",\"title\":\"Meny\",\"slug\":\"meny\",\"postDate\":1506234240,\"expiryDate\":null,\"enabled\":1,\"parentId\":\"7\",\"fields\":{\"3\":{\"70\":{\"modified\":\"1\",\"type\":\"text\",\"enabled\":\"1\",\"collapsed\":\"0\",\"level\":\"0\",\"fields\":{\"standardHeading\":\"\",\"standardBodyText\":\"<p>P\\u00e5 Credo \\u00f8nsker vi \\u00e5 ta deg gjennom flerfoldige smaker, teksturer og f\\u00f8lelser. Vi \\u00f8nsker \\u00e5 vise deg det beste fra g\\u00e5rdene v\\u00e5re, fra dyrene deres, fra jorda og fra havet. Vi bruker tid p\\u00e5 \\u00e5 finne r\\u00e5varer som best viser egenskapene til tiden vi er i, og til stedet vi er p\\u00e5. Menyen er satt og hver dag er den basert p\\u00e5 det mest interessante og beste vi f\\u00e5r levert.&nbsp;<br><\\/p>\\r\\n<p>Vi setter ogs\\u00e5 sammen en drikkemeny som p\\u00e5 beste mulige m\\u00e5te komplementerer og l\\u00f8fter frem hver enkelt rett. Har du spesielle \\u00f8nsker kan du gjerne bestille fra v\\u00e5r rikholdige vinkjeller best\\u00e5ende av flere tusen viner.<br><\\/p>\\r\\n<p>- Credo meny 1050,- &nbsp;med vinpakke 2100,-<br>- Liten Credo meny 830,- med vinpakke 1660,-<br>Vi tilrettelegger menyer innenfor statens regulativ.<\\/p>\\r\\n<p><br><\\/p>\"}}}}}', '2017-12-11 08:32:28', '2017-12-11 08:32:28', 'aac0d33d-ee6f-4992-be04-b57ac164e697'),
 ('102', '17', '4', '59', 'en', '7', '', '{\"typeId\":\"4\",\"authorId\":\"1\",\"title\":\"Karriere\",\"slug\":\"kontakt\",\"postDate\":1505469360,\"expiryDate\":null,\"enabled\":1,\"parentId\":\"7\",\"fields\":{\"3\":{\"74\":{\"modified\":\"1\",\"type\":\"imageFullWidth\",\"enabled\":\"1\",\"collapsed\":\"0\",\"level\":\"0\",\"fields\":{\"standardHeading\":\"\",\"standardImages\":[\"71\"],\"standardBodyText\":\"<p>Vi er alltid p\\u00e5 utkikk etter nye, engasjerte ansatte som \\u00f8nsker \\u00e5 bli en del av Credo-familien.<\\/p>\\r\\n<p>Hvis du \\u00f8nsker \\u00e5 s\\u00f8ke en stilling eller har noen sp\\u00f8rsm\\u00e5l, ta kontakt med administrasjonskoordinator: career@restaurantcredo.no<\\/p>\\r\\n\"}},\"73\":{\"modified\":\"1\",\"type\":\"text\",\"enabled\":\"1\",\"collapsed\":\"0\",\"level\":\"0\",\"fields\":{\"standardHeading\":\"\",\"standardBodyText\":\"\"}}}}}', '2017-12-11 08:33:12', '2017-12-11 08:33:12', 'c2d9f2d3-af5e-4603-800c-a6bebbc3642c'),
 ('103', '17', '4', '59', 'en', '8', '', '{\"typeId\":\"4\",\"authorId\":\"1\",\"title\":\"Karriere\",\"slug\":\"kontakt\",\"postDate\":1505469360,\"expiryDate\":null,\"enabled\":1,\"parentId\":\"7\",\"fields\":{\"3\":{\"74\":{\"modified\":\"1\",\"type\":\"imageFullWidth\",\"enabled\":\"1\",\"collapsed\":\"0\",\"level\":\"0\",\"fields\":{\"standardHeading\":\"\",\"standardImages\":[\"71\"],\"standardBodyText\":\"\"}},\"73\":{\"modified\":\"1\",\"type\":\"text\",\"enabled\":\"1\",\"collapsed\":\"0\",\"level\":\"0\",\"fields\":{\"standardHeading\":\"\",\"standardBodyText\":\"<p>Vi er alltid p\\u00e5 utkikk etter nye, engasjerte ansatte som \\u00f8nsker \\u00e5 bli en del av Credo-familien.<\\/p>\\r\\n<p>Hvis du \\u00f8nsker \\u00e5 s\\u00f8ke en stilling eller har noen sp\\u00f8rsm\\u00e5l, ta kontakt med administrasjonskoordinator: career@restaurantcredo.no<\\/p>\"}}}}}', '2017-12-11 08:35:23', '2017-12-11 08:35:23', '58412aa7-8b4e-4b8d-b028-73a958ceaecc'),
 ('104', '15', '4', '59', 'en', '6', '', '{\"typeId\":\"5\",\"authorId\":\"1\",\"title\":\"Historier\",\"slug\":\"journal\",\"postDate\":1505469300,\"expiryDate\":null,\"enabled\":1,\"parentId\":\"7\",\"fields\":{\"17\":[\"4\"]}}', '2017-12-11 12:22:08', '2017-12-11 12:22:08', '5be74b30-b3e6-4e69-b278-826e90bc93ce'),
 ('105', '7', '4', '49', 'en', '39', '', '{\"typeId\":\"4\",\"authorId\":\"1\",\"title\":\"Credo\",\"slug\":\"restaurant\",\"postDate\":1505469180,\"expiryDate\":null,\"enabled\":1,\"parentId\":\"\",\"fields\":{\"3\":{\"60\":{\"modified\":\"1\",\"type\":\"introLinks\",\"enabled\":\"1\",\"collapsed\":\"0\",\"level\":\"0\",\"fields\":{\"standardHeading\":\"Hva er du p\\u00e5 utkikk etter?\",\"customIntroLinks\":{\"61\":{\"type\":\"link\",\"enabled\":\"1\",\"fields\":{\"navn\":\"Book bord\",\"internLink\":[\"55\"],\"externalLink\":\"\"}},\"new1\":{\"type\":\"link\",\"enabled\":\"1\",\"fields\":{\"navn\":\"Lese journal\",\"internLink\":\"\",\"externalLink\":\"\"}},\"new2\":{\"type\":\"link\",\"enabled\":\"1\",\"fields\":{\"navn\":\"L\\u00e6re om v\\u00e5r filosofi\",\"internLink\":[\"16\"],\"externalLink\":\"\"}}}}},\"62\":{\"modified\":\"1\",\"type\":\"journal\",\"enabled\":\"1\",\"collapsed\":\"1\",\"level\":\"0\",\"fields\":{\"customChooseJournal\":[\"55\"],\"settingImagePosition\":\"left\",\"settingTextOverImage\":\"\"}},\"63\":{\"modified\":\"1\",\"type\":\"imageWithText\",\"enabled\":\"1\",\"collapsed\":\"1\",\"level\":\"0\",\"fields\":{\"standardImages\":[\"57\"],\"standardBodyText\":\"<p>Ramen p\\u00e5 s\\u00f8ndag<\\/p>\",\"settingImagePosition\":\"left\"}},\"64\":{\"modified\":\"1\",\"type\":\"textQuote\",\"enabled\":\"1\",\"collapsed\":\"0\",\"level\":\"0\",\"fields\":{\"standardImages\":[\"65\"],\"standardBodyText\":\"\",\"standardSubHeading\":\"\"}}}}}', '2017-12-15 10:25:25', '2017-12-15 10:25:25', 'dbf49356-1b5f-433c-83a4-40efa818800a'),
 ('106', '7', '4', '49', 'en', '40', '', '{\"typeId\":\"4\",\"authorId\":\"1\",\"title\":\"Credo\",\"slug\":\"restaurant\",\"postDate\":1505469180,\"expiryDate\":null,\"enabled\":1,\"parentId\":\"\",\"fields\":{\"3\":{\"60\":{\"modified\":\"1\",\"type\":\"introLinks\",\"enabled\":\"1\",\"collapsed\":\"1\",\"level\":\"0\",\"fields\":{\"standardHeading\":\"Hva er du p\\u00e5 utkikk etter?\",\"customIntroLinks\":{\"61\":{\"type\":\"link\",\"enabled\":\"1\",\"fields\":{\"navn\":\"Book bord\",\"internLink\":[\"55\"],\"externalLink\":\"\"}},\"76\":{\"type\":\"link\",\"enabled\":\"1\",\"fields\":{\"navn\":\"Lese journal\",\"internLink\":\"\",\"externalLink\":\"\"}},\"77\":{\"type\":\"link\",\"enabled\":\"1\",\"fields\":{\"navn\":\"L\\u00e6re om v\\u00e5r filosofi\",\"internLink\":[\"16\"],\"externalLink\":\"\"}}}}},\"new0\":{\"modified\":\"1\",\"type\":\"introBoxes\",\"enabled\":\"1\",\"collapsed\":\"0\",\"level\":\"0\",\"fields\":{\"standardImages\":[\"78\",\"79\"],\"standardHeading\":\"Vi flytter til Lilleby\",\"standardBodyText\":\"<p>I februar \\u00e5pner vi d\\u00f8rene igjen. Book deg bord idag.<\\/p>\"}},\"63\":{\"modified\":\"1\",\"type\":\"imageWithText\",\"enabled\":\"1\",\"collapsed\":\"1\",\"level\":\"0\",\"fields\":{\"standardImages\":[\"57\"],\"standardBodyText\":\"<p>Ramen p\\u00e5 s\\u00f8ndag<\\/p>\",\"settingImagePosition\":\"left\"}},\"62\":{\"modified\":\"1\",\"type\":\"journal\",\"enabled\":\"1\",\"collapsed\":\"1\",\"level\":\"0\",\"fields\":{\"customChooseJournal\":[\"55\"],\"settingImagePosition\":\"left\",\"settingTextOverImage\":\"\"}},\"64\":{\"modified\":\"1\",\"type\":\"textQuote\",\"enabled\":\"1\",\"collapsed\":\"0\",\"level\":\"0\",\"fields\":{\"standardImages\":[\"65\"],\"standardBodyText\":\"\",\"standardSubHeading\":\"\"}}}}}', '2017-12-15 11:38:07', '2017-12-15 11:38:07', '6721e89d-4efc-42b3-a5eb-748fde2c4026'),
 ('107', '7', '4', '49', 'en', '41', '', '{\"typeId\":\"4\",\"authorId\":\"1\",\"title\":\"Credo\",\"slug\":\"restaurant\",\"postDate\":1505469180,\"expiryDate\":null,\"enabled\":1,\"parentId\":\"\",\"fields\":{\"3\":{\"60\":{\"modified\":\"1\",\"type\":\"introLinks\",\"enabled\":\"1\",\"collapsed\":\"1\",\"level\":\"0\",\"fields\":{\"standardHeading\":\"Hva er du p\\u00e5 utkikk etter?\",\"customIntroLinks\":{\"61\":{\"type\":\"link\",\"enabled\":\"1\",\"fields\":{\"navn\":\"Book bord\",\"internLink\":[\"55\"],\"externalLink\":\"\"}},\"76\":{\"type\":\"link\",\"enabled\":\"1\",\"fields\":{\"navn\":\"Lese journal\",\"internLink\":\"\",\"externalLink\":\"\"}},\"77\":{\"type\":\"link\",\"enabled\":\"1\",\"fields\":{\"navn\":\"L\\u00e6re om v\\u00e5r filosofi\",\"internLink\":[\"16\"],\"externalLink\":\"\"}}}}},\"80\":{\"modified\":\"1\",\"type\":\"introBoxes\",\"enabled\":\"1\",\"collapsed\":\"0\",\"level\":\"0\",\"fields\":{\"standardImages\":[\"78\",\"79\"],\"standardHeading\":\"Vi flytter til Lilleby\",\"standardBodyText\":\"<p>I februar \\u00e5pner vi d\\u00f8rene igjen. Book deg bord idag.<\\/p>\"}},\"63\":{\"modified\":\"1\",\"type\":\"imageWithText\",\"enabled\":\"1\",\"collapsed\":\"1\",\"level\":\"0\",\"fields\":{\"standardImages\":[\"57\"],\"standardBodyText\":\"<p>Ramen p\\u00e5 s\\u00f8ndag<\\/p>\",\"settingImagePosition\":\"left\"}},\"62\":{\"modified\":\"1\",\"type\":\"journal\",\"enabled\":\"1\",\"collapsed\":\"1\",\"level\":\"0\",\"fields\":{\"customChooseJournal\":[\"55\"],\"settingImagePosition\":\"left\",\"settingTextOverImage\":\"\"}},\"64\":{\"modified\":\"1\",\"type\":\"textQuote\",\"enabled\":\"1\",\"collapsed\":\"0\",\"level\":\"0\",\"fields\":{\"standardImages\":[\"65\"],\"standardBodyText\":\"\",\"standardSubHeading\":\"\"}}}}}', '2017-12-15 11:38:44', '2017-12-15 11:38:44', '06b456fc-b7a0-4d74-bc85-48a563f09199'),
 ('108', '7', '4', '49', 'en', '42', '', '{\"typeId\":\"4\",\"authorId\":\"1\",\"title\":\"Credo\",\"slug\":\"restaurant\",\"postDate\":1505469180,\"expiryDate\":null,\"enabled\":1,\"parentId\":\"\",\"fields\":{\"3\":{\"60\":{\"modified\":\"1\",\"type\":\"introLinks\",\"enabled\":\"1\",\"collapsed\":\"1\",\"level\":\"0\",\"fields\":{\"standardHeading\":\"Hva er du p\\u00e5 utkikk etter?\",\"customIntroLinks\":{\"61\":{\"type\":\"link\",\"enabled\":\"1\",\"fields\":{\"navn\":\"Book bord\",\"internLink\":[\"55\"],\"externalLink\":\"\"}},\"76\":{\"type\":\"link\",\"enabled\":\"1\",\"fields\":{\"navn\":\"Lese journal\",\"internLink\":\"\",\"externalLink\":\"\"}},\"77\":{\"type\":\"link\",\"enabled\":\"1\",\"fields\":{\"navn\":\"L\\u00e6re om v\\u00e5r filosofi\",\"internLink\":[\"16\"],\"externalLink\":\"\"}}}}},\"80\":{\"modified\":\"1\",\"type\":\"introBoxes\",\"enabled\":\"1\",\"collapsed\":\"0\",\"level\":\"0\",\"fields\":{\"standardImages\":[\"81\",\"78\"],\"standardHeading\":\"Vi flytter til Lilleby\",\"standardBodyText\":\"<p>I februar \\u00e5pner vi d\\u00f8rene igjen. Book deg bord idag.<\\/p>\"}},\"63\":{\"modified\":\"1\",\"type\":\"imageWithText\",\"enabled\":\"1\",\"collapsed\":\"1\",\"level\":\"0\",\"fields\":{\"standardImages\":[\"57\"],\"standardBodyText\":\"<p>Ramen p\\u00e5 s\\u00f8ndag<\\/p>\",\"settingImagePosition\":\"left\"}},\"62\":{\"modified\":\"1\",\"type\":\"journal\",\"enabled\":\"1\",\"collapsed\":\"1\",\"level\":\"0\",\"fields\":{\"customChooseJournal\":[\"55\"],\"settingImagePosition\":\"left\",\"settingTextOverImage\":\"\"}},\"64\":{\"modified\":\"1\",\"type\":\"textQuote\",\"enabled\":\"1\",\"collapsed\":\"0\",\"level\":\"0\",\"fields\":{\"standardImages\":[\"65\"],\"standardBodyText\":\"\",\"standardSubHeading\":\"\"}}}}}', '2017-12-15 11:43:54', '2017-12-15 11:43:54', '29db96ba-9f91-4f73-b287-4eae7fff4a25'),
 ('109', '7', '4', '49', 'en', '43', '', '{\"typeId\":\"4\",\"authorId\":\"1\",\"title\":\"Credo\",\"slug\":\"restaurant\",\"postDate\":1505469180,\"expiryDate\":null,\"enabled\":1,\"parentId\":\"\",\"fields\":{\"3\":{\"60\":{\"modified\":\"1\",\"type\":\"introLinks\",\"enabled\":\"1\",\"collapsed\":\"1\",\"level\":\"0\",\"fields\":{\"standardHeading\":\"Hva er du p\\u00e5 utkikk etter?\",\"customIntroLinks\":{\"61\":{\"type\":\"link\",\"enabled\":\"1\",\"fields\":{\"navn\":\"Book bord\",\"internLink\":[\"55\"],\"externalLink\":\"\"}},\"76\":{\"type\":\"link\",\"enabled\":\"1\",\"fields\":{\"navn\":\"Lese journal\",\"internLink\":\"\",\"externalLink\":\"\"}},\"77\":{\"type\":\"link\",\"enabled\":\"1\",\"fields\":{\"navn\":\"L\\u00e6re om v\\u00e5r filosofi\",\"internLink\":[\"16\"],\"externalLink\":\"\"}}}}},\"80\":{\"modified\":\"1\",\"type\":\"introBoxes\",\"enabled\":\"1\",\"collapsed\":\"0\",\"level\":\"0\",\"fields\":{\"standardImages\":[\"82\",\"78\"],\"standardHeading\":\"Kj\\u00e6rlighet til r\\u00e5varen\",\"standardBodyText\":\"<p>Credo er en r\\u00e5vare-drevet restaurant som \\u00e5pnet i Credoveita i Trondheim i 1998. Februar 2018 gjen\\u00e5pner vi p\\u00e5 Lilleby i nye lokaler. &nbsp;<\\/p>\"}},\"63\":{\"modified\":\"1\",\"type\":\"imageWithText\",\"enabled\":\"1\",\"collapsed\":\"1\",\"level\":\"0\",\"fields\":{\"standardImages\":[\"57\"],\"standardBodyText\":\"<p>Ramen p\\u00e5 s\\u00f8ndag<\\/p>\",\"settingImagePosition\":\"left\"}},\"62\":{\"modified\":\"1\",\"type\":\"journal\",\"enabled\":\"1\",\"collapsed\":\"1\",\"level\":\"0\",\"fields\":{\"customChooseJournal\":[\"55\"],\"settingImagePosition\":\"left\",\"settingTextOverImage\":\"\"}},\"64\":{\"modified\":\"1\",\"type\":\"textQuote\",\"enabled\":\"1\",\"collapsed\":\"0\",\"level\":\"0\",\"fields\":{\"standardImages\":[\"65\"],\"standardBodyText\":\"\",\"standardSubHeading\":\"\"}}}}}', '2017-12-15 11:49:39', '2017-12-15 11:49:39', 'eaacd725-b916-4f6f-a453-b514340d6c9a'),
 ('110', '7', '4', '49', 'en', '44', '', '{\"typeId\":\"4\",\"authorId\":\"1\",\"title\":\"Credo\",\"slug\":\"restaurant\",\"postDate\":1505469180,\"expiryDate\":null,\"enabled\":1,\"parentId\":\"\",\"fields\":{\"3\":{\"80\":{\"modified\":\"1\",\"type\":\"introBoxes\",\"enabled\":\"1\",\"collapsed\":\"1\",\"level\":\"0\",\"fields\":{\"standardImages\":[\"82\",\"78\"],\"standardHeading\":\"Kj\\u00e6rlighet til r\\u00e5varen\",\"standardBodyText\":\"<p>Credo er en r\\u00e5vare-drevet restaurant som \\u00e5pnet i Credoveita i Trondheim i 1998. Februar 2018 gjen\\u00e5pner vi p\\u00e5 Lilleby i nye lokaler. &nbsp;<\\/p>\"}},\"60\":{\"modified\":\"1\",\"type\":\"introLinks\",\"enabled\":\"1\",\"collapsed\":\"1\",\"level\":\"0\",\"fields\":{\"standardHeading\":\"Hva er du p\\u00e5 utkikk etter?\",\"customIntroLinks\":{\"61\":{\"type\":\"link\",\"enabled\":\"1\",\"fields\":{\"navn\":\"Book bord\",\"internLink\":[\"55\"],\"externalLink\":\"\"}},\"76\":{\"type\":\"link\",\"enabled\":\"1\",\"fields\":{\"navn\":\"Lese journal\",\"internLink\":\"\",\"externalLink\":\"\"}},\"77\":{\"type\":\"link\",\"enabled\":\"1\",\"fields\":{\"navn\":\"L\\u00e6re om v\\u00e5r filosofi\",\"internLink\":[\"16\"],\"externalLink\":\"\"}}}}},\"63\":{\"modified\":\"1\",\"type\":\"imageWithText\",\"enabled\":\"1\",\"collapsed\":\"1\",\"level\":\"0\",\"fields\":{\"standardImages\":[\"57\"],\"standardBodyText\":\"<p>Ramen p\\u00e5 s\\u00f8ndag<\\/p>\",\"settingImagePosition\":\"left\"}},\"62\":{\"modified\":\"1\",\"type\":\"journal\",\"enabled\":\"1\",\"collapsed\":\"1\",\"level\":\"0\",\"fields\":{\"customChooseJournal\":[\"55\"],\"settingImagePosition\":\"left\",\"settingTextOverImage\":\"\"}},\"64\":{\"modified\":\"1\",\"type\":\"textQuote\",\"enabled\":\"1\",\"collapsed\":\"0\",\"level\":\"0\",\"fields\":{\"standardImages\":[\"65\"],\"standardBodyText\":\"\",\"standardSubHeading\":\"\"}}}}}', '2017-12-15 11:51:32', '2017-12-15 11:51:32', 'e258e22f-1d99-4504-8f10-aff6e80366e7'),
 ('111', '7', '4', '49', 'en', '45', '', '{\"typeId\":\"4\",\"authorId\":\"1\",\"title\":\"Credo\",\"slug\":\"restaurant\",\"postDate\":1505469180,\"expiryDate\":null,\"enabled\":1,\"parentId\":\"\",\"fields\":{\"3\":{\"80\":{\"modified\":\"1\",\"type\":\"introBoxes\",\"enabled\":\"1\",\"collapsed\":\"1\",\"level\":\"0\",\"fields\":{\"standardImages\":[\"82\",\"78\"],\"standardHeading\":\"Kj\\u00e6rlighet til r\\u00e5varen\",\"standardBodyText\":\"<p>Credo er en r\\u00e5vare-drevet restaurant som \\u00e5pnet i Credoveita i Trondheim i 1998. Februar 2018 gjen\\u00e5pner vi p\\u00e5 Lilleby i nye lokaler. &nbsp;<\\/p>\"}},\"60\":{\"modified\":\"1\",\"type\":\"introLinks\",\"enabled\":\"0\",\"collapsed\":\"1\",\"level\":\"0\",\"fields\":{\"standardHeading\":\"Hva er du p\\u00e5 utkikk etter?\",\"customIntroLinks\":{\"61\":{\"type\":\"link\",\"enabled\":\"1\",\"fields\":{\"navn\":\"Book bord\",\"internLink\":[\"55\"],\"externalLink\":\"\"}},\"76\":{\"type\":\"link\",\"enabled\":\"1\",\"fields\":{\"navn\":\"Lese journal\",\"internLink\":\"\",\"externalLink\":\"\"}},\"77\":{\"type\":\"link\",\"enabled\":\"1\",\"fields\":{\"navn\":\"L\\u00e6re om v\\u00e5r filosofi\",\"internLink\":[\"16\"],\"externalLink\":\"\"}}}}},\"63\":{\"modified\":\"1\",\"type\":\"imageWithText\",\"enabled\":\"1\",\"collapsed\":\"1\",\"level\":\"0\",\"fields\":{\"standardImages\":[\"57\"],\"standardBodyText\":\"<p>Ramen p\\u00e5 s\\u00f8ndag<\\/p>\",\"settingImagePosition\":\"left\"}},\"62\":{\"modified\":\"1\",\"type\":\"journal\",\"enabled\":\"1\",\"collapsed\":\"1\",\"level\":\"0\",\"fields\":{\"customChooseJournal\":[\"55\"],\"settingImagePosition\":\"left\",\"settingTextOverImage\":\"\"}},\"64\":{\"modified\":\"1\",\"type\":\"textQuote\",\"enabled\":\"1\",\"collapsed\":\"0\",\"level\":\"0\",\"fields\":{\"standardImages\":[\"65\"],\"standardBodyText\":\"\",\"standardSubHeading\":\"\"}}}}}', '2017-12-15 11:52:05', '2017-12-15 11:52:05', '8f1376cb-ff9f-4506-b207-17e29ddb8fc4'),
 ('112', '83', '3', '49', 'en', '1', '', '{\"typeId\":null,\"authorId\":\"49\",\"title\":\"Vi gjen\\u00e5pner p\\u00e5 Lilleby\",\"slug\":\"vi-gjenapner-pa-lilleby\",\"postDate\":1513339091,\"expiryDate\":null,\"enabled\":1,\"parentId\":null,\"fields\":{\"17\":[\"4\",\"5\",\"6\"],\"4\":[\"81\"],\"10\":\"<p>Credo er en r\\u00e5vare-drevet restaurant som \\u00e5pnet i Credoveita i Trondheim i 1998. Februar 2018 gjen\\u00e5pner vi p\\u00e5 Lilleby i nye lokaler. &nbsp;<\\/p>\",\"3\":{\"new0\":{\"modified\":\"1\",\"type\":\"imageWithText\",\"enabled\":\"1\",\"collapsed\":\"0\",\"level\":\"0\",\"fields\":{\"standardImages\":[\"57\"],\"standardBodyText\":\"<p>Credos drivkraft er naturen og den kulturelle historien v\\u00e5r. Med n\\u00e6r kontakt til produsentene v\\u00e5re og med en etisk tiln\\u00e6rming til det vi gj\\u00f8r, s\\u00f8ker vi kontinuerlig utvikling mot b\\u00e6rekraft. Vi tror veldig p\\u00e5 at dette gjenspeiler seg i smak.<\\/p>\",\"settingImagePosition\":\"right\"}},\"new1\":{\"modified\":\"1\",\"type\":\"image\",\"enabled\":\"1\",\"collapsed\":\"0\",\"level\":\"0\",\"fields\":{\"standardImages\":\"\"}}},\"16\":\"\"}}', '2017-12-15 11:58:11', '2017-12-15 11:58:11', 'f0eb4a26-ffa2-4b24-bbe9-4994ca3a521d'),
 ('113', '83', '3', '49', 'en', '2', '', '{\"typeId\":\"3\",\"authorId\":\"49\",\"title\":\"Vi gjen\\u00e5pner p\\u00e5 Lilleby\",\"slug\":\"vi-gjenapner-pa-lilleby\",\"postDate\":1513339080,\"expiryDate\":null,\"enabled\":1,\"parentId\":null,\"fields\":{\"17\":[\"4\",\"5\",\"6\"],\"4\":[\"81\"],\"10\":\"<p>Credo er en r\\u00e5vare-drevet restaurant som \\u00e5pnet i Credoveita i Trondheim i 1998. Februar 2018 gjen\\u00e5pner vi p\\u00e5 Lilleby i nye lokaler. &nbsp;<\\/p>\",\"3\":{\"84\":{\"modified\":\"1\",\"type\":\"imageWithText\",\"enabled\":\"1\",\"collapsed\":\"0\",\"level\":\"0\",\"fields\":{\"standardImages\":[\"57\"],\"standardBodyText\":\"<p>Credos drivkraft er naturen og den kulturelle historien v\\u00e5r. Med n\\u00e6r kontakt til produsentene v\\u00e5re og med en etisk tiln\\u00e6rming til det vi gj\\u00f8r, s\\u00f8ker vi kontinuerlig utvikling mot b\\u00e6rekraft. Vi tror veldig p\\u00e5 at dette gjenspeiler seg i smak.<\\/p>\",\"settingImagePosition\":\"right\"}},\"85\":{\"modified\":\"1\",\"type\":\"image\",\"enabled\":\"1\",\"collapsed\":\"0\",\"level\":\"0\",\"fields\":{\"standardImages\":[\"57\"]}}},\"16\":\"\"}}', '2017-12-15 11:58:43', '2017-12-15 11:58:43', 'dce06882-38ac-4022-89db-e498e2548647'),
 ('114', '83', '3', '49', 'en', '3', '', '{\"typeId\":\"3\",\"authorId\":\"49\",\"title\":\"Historien om Lilleby\",\"slug\":\"vi-gjenapner-pa-lilleby\",\"postDate\":1513339080,\"expiryDate\":null,\"enabled\":1,\"parentId\":null,\"fields\":{\"17\":[\"4\",\"5\",\"6\"],\"4\":[\"81\"],\"10\":\"<p>Credo er en r\\u00e5vare-drevet restaurant som \\u00e5pnet i Credoveita i Trondheim i 1998. Februar 2018 gjen\\u00e5pner vi p\\u00e5 Lilleby i nye lokaler. &nbsp;<\\/p>\",\"3\":{\"84\":{\"modified\":\"1\",\"type\":\"imageWithText\",\"enabled\":\"1\",\"collapsed\":\"0\",\"level\":\"0\",\"fields\":{\"standardImages\":[\"57\"],\"standardBodyText\":\"<p>Credo \\u00f8nsker \\u00e5 ta deg gjennom flerfoldige smaker, teksturer og f\\u00f8lelser. Vi \\u00f8nsker \\u00e5 vise deg g\\u00e5rdene v\\u00e5re, fra dyrene deres, fra jorda og fra havet. Vi bruker tid p\\u00e5 \\u00e5 finne r\\u00e5varer som best viser egenskapene til tiden vi er i og til stedet vi er. Menyen er basert p\\u00e5 det mest interessante og beste vi f\\u00e5r levert, fra dag til dag. Vi setter ogs\\u00e5 sammen en drikkemeny som p\\u00e5 beste mulige m\\u00e5te komplementerer og l\\u00f8fter frem hver enkelt rett. Har du spesielle \\u00f8nsker kan du gjerne bestille fra v\\u00e5r rikholdige vinkjeller best\\u00e5ende av flere tusen viner.<\\/p>\",\"settingImagePosition\":\"left\"}},\"85\":{\"modified\":\"1\",\"type\":\"image\",\"enabled\":\"1\",\"collapsed\":\"0\",\"level\":\"0\",\"fields\":{\"standardImages\":[\"54\"]}},\"new0\":{\"modified\":\"1\",\"type\":\"text\",\"enabled\":\"1\",\"collapsed\":\"0\",\"level\":\"0\",\"fields\":{\"standardHeading\":\"En liten mellomtittel\",\"standardBodyText\":\"<p>Credo \\u00f8nsker \\u00e5 ta deg gjennom flerfoldige smaker, teksturer og f\\u00f8lelser. Vi \\u00f8nsker \\u00e5 vise deg g\\u00e5rdene v\\u00e5re, fra dyrene deres, fra jorda og fra havet. Vi bruker tid p\\u00e5 \\u00e5 finne r\\u00e5varer som best viser egenskapene til tiden vi er i og til stedet vi er. Menyen er basert p\\u00e5 det mest interessante og beste vi f\\u00e5r levert, fra dag til dag. Vi setter ogs\\u00e5 sammen en drikkemeny som p\\u00e5 beste mulige m\\u00e5te komplementerer og l\\u00f8fter frem hver enkelt rett. Har du spesielle \\u00f8nsker kan du gjerne bestille fra v\\u00e5r rikholdige vinkjeller best\\u00e5ende av flere tusen viner.<\\/p>\"}},\"new1\":{\"modified\":\"1\",\"type\":\"imageFullWidth\",\"enabled\":\"1\",\"collapsed\":\"0\",\"level\":\"0\",\"fields\":{\"standardHeading\":\"Vegen videre\",\"standardImages\":[\"79\"],\"standardBodyText\":\"<p>R\\u00e5varene er motivasjonen v\\u00e5r. Hvorfor skulle vi ellers betale 260 kroner per kilo sm\\u00f8r? Med rent h\\u00e5ndverk kan vi som kokker utfolde oss med en oppmerksomhet rettet utad, p\\u00e5 gjesten som en del av et system. Vi tror at ethvert komponent er gjeldende - dyrene, skogen, jorden, m\\u00e5nen, sj\\u00f8en, kroppen.<br><\\/p>\\r\\n\"}}},\"16\":\"\"}}', '2017-12-15 12:04:13', '2017-12-15 12:04:13', '92b281fc-5b1b-4775-a89c-f275f7b4f3a5'),
 ('115', '90', '3', '49', 'en', '1', '', '{\"typeId\":null,\"authorId\":\"49\",\"title\":\"Skj\\u00f8lberg S\\u00f8ndre\",\"slug\":\"skjolberg-sondre\",\"postDate\":1513339682,\"expiryDate\":null,\"enabled\":1,\"parentId\":null,\"fields\":{\"17\":[\"4\"],\"4\":[\"88\"],\"10\":\"<p>Skj\\u00f8lberg S\\u00f8ndre er en biodynamisk kretsl\\u00f8psg\\u00e5rd som drives av Elin \\u00d6stlund og Carl Erik Skj\\u00f8lberg.&nbsp;<\\/p>\",\"3\":{\"new1\":{\"modified\":\"1\",\"type\":\"imageWithText\",\"enabled\":\"1\",\"collapsed\":\"0\",\"level\":\"0\",\"fields\":{\"standardImages\":[\"89\"],\"standardBodyText\":\"<p>Her arbeider de med jordbrukskulturer hvor mangfold, smak, opplevelser og nysgjerrighet for naturens orden er det sentrale. \\u00c5 plukke rene, \\u00e6rlige gr\\u00f8nnsaker og urter med egne hender er et h\\u00f8ydepunkt for oss som kokker, og vi setter sv\\u00e6rt stor pris p\\u00e5 kunnskapen som Skj\\u00f8lberg S\\u00f8ndre viser oss om agro-\\u00f8kologisk jordbruk.<br><a href=\\\"http:\\/\\/www.skjolbergsondre.no\\/\\\">www.skjolbergsondre.no<\\/a><\\/p>\",\"settingImagePosition\":\"left\"}}},\"16\":\"\"}}', '2017-12-15 12:08:02', '2017-12-15 12:08:02', 'd8c02bd2-3ddb-4b11-9228-207e60bb8f32'),
 ('116', '94', '3', '49', 'en', '1', '', '{\"typeId\":null,\"authorId\":\"49\",\"title\":\"Fannremsg\\u00e5rden\",\"slug\":\"fannremsgarden\",\"postDate\":1513339833,\"expiryDate\":null,\"enabled\":1,\"parentId\":null,\"fields\":{\"17\":[\"4\"],\"4\":[\"92\"],\"10\":\"<p>Sm\\u00e5kk\\u00e5 p\\u00e5 historien p\\u00e5 Fannremsg\\u00e5rden.<br><\\/p>\",\"3\":{\"new0\":{\"modified\":\"1\",\"type\":\"imageWithText\",\"enabled\":\"1\",\"collapsed\":\"0\",\"level\":\"0\",\"fields\":{\"standardImages\":[\"93\"],\"standardBodyText\":\"<p>Credo jobber sv\\u00e6rt tett med historiker og g\\u00e5rdbruker Jon Fredrik Skauge. Blant flere r\\u00e5varer henter vi ukentlig nykinnet sm\\u00f8r, fersk melk, r\\u00f8mme og kj\\u00f8tt \\u2013 alt fra g\\u00e5rdens sidete Tr\\u00f8nderfe. De ulike sesongene gir r\\u00e5varer som endrer smak hele tiden, til v\\u00e5r store begeistring.<br><\\/p>\",\"settingImagePosition\":\"left\"}}},\"16\":\"\"}}', '2017-12-15 12:10:33', '2017-12-15 12:10:33', '24688f72-9a86-422a-a3d4-efccf75fb10e'),
 ('117', '7', '4', '49', 'en', '46', '', '{\"typeId\":\"4\",\"authorId\":\"1\",\"title\":\"Credo\",\"slug\":\"restaurant\",\"postDate\":1505469180,\"expiryDate\":null,\"enabled\":1,\"parentId\":\"\",\"fields\":{\"3\":{\"80\":{\"modified\":\"1\",\"type\":\"introBoxes\",\"enabled\":\"1\",\"collapsed\":\"1\",\"level\":\"0\",\"fields\":{\"standardImages\":[\"82\",\"78\"],\"standardHeading\":\"Kj\\u00e6rlighet til r\\u00e5varen\",\"standardBodyText\":\"<p>Credo er en r\\u00e5vare-drevet restaurant som \\u00e5pnet i Credoveita i Trondheim i 1998. Februar 2018 gjen\\u00e5pner vi p\\u00e5 Lilleby i nye lokaler. &nbsp;<\\/p>\"}},\"60\":{\"modified\":\"1\",\"type\":\"introLinks\",\"enabled\":\"0\",\"collapsed\":\"1\",\"level\":\"0\",\"fields\":{\"standardHeading\":\"Hva er du p\\u00e5 utkikk etter?\",\"customIntroLinks\":{\"61\":{\"type\":\"link\",\"enabled\":\"1\",\"fields\":{\"navn\":\"Book bord\",\"internLink\":[\"55\"],\"externalLink\":\"\"}},\"76\":{\"type\":\"link\",\"enabled\":\"1\",\"fields\":{\"navn\":\"Lese journal\",\"internLink\":\"\",\"externalLink\":\"\"}},\"77\":{\"type\":\"link\",\"enabled\":\"1\",\"fields\":{\"navn\":\"L\\u00e6re om v\\u00e5r filosofi\",\"internLink\":[\"16\"],\"externalLink\":\"\"}}}}},\"62\":{\"modified\":\"1\",\"type\":\"journal\",\"enabled\":\"1\",\"collapsed\":\"0\",\"level\":\"0\",\"fields\":{\"customChooseJournal\":[\"83\"],\"settingImagePosition\":\"left\",\"settingTextOverImage\":\"\"}},\"new0\":{\"modified\":\"1\",\"type\":\"imageFullWidth\",\"enabled\":\"1\",\"collapsed\":\"0\",\"level\":\"0\",\"fields\":{\"standardHeading\":\"Vi tar deg n\\u00e6rt til smaker, teksturer og f\\u00f8lelser. \",\"standardImages\":[\"96\"],\"standardBodyText\":\"<p>Vi \\u00f8nsker \\u00e5 integrere deg og kretsl\\u00f8pene som g\\u00e5rdene v\\u00e5re representerer, fra dyrene deres, fra jorda og fra havet. Vi bruker tid p\\u00e5 \\u00e5 finne r\\u00e5varersom best viser egenskapene til tiden vi er i og til stedet vi er p\\u00e5.<br><\\/p>\\r\\n\"}}}}}', '2017-12-15 12:12:59', '2017-12-15 12:12:59', '13f4ebbf-598c-447e-b82e-1c5c5aac2d37');
INSERT INTO `craft_entryversions` (`id`, `entryId`, `sectionId`, `creatorId`, `locale`, `num`, `notes`, `data`, `dateCreated`, `dateUpdated`, `uid`) VALUES
 ('118', '7', '4', '49', 'en', '47', '', '{\"typeId\":\"4\",\"authorId\":\"1\",\"title\":\"Credo\",\"slug\":\"restaurant\",\"postDate\":1505469180,\"expiryDate\":null,\"enabled\":1,\"parentId\":\"\",\"fields\":{\"3\":{\"60\":{\"modified\":\"1\",\"type\":\"introLinks\",\"enabled\":\"1\",\"collapsed\":\"1\",\"level\":\"0\",\"fields\":{\"standardHeading\":\"Hva er du p\\u00e5 utkikk etter?\",\"customIntroLinks\":{\"61\":{\"type\":\"link\",\"enabled\":\"1\",\"fields\":{\"navn\":\"Book bord\",\"internLink\":[\"55\"],\"externalLink\":\"\"}},\"76\":{\"type\":\"link\",\"enabled\":\"1\",\"fields\":{\"navn\":\"Lese journal\",\"internLink\":\"\",\"externalLink\":\"\"}},\"77\":{\"type\":\"link\",\"enabled\":\"1\",\"fields\":{\"navn\":\"L\\u00e6re om v\\u00e5r filosofi\",\"internLink\":[\"16\"],\"externalLink\":\"\"}}}}},\"80\":{\"modified\":\"1\",\"type\":\"introBoxes\",\"enabled\":\"1\",\"collapsed\":\"1\",\"level\":\"0\",\"fields\":{\"standardImages\":[\"82\",\"78\"],\"standardHeading\":\"Kj\\u00e6rlighet til r\\u00e5varen\",\"standardBodyText\":\"<p>Credo er en r\\u00e5vare-drevet restaurant som \\u00e5pnet i Credoveita i Trondheim i 1998. Februar 2018 gjen\\u00e5pner vi p\\u00e5 Lilleby i nye lokaler. &nbsp;<\\/p>\"}},\"62\":{\"modified\":\"1\",\"type\":\"journal\",\"enabled\":\"1\",\"collapsed\":\"0\",\"level\":\"0\",\"fields\":{\"customChooseJournal\":[\"83\"],\"settingImagePosition\":\"left\",\"settingTextOverImage\":\"\"}},\"97\":{\"modified\":\"1\",\"type\":\"imageFullWidth\",\"enabled\":\"1\",\"collapsed\":\"0\",\"level\":\"0\",\"fields\":{\"standardHeading\":\"Vi tar deg n\\u00e6rt til smaker, teksturer og f\\u00f8lelser. \",\"standardImages\":[\"96\"],\"standardBodyText\":\"<p>Vi \\u00f8nsker \\u00e5 integrere deg og kretsl\\u00f8pene som g\\u00e5rdene v\\u00e5re representerer, fra dyrene deres, fra jorda og fra havet. Vi bruker tid p\\u00e5 \\u00e5 finne r\\u00e5varersom best viser egenskapene til tiden vi er i og til stedet vi er p\\u00e5.<br><\\/p>\"}}}}}', '2017-12-15 12:13:59', '2017-12-15 12:13:59', 'b9540dca-d9e2-4c35-aac3-5ab5c68aded3'),
 ('119', '7', '4', '49', 'en', '48', '', '{\"typeId\":\"4\",\"authorId\":\"1\",\"title\":\"Credo\",\"slug\":\"restaurant\",\"postDate\":1505469180,\"expiryDate\":null,\"enabled\":1,\"parentId\":\"\",\"fields\":{\"3\":{\"60\":{\"modified\":\"1\",\"type\":\"introLinks\",\"enabled\":\"1\",\"collapsed\":\"1\",\"level\":\"0\",\"fields\":{\"standardHeading\":\"Hva er du p\\u00e5 utkikk etter?\",\"customIntroLinks\":{\"61\":{\"type\":\"link\",\"enabled\":\"1\",\"fields\":{\"navn\":\"Book bord\",\"internLink\":[\"55\"],\"externalLink\":\"\"}},\"76\":{\"type\":\"link\",\"enabled\":\"1\",\"fields\":{\"navn\":\"Lese journal\",\"internLink\":\"\",\"externalLink\":\"\"}},\"77\":{\"type\":\"link\",\"enabled\":\"1\",\"fields\":{\"navn\":\"L\\u00e6re om v\\u00e5r filosofi\",\"internLink\":[\"16\"],\"externalLink\":\"\"}}}}},\"80\":{\"modified\":\"1\",\"type\":\"introBoxes\",\"enabled\":\"1\",\"collapsed\":\"1\",\"level\":\"0\",\"fields\":{\"standardImages\":[\"82\",\"78\"],\"standardHeading\":\"Kj\\u00e6rlighet til r\\u00e5varen\",\"standardBodyText\":\"<p>Credo er en r\\u00e5vare-drevet restaurant som \\u00e5pnet i Credoveita i Trondheim i 1998. Februar 2018 gjen\\u00e5pner vi p\\u00e5 Lilleby i nye lokaler. &nbsp;<\\/p>\"}},\"62\":{\"modified\":\"1\",\"type\":\"journal\",\"enabled\":\"1\",\"collapsed\":\"0\",\"level\":\"0\",\"fields\":{\"customChooseJournal\":[\"83\"],\"settingImagePosition\":\"left\",\"settingTextOverImage\":\"1\"}},\"97\":{\"modified\":\"1\",\"type\":\"imageFullWidth\",\"enabled\":\"1\",\"collapsed\":\"0\",\"level\":\"0\",\"fields\":{\"standardHeading\":\"Vi tar deg n\\u00e6rt til smaker, teksturer og f\\u00f8lelser. \",\"standardImages\":[\"96\"],\"standardBodyText\":\"<p>Vi \\u00f8nsker \\u00e5 integrere deg og kretsl\\u00f8pene som g\\u00e5rdene v\\u00e5re representerer, fra dyrene deres, fra jorda og fra havet. Vi bruker tid p\\u00e5 \\u00e5 finne r\\u00e5varersom best viser egenskapene til tiden vi er i og til stedet vi er p\\u00e5.<br><\\/p>\"}}}}}', '2017-12-15 12:14:33', '2017-12-15 12:14:33', '8bfd0d06-d3c1-4448-9b51-4627dfa12c11'),
 ('120', '7', '4', '49', 'en', '49', '', '{\"typeId\":\"4\",\"authorId\":\"1\",\"title\":\"Credo\",\"slug\":\"restaurant\",\"postDate\":1505469180,\"expiryDate\":null,\"enabled\":1,\"parentId\":\"\",\"fields\":{\"3\":{\"60\":{\"modified\":\"1\",\"type\":\"introLinks\",\"enabled\":\"1\",\"collapsed\":\"1\",\"level\":\"0\",\"fields\":{\"standardHeading\":\"Hva er du p\\u00e5 utkikk etter?\",\"customIntroLinks\":{\"61\":{\"type\":\"link\",\"enabled\":\"1\",\"fields\":{\"navn\":\"Book bord\",\"internLink\":[\"55\"],\"externalLink\":\"\"}},\"76\":{\"type\":\"link\",\"enabled\":\"1\",\"fields\":{\"navn\":\"Lese journal\",\"internLink\":\"\",\"externalLink\":\"\"}},\"77\":{\"type\":\"link\",\"enabled\":\"1\",\"fields\":{\"navn\":\"L\\u00e6re om v\\u00e5r filosofi\",\"internLink\":[\"16\"],\"externalLink\":\"\"}}}}},\"80\":{\"modified\":\"1\",\"type\":\"introBoxes\",\"enabled\":\"1\",\"collapsed\":\"1\",\"level\":\"0\",\"fields\":{\"standardImages\":[\"82\",\"78\"],\"standardHeading\":\"Kj\\u00e6rlighet til r\\u00e5varen\",\"standardBodyText\":\"<p>Credo er en r\\u00e5vare-drevet restaurant som \\u00e5pnet i Credoveita i Trondheim i 1998. Februar 2018 gjen\\u00e5pner vi p\\u00e5 Lilleby i nye lokaler. &nbsp;<\\/p>\"}},\"62\":{\"modified\":\"1\",\"type\":\"journal\",\"enabled\":\"1\",\"collapsed\":\"0\",\"level\":\"0\",\"fields\":{\"customChooseJournal\":[\"83\"],\"settingImagePosition\":\"right\",\"settingTextOverImage\":\"1\"}},\"97\":{\"modified\":\"1\",\"type\":\"imageFullWidth\",\"enabled\":\"1\",\"collapsed\":\"0\",\"level\":\"0\",\"fields\":{\"standardHeading\":\"Vi tar deg n\\u00e6rt til smaker, teksturer og f\\u00f8lelser. \",\"standardImages\":[\"96\"],\"standardBodyText\":\"<p>Vi \\u00f8nsker \\u00e5 integrere deg og kretsl\\u00f8pene som g\\u00e5rdene v\\u00e5re representerer, fra dyrene deres, fra jorda og fra havet. Vi bruker tid p\\u00e5 \\u00e5 finne r\\u00e5varersom best viser egenskapene til tiden vi er i og til stedet vi er p\\u00e5.<br><\\/p>\"}}}}}', '2017-12-15 12:14:55', '2017-12-15 12:14:55', 'c43277e5-8e3d-4b5b-87a5-24520adb76fc'),
 ('121', '7', '4', '49', 'en', '50', '', '{\"typeId\":\"4\",\"authorId\":\"1\",\"title\":\"Credo\",\"slug\":\"restaurant\",\"postDate\":1505469180,\"expiryDate\":null,\"enabled\":1,\"parentId\":\"\",\"fields\":{\"3\":{\"60\":{\"modified\":\"1\",\"type\":\"introLinks\",\"enabled\":\"1\",\"collapsed\":\"1\",\"level\":\"0\",\"fields\":{\"standardHeading\":\"Hva er du p\\u00e5 utkikk etter?\",\"customIntroLinks\":{\"61\":{\"type\":\"link\",\"enabled\":\"1\",\"fields\":{\"navn\":\"Book bord\",\"internLink\":[\"55\"],\"externalLink\":\"\"}},\"76\":{\"type\":\"link\",\"enabled\":\"1\",\"fields\":{\"navn\":\"Lese journal\",\"internLink\":\"\",\"externalLink\":\"\"}},\"77\":{\"type\":\"link\",\"enabled\":\"1\",\"fields\":{\"navn\":\"L\\u00e6re om v\\u00e5r filosofi\",\"internLink\":[\"16\"],\"externalLink\":\"\"}}}}},\"80\":{\"modified\":\"1\",\"type\":\"introBoxes\",\"enabled\":\"1\",\"collapsed\":\"1\",\"level\":\"0\",\"fields\":{\"standardImages\":[\"82\",\"78\"],\"standardHeading\":\"Kj\\u00e6rlighet til r\\u00e5varen\",\"standardBodyText\":\"<p>Credo er en r\\u00e5vare-drevet restaurant som \\u00e5pnet i Credoveita i Trondheim i 1998. Februar 2018 gjen\\u00e5pner vi p\\u00e5 Lilleby i nye lokaler. &nbsp;<\\/p>\"}},\"62\":{\"modified\":\"1\",\"type\":\"journal\",\"enabled\":\"1\",\"collapsed\":\"0\",\"level\":\"0\",\"fields\":{\"customChooseJournal\":[\"83\"],\"settingImagePosition\":\"left\",\"settingTextOverImage\":\"1\"}},\"97\":{\"modified\":\"1\",\"type\":\"imageFullWidth\",\"enabled\":\"1\",\"collapsed\":\"0\",\"level\":\"0\",\"fields\":{\"standardHeading\":\"Vi tar deg n\\u00e6rt til smaker, teksturer og f\\u00f8lelser. \",\"standardImages\":[\"96\"],\"standardBodyText\":\"<p>Vi \\u00f8nsker \\u00e5 integrere deg og kretsl\\u00f8pene som g\\u00e5rdene v\\u00e5re representerer, fra dyrene deres, fra jorda og fra havet. Vi bruker tid p\\u00e5 \\u00e5 finne r\\u00e5varersom best viser egenskapene til tiden vi er i og til stedet vi er p\\u00e5.<br><\\/p>\"}}}}}', '2017-12-15 12:15:14', '2017-12-15 12:15:14', '48ca704c-6bd0-4537-8a70-6da55adac015'),
 ('122', '16', '4', '49', 'en', '3', '', '{\"typeId\":\"4\",\"authorId\":\"1\",\"title\":\"Om oss\",\"slug\":\"om-oss\",\"postDate\":1505469360,\"expiryDate\":null,\"enabled\":1,\"parentId\":\"7\",\"fields\":{\"3\":{\"new0\":{\"modified\":\"1\",\"type\":\"imageFullWidth\",\"enabled\":\"1\",\"collapsed\":\"0\",\"level\":\"0\",\"fields\":{\"standardHeading\":\"Credos hjerte ligger der r\\u00e5varene produseres.\",\"standardImages\":[\"82\"],\"standardBodyText\":\"<p>P\\u00e5 Credo skal du f\\u00e5 mat laget p\\u00e5 r\\u00e5varer dyrket i regionen, fisket i havet utenfor, og meieriprodukter kultivert p\\u00e5 m\\u00e5ter der smak og b\\u00e6rekraft er viktige elementer.<br><\\/p>\\r\\n\"}},\"new2\":{\"modified\":\"1\",\"type\":\"textQuote\",\"enabled\":\"1\",\"collapsed\":\"0\",\"level\":\"0\",\"fields\":{\"standardImages\":[\"81\"],\"standardBodyText\":\"<p>Credo \\u00e5pnet i Credoveita i Trondheim i 1998. Februar 2018 gjen\\u00e5pner vi p\\u00e5 Lilleby i nye lokaler. &nbsp;<\\/p>\",\"standardSubHeading\":\"\"}},\"new3\":{\"modified\":\"1\",\"type\":\"imageWithText\",\"enabled\":\"1\",\"collapsed\":\"0\",\"level\":\"0\",\"fields\":{\"standardImages\":[\"98\"],\"standardBodyText\":\"<p>Credo \\u00f8nsker \\u00e5 ta deg gjennom flerfoldige smaker, teksturer og f\\u00f8lelser. Vi \\u00f8nsker \\u00e5 vise deg g\\u00e5rdene v\\u00e5re, fra dyrene deres, fra jorda og fra havet. Vi bruker tid p\\u00e5 \\u00e5 finne r\\u00e5varer som best viser egenskapene til tiden vi er i og til stedet vi er. Menyen er basert p\\u00e5 det mest interessante og beste vi f\\u00e5r levert, fra dag til dag. Vi setter ogs\\u00e5 sammen en drikkemeny som p\\u00e5 beste mulige m\\u00e5te komplementerer og l\\u00f8fter frem hver enkelt rett. Har du spesielle \\u00f8nsker kan du gjerne bestille fra v\\u00e5r rikholdige vinkjeller best\\u00e5ende av flere tusen viner.<br><\\/p><p>Med n\\u00e6r kontakt til produsentene v\\u00e5re og med en etisk tiln\\u00e6rming til det vi gj\\u00f8r, s\\u00f8ker vi kontinuerlig utvikling mot b\\u00e6rekraft. Vi tror veldig p\\u00e5 at dette gjenspeiler seg i smak. <br><\\/p>\\r\\n\",\"settingImagePosition\":\"left\"}},\"new4\":{\"modified\":\"1\",\"type\":\"image\",\"enabled\":\"1\",\"collapsed\":\"0\",\"level\":\"0\",\"fields\":{\"standardImages\":[\"99\"]}},\"new5\":{\"modified\":\"1\",\"type\":\"imageWithText\",\"enabled\":\"1\",\"collapsed\":\"0\",\"level\":\"0\",\"fields\":{\"standardImages\":[\"79\"],\"standardBodyText\":\"<p>R\\u00e5varene er motivasjonen v\\u00e5r. Hvorfor skulle vi ellers betale 260 kroner per kilo sm\\u00f8r? Med rent h\\u00e5ndverk kan vi som kokker utfolde oss med en oppmerksomhet rettet utad, p\\u00e5 gjesten som en del av et system. Vi tror at ethvert komponent er gjeldende - dyrene, skogen, jorden, m\\u00e5nen, sj\\u00f8en, kroppen.<br><\\/p>\\r\\n<p>Vi tar deg n\\u00e6rt til smaker, teksturer og f\\u00f8lelser. Vi \\u00f8nsker \\u00e5 integrere deg og kretsl\\u00f8pene som g\\u00e5rdene v\\u00e5re representerer, fra dyrene deres, fra jorda og fra havet. Vi bruker tid p\\u00e5 \\u00e5 finne r\\u00e5varer som best viser egenskapene til tiden vi er i og til stedet vi er p\\u00e5.<\\/p>\\r\\n<p><\\/p>\",\"settingImagePosition\":\"right\"}},\"new6\":{\"modified\":\"1\",\"type\":\"imageFullWidth\",\"enabled\":\"1\",\"collapsed\":\"0\",\"level\":\"0\",\"fields\":{\"standardHeading\":\"Heidi\",\"standardImages\":[\"78\"],\"standardBodyText\":\"<p>Heidi Bjerkan (1970) er en norsk kokk, kj\\u00f8kkensjef og medeier. Hun \\u00e5pnet Credo Restaurant i Credoveita, Trondheim i 1997.<\\/p>\"}},\"new7\":{\"modified\":\"1\",\"type\":\"imageWithText\",\"enabled\":\"1\",\"collapsed\":\"0\",\"level\":\"0\",\"fields\":{\"standardImages\":[\"101\"],\"standardBodyText\":\"<p>Heidi Bjerkan vokste opp i Trondheim og i b\\u00e5ten til bestefaren p\\u00e5 Garten - tr\\u00f8ndelagskysten. Her knyttet hun sterke b\\u00e5nd til jord og vann, som siden er \\u00e5 se i hennes matlaging. For Heidi Bjerkan er det b\\u00f8ndene som er heltene, og det er produsentene som skal skinne. Gjennom m\\u00e5ltidet p\\u00e5 Credo tar hun med alle gjestene p\\u00e5 hennes tur gjennom g\\u00e5rdene, sj\\u00f8en og skogen der r\\u00e5varene kommer fra.<br><\\/p>\\r\\n<p>Heidi Bjerkan engasjerer seg for mer kunnskap, for bedre landbruk og for st\\u00f8rre interesse for tradisjoner, og Heidi Bjerkan fikk i \\u00e5r Matprisen for sitt engasjement for bedre mat og et bedre landbruk. <\\/p>\\r\\n\",\"settingImagePosition\":\"left\"}}}}}', '2017-12-15 12:34:47', '2017-12-15 12:34:47', 'e10e9755-065f-4db4-87bd-5de92691db9a'),
 ('123', '16', '4', '49', 'en', '4', '', '{\"typeId\":\"4\",\"authorId\":\"1\",\"title\":\"Om oss\",\"slug\":\"om-oss\",\"postDate\":1505469360,\"expiryDate\":null,\"enabled\":1,\"parentId\":\"7\",\"fields\":{\"3\":{\"102\":{\"modified\":\"1\",\"type\":\"imageFullWidth\",\"enabled\":\"1\",\"collapsed\":\"0\",\"level\":\"0\",\"fields\":{\"standardHeading\":\"Credos hjerte ligger der r\\u00e5varene produseres.\",\"standardImages\":[\"82\"],\"standardBodyText\":\"<p>P\\u00e5 Credo skal du f\\u00e5 mat laget p\\u00e5 r\\u00e5varer dyrket i regionen, fisket i havet utenfor, og meieriprodukter kultivert p\\u00e5 m\\u00e5ter der smak og b\\u00e6rekraft er viktige elementer.<br><\\/p>\"}},\"103\":{\"modified\":\"1\",\"type\":\"textQuote\",\"enabled\":\"1\",\"collapsed\":\"0\",\"level\":\"0\",\"fields\":{\"standardImages\":[\"81\"],\"standardBodyText\":\"<p>Credo \\u00e5pnet i Credoveita i Trondheim i 1998. Februar 2018 gjen\\u00e5pner vi p\\u00e5 Lilleby i nye lokaler. &nbsp;<\\/p>\",\"standardSubHeading\":\"\"}},\"104\":{\"modified\":\"1\",\"type\":\"imageWithText\",\"enabled\":\"1\",\"collapsed\":\"0\",\"level\":\"0\",\"fields\":{\"standardImages\":[\"98\"],\"standardBodyText\":\"<p>Credo \\u00f8nsker \\u00e5 ta deg gjennom flerfoldige smaker, teksturer og f\\u00f8lelser. Vi \\u00f8nsker \\u00e5 vise deg g\\u00e5rdene v\\u00e5re, fra dyrene deres, fra jorda og fra havet. Vi bruker tid p\\u00e5 \\u00e5 finne r\\u00e5varer som best viser egenskapene til tiden vi er i og til stedet vi er. Menyen er basert p\\u00e5 det mest interessante og beste vi f\\u00e5r levert, fra dag til dag. Vi setter ogs\\u00e5 sammen en drikkemeny som p\\u00e5 beste mulige m\\u00e5te komplementerer og l\\u00f8fter frem hver enkelt rett. Har du spesielle \\u00f8nsker kan du gjerne bestille fra v\\u00e5r rikholdige vinkjeller best\\u00e5ende av flere tusen viner.<br><\\/p>\\r\\n<p>Med n\\u00e6r kontakt til produsentene v\\u00e5re og med en etisk tiln\\u00e6rming til det vi gj\\u00f8r, s\\u00f8ker vi kontinuerlig utvikling mot b\\u00e6rekraft. Vi tror veldig p\\u00e5 at dette gjenspeiler seg i smak. <br><\\/p>\",\"settingImagePosition\":\"left\"}},\"105\":{\"modified\":\"1\",\"type\":\"image\",\"enabled\":\"1\",\"collapsed\":\"0\",\"level\":\"0\",\"fields\":{\"standardImages\":[\"99\"]}},\"106\":{\"modified\":\"1\",\"type\":\"imageWithText\",\"enabled\":\"1\",\"collapsed\":\"0\",\"level\":\"0\",\"fields\":{\"standardImages\":[\"79\"],\"standardBodyText\":\"<p>R\\u00e5varene er motivasjonen v\\u00e5r. Hvorfor skulle vi ellers betale 260 kroner per kilo sm\\u00f8r? Med rent h\\u00e5ndverk kan vi som kokker utfolde oss med en oppmerksomhet rettet utad, p\\u00e5 gjesten som en del av et system. Vi tror at ethvert komponent er gjeldende - dyrene, skogen, jorden, m\\u00e5nen, sj\\u00f8en, kroppen.<br><\\/p>\\r\\n<p>Vi tar deg n\\u00e6rt til smaker, teksturer og f\\u00f8lelser. Vi \\u00f8nsker \\u00e5 integrere deg og kretsl\\u00f8pene som g\\u00e5rdene v\\u00e5re representerer, fra dyrene deres, fra jorda og fra havet. Vi bruker tid p\\u00e5 \\u00e5 finne r\\u00e5varer som best viser egenskapene til tiden vi er i og til stedet vi er p\\u00e5.<\\/p>\",\"settingImagePosition\":\"right\"}},\"107\":{\"modified\":\"1\",\"type\":\"imageFullWidth\",\"enabled\":\"1\",\"collapsed\":\"0\",\"level\":\"0\",\"fields\":{\"standardHeading\":\"Heidi\",\"standardImages\":[\"78\"],\"standardBodyText\":\"<p>Heidi Bjerkan (1970) er en norsk kokk, kj\\u00f8kkensjef og medeier. Hun \\u00e5pnet Credo Restaurant i Credoveita, Trondheim i 1997.<\\/p>\"}},\"108\":{\"modified\":\"1\",\"type\":\"imageWithText\",\"enabled\":\"1\",\"collapsed\":\"0\",\"level\":\"0\",\"fields\":{\"standardImages\":[\"101\"],\"standardBodyText\":\"<p>Heidi Bjerkan vokste opp i Trondheim og i b\\u00e5ten til bestefaren p\\u00e5 Garten - tr\\u00f8ndelagskysten. Her knyttet hun sterke b\\u00e5nd til jord og vann, som siden er \\u00e5 se i hennes matlaging. For Heidi Bjerkan er det b\\u00f8ndene som er heltene, og det er produsentene som skal skinne. Gjennom m\\u00e5ltidet p\\u00e5 Credo tar hun med alle gjestene p\\u00e5 hennes tur gjennom g\\u00e5rdene, sj\\u00f8en og skogen der r\\u00e5varene kommer fra.<br><\\/p>\\r\\n<p>Heidi Bjerkan engasjerer seg for mer kunnskap, for bedre landbruk og for st\\u00f8rre interesse for tradisjoner, og Heidi Bjerkan fikk i \\u00e5r Matprisen for sitt engasjement for bedre mat og et bedre landbruk. <\\/p>\",\"settingImagePosition\":\"left\"}},\"new0\":{\"modified\":\"1\",\"type\":\"image\",\"enabled\":\"1\",\"collapsed\":\"0\",\"level\":\"0\",\"fields\":{\"standardImages\":[\"109\"]}},\"new2\":{\"modified\":\"1\",\"type\":\"text\",\"enabled\":\"1\",\"collapsed\":\"0\",\"level\":\"0\",\"fields\":{\"standardHeading\":\"Skj\\u00f8lberg S\\u00f8ndre, Svorkmo\",\"standardBodyText\":\"<p>Skj\\u00f8lberg S\\u00f8ndre er en biodynamisk kretsl\\u00f8psg\\u00e5rd som drives av Elin \\u00d6stlund og Carl Erik Skj\\u00f8lberg. Her arbeider de med jordbrukskulturer hvor mangfold, smak, opplevelser og nysgjerrighet for naturens orden er det sentrale. \\u00c5 plukke rene, \\u00e6rlige gr\\u00f8nnsaker og urter med egne hender er et h\\u00f8ydepunkt for oss som kokker, og vi setter sv\\u00e6rt stor pris p\\u00e5 kunnskapen som Skj\\u00f8lberg S\\u00f8ndre viser oss om agro-\\u00f8kologisk jordbruk.<\\/p>\"}},\"new3\":{\"modified\":\"1\",\"type\":\"image\",\"enabled\":\"1\",\"collapsed\":\"0\",\"level\":\"0\",\"fields\":{\"standardImages\":[\"110\"]}},\"new5\":{\"modified\":\"1\",\"type\":\"text\",\"enabled\":\"1\",\"collapsed\":\"0\",\"level\":\"0\",\"fields\":{\"standardHeading\":\"Fannremsg\\u00e5rden, Orkdal\",\"standardBodyText\":\"<p>Credo jobber sv\\u00e6rt tett med historiker og g\\u00e5rdbruker Jon Fredrik Skauge. Blant flere r\\u00e5varer henter vi ukentlig nykinnet sm\\u00f8r, fersk melk, r\\u00f8mme og kj\\u00f8tt \\u2013 alt fra g\\u00e5rdens sidete Tr\\u00f8nderfe. De ulike sesongene gir r\\u00e5varer som endrer smak hele tiden, til v\\u00e5r store begeistring.<\\/p>\"}}}}}', '2017-12-15 12:41:24', '2017-12-15 12:41:24', '0f9a886a-78a4-47c4-9f0d-b114be60ae1c'),
 ('124', '69', '4', '49', 'en', '6', '', '{\"typeId\":\"4\",\"authorId\":\"59\",\"title\":\"Meny\",\"slug\":\"meny\",\"postDate\":1506234240,\"expiryDate\":null,\"enabled\":1,\"parentId\":\"7\",\"fields\":{\"3\":{\"new0\":{\"modified\":\"1\",\"type\":\"imageFullWidth\",\"enabled\":\"1\",\"collapsed\":\"0\",\"level\":\"0\",\"fields\":{\"standardHeading\":\"Meny\",\"standardImages\":[\"115\"],\"standardBodyText\":\"<p>P\\u00e5 Credo \\u00f8nsker vi \\u00e5 ta deg gjennom flerfoldige smaker, teksturer og f\\u00f8lelser. Vi \\u00f8nsker \\u00e5 vise deg det beste fra g\\u00e5rdene v\\u00e5re, fra dyrene deres, fra jorda og fra havet. Vi bruker tid p\\u00e5 \\u00e5 finne r\\u00e5varer som best viser egenskapene til tiden vi er i, og til stedet vi er p\\u00e5. Menyen er satt og hver dag er den basert p\\u00e5 det mest interessante og beste vi f\\u00e5r levert. <\\/p>\"}},\"new1\":{\"modified\":\"1\",\"type\":\"imageWithText\",\"enabled\":\"1\",\"collapsed\":\"0\",\"level\":\"0\",\"fields\":{\"standardImages\":[\"88\"],\"standardBodyText\":\"<p>Vi setter ogs\\u00e5 sammen en drikkemeny som p\\u00e5 beste mulige m\\u00e5te komplementerer og l\\u00f8fter frem hver enkelt rett. Har du spesielle \\u00f8nsker kan du gjerne bestille fra v\\u00e5r rikholdige vinkjeller best\\u00e5ende av flere tusen viner.<br><\\/p>\\r\\n\",\"settingImagePosition\":\"right\"}},\"new2\":{\"modified\":\"1\",\"type\":\"text\",\"enabled\":\"1\",\"collapsed\":\"0\",\"level\":\"0\",\"fields\":{\"standardHeading\":\"Credo meny 1050,-  \\r\\nmed vinpakke 2100,-\\r\\nLiten Credo meny 830,- \\r\\nmed vinpakke 1660,-\\r\\n\\r\\nVi tilrettelegger menyer innenfor statens regulativ.\\u200b\\u200b\\r\\n\",\"standardBodyText\":\"\"}}}}}', '2017-12-15 13:06:34', '2017-12-15 13:06:34', '01be416e-3522-4b90-862c-ee3040e5ed22'),
 ('125', '7', '4', '49', 'en', '51', '', '{\"typeId\":\"4\",\"authorId\":\"1\",\"title\":\"Credo\",\"slug\":\"restaurant\",\"postDate\":1505469180,\"expiryDate\":null,\"enabled\":1,\"parentId\":\"\",\"fields\":{\"3\":{\"60\":{\"modified\":\"1\",\"type\":\"introLinks\",\"enabled\":\"1\",\"collapsed\":\"0\",\"level\":\"0\",\"fields\":{\"standardHeading\":\"Hva er du p\\u00e5 utkikk etter?\",\"customIntroLinks\":{\"61\":{\"type\":\"link\",\"enabled\":\"1\",\"fields\":{\"navn\":\"Book bord\",\"internLink\":[\"55\"],\"externalLink\":\"\"}},\"76\":{\"type\":\"link\",\"enabled\":\"1\",\"fields\":{\"navn\":\"Aktuelle historier\",\"internLink\":\"\",\"externalLink\":\"\"}},\"77\":{\"type\":\"link\",\"enabled\":\"1\",\"fields\":{\"navn\":\"L\\u00e6re om v\\u00e5r filosofi\",\"internLink\":[\"16\"],\"externalLink\":\"\"}}}}},\"80\":{\"modified\":\"1\",\"type\":\"introBoxes\",\"enabled\":\"1\",\"collapsed\":\"1\",\"level\":\"0\",\"fields\":{\"standardImages\":[\"82\",\"78\"],\"standardHeading\":\"Kj\\u00e6rlighet til r\\u00e5varen\",\"standardBodyText\":\"<p>Credo er en r\\u00e5vare-drevet restaurant som \\u00e5pnet i Credoveita i Trondheim i 1998. Februar 2018 gjen\\u00e5pner vi p\\u00e5 Lilleby i nye lokaler. &nbsp;<\\/p>\"}},\"62\":{\"modified\":\"1\",\"type\":\"journal\",\"enabled\":\"1\",\"collapsed\":\"0\",\"level\":\"0\",\"fields\":{\"customChooseJournal\":[\"83\"],\"settingImagePosition\":\"left\",\"settingTextOverImage\":\"1\"}},\"97\":{\"modified\":\"1\",\"type\":\"imageFullWidth\",\"enabled\":\"1\",\"collapsed\":\"0\",\"level\":\"0\",\"fields\":{\"standardHeading\":\"Vi tar deg n\\u00e6rt til smaker, teksturer og f\\u00f8lelser. \",\"standardImages\":[\"96\"],\"standardBodyText\":\"<p>Vi \\u00f8nsker \\u00e5 integrere deg og kretsl\\u00f8pene som g\\u00e5rdene v\\u00e5re representerer, fra dyrene deres, fra jorda og fra havet. Vi bruker tid p\\u00e5 \\u00e5 finne r\\u00e5varersom best viser egenskapene til tiden vi er i og til stedet vi er p\\u00e5.<br><\\/p>\"}}}}}', '2017-12-15 13:07:58', '2017-12-15 13:07:58', '389ca062-670b-4c7b-9b7b-a4c0ae185510'),
 ('126', '18', '4', '49', 'en', '3', '', '{\"typeId\":\"4\",\"authorId\":\"1\",\"title\":\"Omtale\",\"slug\":\"presse\",\"postDate\":1505469360,\"expiryDate\":null,\"enabled\":1,\"parentId\":\"7\",\"fields\":{\"3\":{\"new0\":{\"modified\":\"1\",\"type\":\"imageFullWidth\",\"enabled\":\"1\",\"collapsed\":\"0\",\"level\":\"0\",\"fields\":{\"standardHeading\":\"Omtale\",\"standardImages\":[\"120\"],\"standardBodyText\":\"<p>Her legger vi ut pressesaker og pressebilder<\\/p>\"}}}}}', '2017-12-15 13:10:48', '2017-12-15 13:10:48', '095759d9-3336-4dc5-aabd-c68b52618ec3'),
 ('127', '18', '4', '49', 'en', '4', '', '{\"typeId\":\"4\",\"authorId\":\"1\",\"title\":\"Omtale\",\"slug\":\"presse\",\"postDate\":1505469360,\"expiryDate\":null,\"enabled\":1,\"parentId\":\"7\",\"fields\":{\"3\":{\"121\":{\"modified\":\"1\",\"type\":\"imageFullWidth\",\"enabled\":\"1\",\"collapsed\":\"0\",\"level\":\"0\",\"fields\":{\"standardHeading\":\"Omtale\",\"standardImages\":[\"122\"],\"standardBodyText\":\"<p>Her legger vi ut pressesaker og pressebilder<\\/p>\"}}}}}', '2017-12-15 13:15:13', '2017-12-15 13:15:13', 'b6cf10fb-8648-4bb2-aecb-f41f2b0fd068'),
 ('128', '7', '4', '49', 'en', '52', '', '{\"typeId\":\"4\",\"authorId\":\"1\",\"title\":\"Credo\",\"slug\":\"restaurant\",\"postDate\":1505469180,\"expiryDate\":null,\"enabled\":1,\"parentId\":\"\",\"fields\":{\"3\":{\"60\":{\"modified\":\"1\",\"type\":\"introLinks\",\"enabled\":\"1\",\"collapsed\":\"1\",\"level\":\"0\",\"fields\":{\"standardHeading\":\"Hva er du p\\u00e5 utkikk etter?\",\"customIntroLinks\":{\"61\":{\"type\":\"link\",\"enabled\":\"1\",\"fields\":{\"navn\":\"Book bord\",\"internLink\":[\"55\"],\"externalLink\":\"\"}},\"76\":{\"type\":\"link\",\"enabled\":\"1\",\"fields\":{\"navn\":\"Aktuelle historier\",\"internLink\":\"\",\"externalLink\":\"\"}},\"77\":{\"type\":\"link\",\"enabled\":\"1\",\"fields\":{\"navn\":\"L\\u00e6re om v\\u00e5r filosofi\",\"internLink\":[\"16\"],\"externalLink\":\"\"}}}}},\"80\":{\"modified\":\"1\",\"type\":\"introBoxes\",\"enabled\":\"1\",\"collapsed\":\"1\",\"level\":\"0\",\"fields\":{\"standardImages\":[\"82\",\"78\"],\"standardHeading\":\"Kj\\u00e6rlighet til r\\u00e5varen\",\"standardBodyText\":\"<p>Credo er en r\\u00e5vare-drevet restaurant som \\u00e5pnet i Credoveita i Trondheim i 1998. Februar 2018 gjen\\u00e5pner vi p\\u00e5 Lilleby i nye lokaler. &nbsp;<\\/p>\"}},\"62\":{\"modified\":\"1\",\"type\":\"journal\",\"enabled\":\"1\",\"collapsed\":\"1\",\"level\":\"0\",\"fields\":{\"customChooseJournal\":[\"83\"],\"settingImagePosition\":\"left\",\"settingTextOverImage\":\"1\"}},\"97\":{\"modified\":\"1\",\"type\":\"imageFullWidth\",\"enabled\":\"1\",\"collapsed\":\"1\",\"level\":\"0\",\"fields\":{\"standardHeading\":\"Vi tar deg n\\u00e6rt til smaker, teksturer og f\\u00f8lelser. \",\"standardImages\":[\"96\"],\"standardBodyText\":\"<p>Vi \\u00f8nsker \\u00e5 integrere deg og kretsl\\u00f8pene som g\\u00e5rdene v\\u00e5re representerer, fra dyrene deres, fra jorda og fra havet. Vi bruker tid p\\u00e5 \\u00e5 finne r\\u00e5varersom best viser egenskapene til tiden vi er i og til stedet vi er p\\u00e5.<br><\\/p>\"}},\"new0\":{\"modified\":\"1\",\"type\":\"journal\",\"enabled\":\"1\",\"collapsed\":\"1\",\"level\":\"0\",\"fields\":{\"customChooseJournal\":[\"90\"],\"settingImagePosition\":\"right\",\"settingTextOverImage\":\"\"}},\"new1\":{\"modified\":\"1\",\"type\":\"journal\",\"enabled\":\"1\",\"collapsed\":\"1\",\"level\":\"0\",\"fields\":{\"customChooseJournal\":[\"94\"],\"settingImagePosition\":\"left\",\"settingTextOverImage\":\"\"}}}}}', '2017-12-15 13:48:22', '2017-12-15 13:48:22', 'f45d3161-2eff-4d1d-9e68-317210f7b4eb'),
 ('129', '90', '3', '49', 'en', '2', '', '{\"typeId\":\"3\",\"authorId\":\"49\",\"title\":\"Skj\\u00f8lberg S\\u00f8ndre\",\"slug\":\"skjolberg-sondre\",\"postDate\":1513339680,\"expiryDate\":null,\"enabled\":1,\"parentId\":null,\"fields\":{\"17\":[\"4\"],\"4\":[\"125\"],\"10\":\"<p>Skj\\u00f8lberg S\\u00f8ndre er en biodynamisk kretsl\\u00f8psg\\u00e5rd som drives av Elin \\u00d6stlund og Carl Erik Skj\\u00f8lberg.&nbsp;<\\/p>\",\"3\":{\"91\":{\"modified\":\"1\",\"type\":\"imageWithText\",\"enabled\":\"1\",\"collapsed\":\"0\",\"level\":\"0\",\"fields\":{\"standardImages\":[\"89\"],\"standardBodyText\":\"<p>Her arbeider de med jordbrukskulturer hvor mangfold, smak, opplevelser og nysgjerrighet for naturens orden er det sentrale. \\u00c5 plukke rene, \\u00e6rlige gr\\u00f8nnsaker og urter med egne hender er et h\\u00f8ydepunkt for oss som kokker, og vi setter sv\\u00e6rt stor pris p\\u00e5 kunnskapen som Skj\\u00f8lberg S\\u00f8ndre viser oss om agro-\\u00f8kologisk jordbruk.<br><a href=\\\"http:\\/\\/www.skjolbergsondre.no\\/\\\">www.skjolbergsondre.no<\\/a><\\/p>\",\"settingImagePosition\":\"left\"}}},\"16\":\"\"}}', '2017-12-15 13:50:04', '2017-12-15 13:50:04', '9375d27c-1030-4816-afbb-76de95475217'),
 ('130', '7', '4', '49', 'en', '53', '', '{\"typeId\":\"4\",\"authorId\":\"1\",\"title\":\"Credo\",\"slug\":\"restaurant\",\"postDate\":1505469180,\"expiryDate\":null,\"enabled\":1,\"parentId\":\"\",\"fields\":{\"3\":{\"60\":{\"modified\":\"1\",\"type\":\"introLinks\",\"enabled\":\"1\",\"collapsed\":\"1\",\"level\":\"0\",\"fields\":{\"standardHeading\":\"Hva er du p\\u00e5 utkikk etter?\",\"customIntroLinks\":{\"61\":{\"type\":\"link\",\"enabled\":\"1\",\"fields\":{\"navn\":\"Book bord\",\"internLink\":[\"55\"],\"externalLink\":\"\"}},\"76\":{\"type\":\"link\",\"enabled\":\"1\",\"fields\":{\"navn\":\"Aktuelle historier\",\"internLink\":\"\",\"externalLink\":\"\"}},\"77\":{\"type\":\"link\",\"enabled\":\"1\",\"fields\":{\"navn\":\"L\\u00e6re om v\\u00e5r filosofi\",\"internLink\":[\"16\"],\"externalLink\":\"\"}}}}},\"80\":{\"modified\":\"1\",\"type\":\"introBoxes\",\"enabled\":\"1\",\"collapsed\":\"0\",\"level\":\"0\",\"fields\":{\"standardImages\":[\"126\",\"127\"],\"standardHeading\":\"Kj\\u00e6rlighet til r\\u00e5varen\",\"standardBodyText\":\"<p>Credo er en r\\u00e5vare-drevet restaurant som \\u00e5pnet i Credoveita i Trondheim i 1998. Februar 2018 gjen\\u00e5pner vi p\\u00e5 Lilleby i nye lokaler. &nbsp;<\\/p>\"}},\"62\":{\"modified\":\"1\",\"type\":\"journal\",\"enabled\":\"1\",\"collapsed\":\"1\",\"level\":\"0\",\"fields\":{\"customChooseJournal\":[\"83\"],\"settingImagePosition\":\"left\",\"settingTextOverImage\":\"1\"}},\"97\":{\"modified\":\"1\",\"type\":\"imageFullWidth\",\"enabled\":\"1\",\"collapsed\":\"1\",\"level\":\"0\",\"fields\":{\"standardHeading\":\"Vi tar deg n\\u00e6rt til smaker, teksturer og f\\u00f8lelser. \",\"standardImages\":[\"96\"],\"standardBodyText\":\"<p>Vi \\u00f8nsker \\u00e5 integrere deg og kretsl\\u00f8pene som g\\u00e5rdene v\\u00e5re representerer, fra dyrene deres, fra jorda og fra havet. Vi bruker tid p\\u00e5 \\u00e5 finne r\\u00e5varersom best viser egenskapene til tiden vi er i og til stedet vi er p\\u00e5.<br><\\/p>\"}},\"123\":{\"modified\":\"1\",\"type\":\"journal\",\"enabled\":\"1\",\"collapsed\":\"1\",\"level\":\"0\",\"fields\":{\"customChooseJournal\":[\"90\"],\"settingImagePosition\":\"right\",\"settingTextOverImage\":\"\"}},\"124\":{\"modified\":\"1\",\"type\":\"journal\",\"enabled\":\"1\",\"collapsed\":\"1\",\"level\":\"0\",\"fields\":{\"customChooseJournal\":[\"94\"],\"settingImagePosition\":\"left\",\"settingTextOverImage\":\"\"}}}}}', '2017-12-15 13:51:24', '2017-12-15 13:51:24', '16a44adc-989e-4150-aa00-abf897021220'),
 ('131', '7', '4', '49', 'en', '54', '', '{\"typeId\":\"4\",\"authorId\":\"1\",\"title\":\"Credo\",\"slug\":\"restaurant\",\"postDate\":1505469180,\"expiryDate\":null,\"enabled\":1,\"parentId\":\"\",\"fields\":{\"3\":{\"60\":{\"modified\":\"1\",\"type\":\"introLinks\",\"enabled\":\"1\",\"collapsed\":\"1\",\"level\":\"0\",\"fields\":{\"standardHeading\":\"Hva er du p\\u00e5 utkikk etter?\",\"customIntroLinks\":{\"61\":{\"type\":\"link\",\"enabled\":\"1\",\"fields\":{\"navn\":\"Book bord\",\"internLink\":[\"55\"],\"externalLink\":\"\"}},\"76\":{\"type\":\"link\",\"enabled\":\"1\",\"fields\":{\"navn\":\"Aktuelle historier\",\"internLink\":\"\",\"externalLink\":\"\"}},\"77\":{\"type\":\"link\",\"enabled\":\"1\",\"fields\":{\"navn\":\"L\\u00e6re om v\\u00e5r filosofi\",\"internLink\":[\"16\"],\"externalLink\":\"\"}}}}},\"80\":{\"modified\":\"1\",\"type\":\"introBoxes\",\"enabled\":\"1\",\"collapsed\":\"0\",\"level\":\"0\",\"fields\":{\"standardImages\":[\"125\",\"127\"],\"standardHeading\":\"Kj\\u00e6rlighet til r\\u00e5varen\",\"standardBodyText\":\"<p>Credo er en r\\u00e5vare-drevet restaurant som \\u00e5pnet i Credoveita i Trondheim i 1998. Februar 2018 gjen\\u00e5pner vi p\\u00e5 Lilleby i nye lokaler. &nbsp;<\\/p>\"}},\"62\":{\"modified\":\"1\",\"type\":\"journal\",\"enabled\":\"1\",\"collapsed\":\"1\",\"level\":\"0\",\"fields\":{\"customChooseJournal\":[\"83\"],\"settingImagePosition\":\"left\",\"settingTextOverImage\":\"1\"}},\"97\":{\"modified\":\"1\",\"type\":\"imageFullWidth\",\"enabled\":\"1\",\"collapsed\":\"1\",\"level\":\"0\",\"fields\":{\"standardHeading\":\"Vi tar deg n\\u00e6rt til smaker, teksturer og f\\u00f8lelser. \",\"standardImages\":[\"96\"],\"standardBodyText\":\"<p>Vi \\u00f8nsker \\u00e5 integrere deg og kretsl\\u00f8pene som g\\u00e5rdene v\\u00e5re representerer, fra dyrene deres, fra jorda og fra havet. Vi bruker tid p\\u00e5 \\u00e5 finne r\\u00e5varersom best viser egenskapene til tiden vi er i og til stedet vi er p\\u00e5.<br><\\/p>\"}},\"123\":{\"modified\":\"1\",\"type\":\"journal\",\"enabled\":\"1\",\"collapsed\":\"1\",\"level\":\"0\",\"fields\":{\"customChooseJournal\":[\"90\"],\"settingImagePosition\":\"right\",\"settingTextOverImage\":\"\"}},\"124\":{\"modified\":\"1\",\"type\":\"journal\",\"enabled\":\"1\",\"collapsed\":\"1\",\"level\":\"0\",\"fields\":{\"customChooseJournal\":[\"94\"],\"settingImagePosition\":\"left\",\"settingTextOverImage\":\"\"}}}}}', '2017-12-15 13:53:05', '2017-12-15 13:53:05', '5e391f7a-f53e-43b6-992f-a5371cede5e9'),
 ('132', '7', '4', '49', 'en', '55', '', '{\"typeId\":\"4\",\"authorId\":\"1\",\"title\":\"Credo\",\"slug\":\"restaurant\",\"postDate\":1505469180,\"expiryDate\":null,\"enabled\":1,\"parentId\":\"\",\"fields\":{\"3\":{\"60\":{\"modified\":\"1\",\"type\":\"introLinks\",\"enabled\":\"1\",\"collapsed\":\"1\",\"level\":\"0\",\"fields\":{\"standardHeading\":\"Hva er du p\\u00e5 utkikk etter?\",\"customIntroLinks\":{\"61\":{\"type\":\"link\",\"enabled\":\"1\",\"fields\":{\"navn\":\"Book bord\",\"internLink\":[\"55\"],\"externalLink\":\"\"}},\"76\":{\"type\":\"link\",\"enabled\":\"1\",\"fields\":{\"navn\":\"Aktuelle historier\",\"internLink\":\"\",\"externalLink\":\"\"}},\"77\":{\"type\":\"link\",\"enabled\":\"1\",\"fields\":{\"navn\":\"L\\u00e6re om v\\u00e5r filosofi\",\"internLink\":[\"16\"],\"externalLink\":\"\"}}}}},\"80\":{\"modified\":\"1\",\"type\":\"introBoxes\",\"enabled\":\"1\",\"collapsed\":\"0\",\"level\":\"0\",\"fields\":{\"standardImages\":[\"127\",\"99\"],\"standardHeading\":\"Kj\\u00e6rlighet til r\\u00e5varen\",\"standardBodyText\":\"<p>Credo er en r\\u00e5vare-drevet restaurant som \\u00e5pnet i Credoveita i Trondheim i 1998. Februar 2018 gjen\\u00e5pner vi p\\u00e5 Lilleby i nye lokaler. &nbsp;<\\/p>\"}},\"62\":{\"modified\":\"1\",\"type\":\"journal\",\"enabled\":\"1\",\"collapsed\":\"1\",\"level\":\"0\",\"fields\":{\"customChooseJournal\":[\"83\"],\"settingImagePosition\":\"left\",\"settingTextOverImage\":\"1\"}},\"97\":{\"modified\":\"1\",\"type\":\"imageFullWidth\",\"enabled\":\"1\",\"collapsed\":\"1\",\"level\":\"0\",\"fields\":{\"standardHeading\":\"Vi tar deg n\\u00e6rt til smaker, teksturer og f\\u00f8lelser. \",\"standardImages\":[\"96\"],\"standardBodyText\":\"<p>Vi \\u00f8nsker \\u00e5 integrere deg og kretsl\\u00f8pene som g\\u00e5rdene v\\u00e5re representerer, fra dyrene deres, fra jorda og fra havet. Vi bruker tid p\\u00e5 \\u00e5 finne r\\u00e5varersom best viser egenskapene til tiden vi er i og til stedet vi er p\\u00e5.<br><\\/p>\"}},\"123\":{\"modified\":\"1\",\"type\":\"journal\",\"enabled\":\"1\",\"collapsed\":\"1\",\"level\":\"0\",\"fields\":{\"customChooseJournal\":[\"90\"],\"settingImagePosition\":\"right\",\"settingTextOverImage\":\"\"}},\"124\":{\"modified\":\"1\",\"type\":\"journal\",\"enabled\":\"1\",\"collapsed\":\"1\",\"level\":\"0\",\"fields\":{\"customChooseJournal\":[\"94\"],\"settingImagePosition\":\"left\",\"settingTextOverImage\":\"\"}}}}}', '2017-12-15 13:53:38', '2017-12-15 13:53:38', 'd82d10b8-2b26-4c69-8742-5134c385c175'),
 ('133', '7', '4', '49', 'en', '56', '', '{\"typeId\":\"4\",\"authorId\":\"1\",\"title\":\"Credo\",\"slug\":\"restaurant\",\"postDate\":1505469180,\"expiryDate\":null,\"enabled\":1,\"parentId\":\"\",\"fields\":{\"3\":{\"60\":{\"modified\":\"1\",\"type\":\"introLinks\",\"enabled\":\"1\",\"collapsed\":\"1\",\"level\":\"0\",\"fields\":{\"standardHeading\":\"Hva er du p\\u00e5 utkikk etter?\",\"customIntroLinks\":{\"61\":{\"type\":\"link\",\"enabled\":\"1\",\"fields\":{\"navn\":\"Book bord\",\"internLink\":[\"55\"],\"externalLink\":\"\"}},\"76\":{\"type\":\"link\",\"enabled\":\"1\",\"fields\":{\"navn\":\"Aktuelle historier\",\"internLink\":\"\",\"externalLink\":\"\"}},\"77\":{\"type\":\"link\",\"enabled\":\"1\",\"fields\":{\"navn\":\"L\\u00e6re om v\\u00e5r filosofi\",\"internLink\":[\"16\"],\"externalLink\":\"\"}}}}},\"80\":{\"modified\":\"1\",\"type\":\"introBoxes\",\"enabled\":\"1\",\"collapsed\":\"0\",\"level\":\"0\",\"fields\":{\"standardImages\":[\"99\",\"127\"],\"standardHeading\":\"Kj\\u00e6rlighet til r\\u00e5varen\",\"standardBodyText\":\"<p>Credo er en r\\u00e5vare-drevet restaurant som \\u00e5pnet i Credoveita i Trondheim i 1998. Februar 2018 gjen\\u00e5pner vi p\\u00e5 Lilleby i nye lokaler. &nbsp;<\\/p>\"}},\"62\":{\"modified\":\"1\",\"type\":\"journal\",\"enabled\":\"1\",\"collapsed\":\"1\",\"level\":\"0\",\"fields\":{\"customChooseJournal\":[\"83\"],\"settingImagePosition\":\"left\",\"settingTextOverImage\":\"1\"}},\"97\":{\"modified\":\"1\",\"type\":\"imageFullWidth\",\"enabled\":\"1\",\"collapsed\":\"1\",\"level\":\"0\",\"fields\":{\"standardHeading\":\"Vi tar deg n\\u00e6rt til smaker, teksturer og f\\u00f8lelser. \",\"standardImages\":[\"96\"],\"standardBodyText\":\"<p>Vi \\u00f8nsker \\u00e5 integrere deg og kretsl\\u00f8pene som g\\u00e5rdene v\\u00e5re representerer, fra dyrene deres, fra jorda og fra havet. Vi bruker tid p\\u00e5 \\u00e5 finne r\\u00e5varersom best viser egenskapene til tiden vi er i og til stedet vi er p\\u00e5.<br><\\/p>\"}},\"123\":{\"modified\":\"1\",\"type\":\"journal\",\"enabled\":\"1\",\"collapsed\":\"1\",\"level\":\"0\",\"fields\":{\"customChooseJournal\":[\"90\"],\"settingImagePosition\":\"right\",\"settingTextOverImage\":\"\"}},\"124\":{\"modified\":\"1\",\"type\":\"journal\",\"enabled\":\"1\",\"collapsed\":\"1\",\"level\":\"0\",\"fields\":{\"customChooseJournal\":[\"94\"],\"settingImagePosition\":\"left\",\"settingTextOverImage\":\"\"}}}}}', '2017-12-15 13:53:55', '2017-12-15 13:53:55', '7111b2d9-0088-4987-a701-8db5fe49429f'),
 ('134', '7', '4', '49', 'en', '57', '', '{\"typeId\":\"4\",\"authorId\":\"1\",\"title\":\"Credo\",\"slug\":\"restaurant\",\"postDate\":1505469180,\"expiryDate\":null,\"enabled\":1,\"parentId\":\"\",\"fields\":{\"3\":{\"60\":{\"modified\":\"1\",\"type\":\"introLinks\",\"enabled\":\"1\",\"collapsed\":\"1\",\"level\":\"0\",\"fields\":{\"standardHeading\":\"Hva er du p\\u00e5 utkikk etter?\",\"customIntroLinks\":{\"61\":{\"type\":\"link\",\"enabled\":\"1\",\"fields\":{\"navn\":\"Book bord\",\"internLink\":[\"55\"],\"externalLink\":\"\"}},\"76\":{\"type\":\"link\",\"enabled\":\"1\",\"fields\":{\"navn\":\"Aktuelle historier\",\"internLink\":\"\",\"externalLink\":\"\"}},\"77\":{\"type\":\"link\",\"enabled\":\"1\",\"fields\":{\"navn\":\"L\\u00e6re om v\\u00e5r filosofi\",\"internLink\":[\"16\"],\"externalLink\":\"\"}}}}},\"80\":{\"modified\":\"1\",\"type\":\"introBoxes\",\"enabled\":\"1\",\"collapsed\":\"0\",\"level\":\"0\",\"fields\":{\"standardImages\":[\"99\",\"129\"],\"standardHeading\":\"Kj\\u00e6rlighet til r\\u00e5varen\",\"standardBodyText\":\"<p>Credo er en r\\u00e5vare-drevet restaurant som \\u00e5pnet i Credoveita i Trondheim i 1998. Februar 2018 gjen\\u00e5pner vi p\\u00e5 Lilleby i nye lokaler. &nbsp;<\\/p>\"}},\"62\":{\"modified\":\"1\",\"type\":\"journal\",\"enabled\":\"1\",\"collapsed\":\"1\",\"level\":\"0\",\"fields\":{\"customChooseJournal\":[\"83\"],\"settingImagePosition\":\"left\",\"settingTextOverImage\":\"1\"}},\"97\":{\"modified\":\"1\",\"type\":\"imageFullWidth\",\"enabled\":\"1\",\"collapsed\":\"1\",\"level\":\"0\",\"fields\":{\"standardHeading\":\"Vi tar deg n\\u00e6rt til smaker, teksturer og f\\u00f8lelser. \",\"standardImages\":[\"96\"],\"standardBodyText\":\"<p>Vi \\u00f8nsker \\u00e5 integrere deg og kretsl\\u00f8pene som g\\u00e5rdene v\\u00e5re representerer, fra dyrene deres, fra jorda og fra havet. Vi bruker tid p\\u00e5 \\u00e5 finne r\\u00e5varersom best viser egenskapene til tiden vi er i og til stedet vi er p\\u00e5.<br><\\/p>\"}},\"123\":{\"modified\":\"1\",\"type\":\"journal\",\"enabled\":\"1\",\"collapsed\":\"1\",\"level\":\"0\",\"fields\":{\"customChooseJournal\":[\"90\"],\"settingImagePosition\":\"right\",\"settingTextOverImage\":\"\"}},\"124\":{\"modified\":\"1\",\"type\":\"journal\",\"enabled\":\"1\",\"collapsed\":\"1\",\"level\":\"0\",\"fields\":{\"customChooseJournal\":[\"94\"],\"settingImagePosition\":\"left\",\"settingTextOverImage\":\"\"}}}}}', '2017-12-15 13:55:20', '2017-12-15 13:55:20', '4e8ae8af-842e-433d-a73a-bffbf00c5c1e'),
 ('135', '7', '4', '49', 'en', '58', '', '{\"typeId\":\"4\",\"authorId\":\"1\",\"title\":\"Credo\",\"slug\":\"restaurant\",\"postDate\":1505469180,\"expiryDate\":null,\"enabled\":1,\"parentId\":\"\",\"fields\":{\"3\":{\"60\":{\"modified\":\"1\",\"type\":\"introLinks\",\"enabled\":\"1\",\"collapsed\":\"1\",\"level\":\"0\",\"fields\":{\"standardHeading\":\"Hva er du p\\u00e5 utkikk etter?\",\"customIntroLinks\":{\"61\":{\"type\":\"link\",\"enabled\":\"1\",\"fields\":{\"navn\":\"Book bord\",\"internLink\":[\"55\"],\"externalLink\":\"\"}},\"76\":{\"type\":\"link\",\"enabled\":\"1\",\"fields\":{\"navn\":\"Aktuelle historier\",\"internLink\":\"\",\"externalLink\":\"\"}},\"77\":{\"type\":\"link\",\"enabled\":\"1\",\"fields\":{\"navn\":\"L\\u00e6re om v\\u00e5r filosofi\",\"internLink\":[\"16\"],\"externalLink\":\"\"}}}}},\"80\":{\"modified\":\"1\",\"type\":\"introBoxes\",\"enabled\":\"1\",\"collapsed\":\"0\",\"level\":\"0\",\"fields\":{\"standardImages\":[\"99\",\"130\"],\"standardHeading\":\"Kj\\u00e6rlighet til r\\u00e5varen\",\"standardBodyText\":\"<p>Credo er en r\\u00e5vare-drevet restaurant som \\u00e5pnet i Credoveita i Trondheim i 1998. Februar 2018 gjen\\u00e5pner vi p\\u00e5 Lilleby i nye lokaler. &nbsp;<\\/p>\"}},\"62\":{\"modified\":\"1\",\"type\":\"journal\",\"enabled\":\"1\",\"collapsed\":\"1\",\"level\":\"0\",\"fields\":{\"customChooseJournal\":[\"83\"],\"settingImagePosition\":\"left\",\"settingTextOverImage\":\"1\"}},\"97\":{\"modified\":\"1\",\"type\":\"imageFullWidth\",\"enabled\":\"1\",\"collapsed\":\"1\",\"level\":\"0\",\"fields\":{\"standardHeading\":\"Vi tar deg n\\u00e6rt til smaker, teksturer og f\\u00f8lelser. \",\"standardImages\":[\"96\"],\"standardBodyText\":\"<p>Vi \\u00f8nsker \\u00e5 integrere deg og kretsl\\u00f8pene som g\\u00e5rdene v\\u00e5re representerer, fra dyrene deres, fra jorda og fra havet. Vi bruker tid p\\u00e5 \\u00e5 finne r\\u00e5varersom best viser egenskapene til tiden vi er i og til stedet vi er p\\u00e5.<br><\\/p>\"}},\"123\":{\"modified\":\"1\",\"type\":\"journal\",\"enabled\":\"1\",\"collapsed\":\"1\",\"level\":\"0\",\"fields\":{\"customChooseJournal\":[\"90\"],\"settingImagePosition\":\"right\",\"settingTextOverImage\":\"\"}},\"124\":{\"modified\":\"1\",\"type\":\"journal\",\"enabled\":\"1\",\"collapsed\":\"1\",\"level\":\"0\",\"fields\":{\"customChooseJournal\":[\"94\"],\"settingImagePosition\":\"left\",\"settingTextOverImage\":\"\"}}}}}', '2017-12-15 13:56:16', '2017-12-15 13:56:16', '1d08a900-e47a-4362-87c4-1ef4ddae8fbd'),
 ('136', '7', '4', '49', 'en', '59', '', '{\"typeId\":\"4\",\"authorId\":\"1\",\"title\":\"Credo\",\"slug\":\"restaurant\",\"postDate\":1505469180,\"expiryDate\":null,\"enabled\":1,\"parentId\":\"\",\"fields\":{\"3\":{\"60\":{\"modified\":\"1\",\"type\":\"introLinks\",\"enabled\":\"1\",\"collapsed\":\"1\",\"level\":\"0\",\"fields\":{\"standardHeading\":\"Hva er du p\\u00e5 utkikk etter?\",\"customIntroLinks\":{\"61\":{\"type\":\"link\",\"enabled\":\"1\",\"fields\":{\"navn\":\"Book bord\",\"internLink\":[\"55\"],\"externalLink\":\"\"}},\"76\":{\"type\":\"link\",\"enabled\":\"1\",\"fields\":{\"navn\":\"Aktuelle historier\",\"internLink\":\"\",\"externalLink\":\"\"}},\"77\":{\"type\":\"link\",\"enabled\":\"1\",\"fields\":{\"navn\":\"L\\u00e6re om v\\u00e5r filosofi\",\"internLink\":[\"16\"],\"externalLink\":\"\"}}}}},\"80\":{\"modified\":\"1\",\"type\":\"introBoxes\",\"enabled\":\"1\",\"collapsed\":\"0\",\"level\":\"0\",\"fields\":{\"standardImages\":[\"130\",\"131\"],\"standardHeading\":\"Kj\\u00e6rlighet til r\\u00e5varen\",\"standardBodyText\":\"<p>Credo er en r\\u00e5vare-drevet restaurant som \\u00e5pnet i Credoveita i Trondheim i 1998. Februar 2018 gjen\\u00e5pner vi p\\u00e5 Lilleby i nye lokaler. &nbsp;<\\/p>\"}},\"62\":{\"modified\":\"1\",\"type\":\"journal\",\"enabled\":\"1\",\"collapsed\":\"1\",\"level\":\"0\",\"fields\":{\"customChooseJournal\":[\"83\"],\"settingImagePosition\":\"left\",\"settingTextOverImage\":\"1\"}},\"97\":{\"modified\":\"1\",\"type\":\"imageFullWidth\",\"enabled\":\"1\",\"collapsed\":\"1\",\"level\":\"0\",\"fields\":{\"standardHeading\":\"Vi tar deg n\\u00e6rt til smaker, teksturer og f\\u00f8lelser. \",\"standardImages\":[\"96\"],\"standardBodyText\":\"<p>Vi \\u00f8nsker \\u00e5 integrere deg og kretsl\\u00f8pene som g\\u00e5rdene v\\u00e5re representerer, fra dyrene deres, fra jorda og fra havet. Vi bruker tid p\\u00e5 \\u00e5 finne r\\u00e5varersom best viser egenskapene til tiden vi er i og til stedet vi er p\\u00e5.<br><\\/p>\"}},\"123\":{\"modified\":\"1\",\"type\":\"journal\",\"enabled\":\"1\",\"collapsed\":\"1\",\"level\":\"0\",\"fields\":{\"customChooseJournal\":[\"90\"],\"settingImagePosition\":\"right\",\"settingTextOverImage\":\"\"}},\"124\":{\"modified\":\"1\",\"type\":\"journal\",\"enabled\":\"1\",\"collapsed\":\"1\",\"level\":\"0\",\"fields\":{\"customChooseJournal\":[\"94\"],\"settingImagePosition\":\"left\",\"settingTextOverImage\":\"\"}}}}}', '2017-12-15 13:58:38', '2017-12-15 13:58:38', '1f92667c-69a9-445a-b439-432f3d2176b9'),
 ('137', '7', '4', '49', 'en', '60', '', '{\"typeId\":\"4\",\"authorId\":\"1\",\"title\":\"Credo\",\"slug\":\"restaurant\",\"postDate\":1505469180,\"expiryDate\":null,\"enabled\":1,\"parentId\":\"\",\"fields\":{\"3\":{\"60\":{\"modified\":\"1\",\"type\":\"introLinks\",\"enabled\":\"1\",\"collapsed\":\"1\",\"level\":\"0\",\"fields\":{\"standardHeading\":\"Hva er du p\\u00e5 utkikk etter?\",\"customIntroLinks\":{\"61\":{\"type\":\"link\",\"enabled\":\"1\",\"fields\":{\"navn\":\"Book bord\",\"internLink\":[\"55\"],\"externalLink\":\"\"}},\"76\":{\"type\":\"link\",\"enabled\":\"1\",\"fields\":{\"navn\":\"Aktuelle historier\",\"internLink\":\"\",\"externalLink\":\"\"}},\"77\":{\"type\":\"link\",\"enabled\":\"1\",\"fields\":{\"navn\":\"L\\u00e6re om v\\u00e5r filosofi\",\"internLink\":[\"16\"],\"externalLink\":\"\"}}}}},\"80\":{\"modified\":\"1\",\"type\":\"introBoxes\",\"enabled\":\"1\",\"collapsed\":\"0\",\"level\":\"0\",\"fields\":{\"standardImages\":[\"131\",\"130\"],\"standardHeading\":\"Kj\\u00e6rlighet til r\\u00e5varen\",\"standardBodyText\":\"<p>Credo er en r\\u00e5vare-drevet restaurant som \\u00e5pnet i Credoveita i Trondheim i 1998. Februar 2018 gjen\\u00e5pner vi p\\u00e5 Lilleby i nye lokaler. &nbsp;<\\/p>\"}},\"62\":{\"modified\":\"1\",\"type\":\"journal\",\"enabled\":\"1\",\"collapsed\":\"1\",\"level\":\"0\",\"fields\":{\"customChooseJournal\":[\"83\"],\"settingImagePosition\":\"left\",\"settingTextOverImage\":\"1\"}},\"97\":{\"modified\":\"1\",\"type\":\"imageFullWidth\",\"enabled\":\"1\",\"collapsed\":\"1\",\"level\":\"0\",\"fields\":{\"standardHeading\":\"Vi tar deg n\\u00e6rt til smaker, teksturer og f\\u00f8lelser. \",\"standardImages\":[\"96\"],\"standardBodyText\":\"<p>Vi \\u00f8nsker \\u00e5 integrere deg og kretsl\\u00f8pene som g\\u00e5rdene v\\u00e5re representerer, fra dyrene deres, fra jorda og fra havet. Vi bruker tid p\\u00e5 \\u00e5 finne r\\u00e5varersom best viser egenskapene til tiden vi er i og til stedet vi er p\\u00e5.<br><\\/p>\"}},\"123\":{\"modified\":\"1\",\"type\":\"journal\",\"enabled\":\"1\",\"collapsed\":\"1\",\"level\":\"0\",\"fields\":{\"customChooseJournal\":[\"90\"],\"settingImagePosition\":\"right\",\"settingTextOverImage\":\"\"}},\"124\":{\"modified\":\"1\",\"type\":\"journal\",\"enabled\":\"1\",\"collapsed\":\"1\",\"level\":\"0\",\"fields\":{\"customChooseJournal\":[\"94\"],\"settingImagePosition\":\"left\",\"settingTextOverImage\":\"\"}}}}}', '2017-12-15 13:58:58', '2017-12-15 13:58:58', '5799569e-5597-4a07-86ad-8c86ca931dbc'),
 ('138', '94', '3', '49', 'en', '2', '', '{\"typeId\":\"3\",\"authorId\":\"49\",\"title\":\"Fannremsg\\u00e5rden, Orkdal\",\"slug\":\"fannremsgarden\",\"postDate\":1513339800,\"expiryDate\":null,\"enabled\":1,\"parentId\":null,\"fields\":{\"17\":[\"4\"],\"4\":[\"92\"],\"10\":\"<p>Sm\\u00e5kk\\u00e5 p\\u00e5 historien p\\u00e5 Fannremsg\\u00e5rden.<br><\\/p>\",\"3\":{\"95\":{\"modified\":\"1\",\"type\":\"imageWithText\",\"enabled\":\"1\",\"collapsed\":\"0\",\"level\":\"0\",\"fields\":{\"standardImages\":[\"93\"],\"standardBodyText\":\"<p>Credo jobber sv\\u00e6rt tett med historiker og g\\u00e5rdbruker Jon Fredrik Skauge. Blant flere r\\u00e5varer henter vi ukentlig nykinnet sm\\u00f8r, fersk melk, r\\u00f8mme og kj\\u00f8tt \\u2013 alt fra g\\u00e5rdens sidete Tr\\u00f8nderfe. De ulike sesongene gir r\\u00e5varer som endrer smak hele tiden, til v\\u00e5r store begeistring.<br><\\/p>\",\"settingImagePosition\":\"left\"}}},\"16\":\"\"}}', '2017-12-15 14:19:55', '2017-12-15 14:19:55', 'd2b78571-316c-49a0-828e-a7e071ea88e2'),
 ('139', '90', '3', '49', 'en', '3', '', '{\"typeId\":\"3\",\"authorId\":\"49\",\"title\":\"Skj\\u00f8lberg S\\u00f8ndre, Svorkmo\",\"slug\":\"skjolberg-sondre\",\"postDate\":1513339680,\"expiryDate\":null,\"enabled\":1,\"parentId\":null,\"fields\":{\"17\":[\"4\"],\"4\":[\"125\"],\"10\":\"<p>Skj\\u00f8lberg S\\u00f8ndre er en biodynamisk kretsl\\u00f8psg\\u00e5rd som drives av Elin \\u00d6stlund og Carl Erik Skj\\u00f8lberg.&nbsp;<\\/p>\",\"3\":{\"91\":{\"modified\":\"1\",\"type\":\"imageWithText\",\"enabled\":\"1\",\"collapsed\":\"0\",\"level\":\"0\",\"fields\":{\"standardImages\":[\"89\"],\"standardBodyText\":\"<p>Her arbeider de med jordbrukskulturer hvor mangfold, smak, opplevelser og nysgjerrighet for naturens orden er det sentrale. \\u00c5 plukke rene, \\u00e6rlige gr\\u00f8nnsaker og urter med egne hender er et h\\u00f8ydepunkt for oss som kokker, og vi setter sv\\u00e6rt stor pris p\\u00e5 kunnskapen som Skj\\u00f8lberg S\\u00f8ndre viser oss om agro-\\u00f8kologisk jordbruk.<br><a href=\\\"http:\\/\\/www.skjolbergsondre.no\\/\\\">www.skjolbergsondre.no<\\/a><\\/p>\",\"settingImagePosition\":\"left\"}}},\"16\":\"\"}}', '2017-12-15 14:20:17', '2017-12-15 14:20:17', '6247bd66-87a2-4f96-bec7-e9da668e1c36'),
 ('140', '8', '4', '49', 'en', '3', '', '{\"typeId\":\"4\",\"authorId\":\"1\",\"title\":\"Finnes\",\"slug\":\"finnes\",\"postDate\":1505469180,\"expiryDate\":null,\"enabled\":1,\"parentId\":\"\",\"fields\":{\"3\":{\"new0\":{\"modified\":\"1\",\"type\":\"introWithOpeningHours\",\"enabled\":\"1\",\"collapsed\":\"0\",\"level\":\"0\",\"fields\":{\"standardImages\":[\"132\"],\"standardHeading\":\"Velkommen til oss\",\"standardBodyText\":\"<p>Innkvartert i Lillebys historiske gamle barnehjem er Finnes Kafe det siste kulinariske tillegget til Heidi Bjerkans voksende spisestue.<\\/p>\"}},\"new1\":{\"modified\":\"1\",\"type\":\"journal\",\"enabled\":\"1\",\"collapsed\":\"0\",\"level\":\"0\",\"fields\":{\"customChooseJournal\":[\"55\"],\"settingImagePosition\":\"left\",\"settingTextOverImage\":\"\"}},\"new2\":{\"modified\":\"1\",\"type\":\"journal\",\"enabled\":\"1\",\"collapsed\":\"0\",\"level\":\"0\",\"fields\":{\"customChooseJournal\":[\"83\"],\"settingImagePosition\":\"right\",\"settingTextOverImage\":\"\"}}}}}', '2017-12-15 14:45:50', '2017-12-15 14:45:50', '36a401dc-0a5f-48d8-83de-eaba8ad5e7f7'),
 ('141', '7', '4', '49', 'en', '61', '', '{\"typeId\":\"4\",\"authorId\":\"1\",\"title\":\"Credo\",\"slug\":\"restaurant\",\"postDate\":1505469180,\"expiryDate\":null,\"enabled\":1,\"parentId\":\"\",\"fields\":{\"3\":{\"60\":{\"modified\":\"1\",\"type\":\"introLinks\",\"enabled\":\"1\",\"collapsed\":\"0\",\"level\":\"0\",\"fields\":{\"standardHeading\":\"Hva er du p\\u00e5 utkikk etter?\",\"customIntroLinks\":{\"61\":{\"type\":\"link\",\"enabled\":\"1\",\"fields\":{\"navn\":\"Book bord\",\"internLink\":[\"55\"],\"externalLink\":\"\"}},\"76\":{\"type\":\"link\",\"enabled\":\"1\",\"fields\":{\"navn\":\"Aktuelle historier\",\"internLink\":\"\",\"externalLink\":\"http:\\/\\/credo.skogen.io\\/restaurant\\/journal\"}},\"77\":{\"type\":\"link\",\"enabled\":\"1\",\"fields\":{\"navn\":\"L\\u00e6re om v\\u00e5r filosofi\",\"internLink\":[\"16\"],\"externalLink\":\"\"}}}}},\"80\":{\"modified\":\"1\",\"type\":\"introBoxes\",\"enabled\":\"1\",\"collapsed\":\"0\",\"level\":\"0\",\"fields\":{\"standardImages\":[\"131\",\"130\"],\"standardHeading\":\"Kj\\u00e6rlighet til r\\u00e5varen\",\"standardBodyText\":\"<p>Credo er en r\\u00e5vare-drevet restaurant som \\u00e5pnet i Credoveita i Trondheim i 1998. Februar 2018 gjen\\u00e5pner vi p\\u00e5 Lilleby i nye lokaler. &nbsp;<\\/p>\"}},\"62\":{\"modified\":\"1\",\"type\":\"journal\",\"enabled\":\"1\",\"collapsed\":\"1\",\"level\":\"0\",\"fields\":{\"customChooseJournal\":[\"83\"],\"settingImagePosition\":\"left\",\"settingTextOverImage\":\"1\"}},\"97\":{\"modified\":\"1\",\"type\":\"imageFullWidth\",\"enabled\":\"1\",\"collapsed\":\"1\",\"level\":\"0\",\"fields\":{\"standardHeading\":\"Vi tar deg n\\u00e6rt til smaker, teksturer og f\\u00f8lelser. \",\"standardImages\":[\"96\"],\"standardBodyText\":\"<p>Vi \\u00f8nsker \\u00e5 integrere deg og kretsl\\u00f8pene som g\\u00e5rdene v\\u00e5re representerer, fra dyrene deres, fra jorda og fra havet. Vi bruker tid p\\u00e5 \\u00e5 finne r\\u00e5varersom best viser egenskapene til tiden vi er i og til stedet vi er p\\u00e5.<br><\\/p>\"}},\"123\":{\"modified\":\"1\",\"type\":\"journal\",\"enabled\":\"1\",\"collapsed\":\"1\",\"level\":\"0\",\"fields\":{\"customChooseJournal\":[\"90\"],\"settingImagePosition\":\"right\",\"settingTextOverImage\":\"\"}},\"124\":{\"modified\":\"1\",\"type\":\"journal\",\"enabled\":\"1\",\"collapsed\":\"1\",\"level\":\"0\",\"fields\":{\"customChooseJournal\":[\"94\"],\"settingImagePosition\":\"left\",\"settingTextOverImage\":\"\"}}}}}', '2017-12-15 14:50:18', '2017-12-15 14:50:18', '1e3d45dc-a51c-4f2e-b796-cd4740948b87'),
 ('142', '9', '4', '49', 'en', '3', '', '{\"typeId\":\"4\",\"authorId\":\"1\",\"title\":\"Jossa\",\"slug\":\"jossa\",\"postDate\":1505469240,\"expiryDate\":null,\"enabled\":1,\"parentId\":\"\",\"fields\":{\"3\":{\"new0\":{\"modified\":\"1\",\"type\":\"introWithOpeningHours\",\"enabled\":\"1\",\"collapsed\":\"0\",\"level\":\"0\",\"fields\":{\"standardImages\":[\"139\"],\"standardHeading\":\"Credo p\\u00e5 tur\",\"standardBodyText\":\"<p>Jossa er et&nbsp;rustikk alternativ til Credo, og endrer meny ut i fra hvor Jossa reiser.<\\/p>\"}}}}}', '2017-12-15 15:15:34', '2017-12-15 15:15:34', 'f73cc3d2-ffb1-4800-bdef-71da2f4a779b'),
 ('143', '141', '3', '49', 'en', '1', '', '{\"typeId\":null,\"authorId\":\"49\",\"title\":\"P\\u00e5 tur til Peru\",\"slug\":\"pa-tur-til-peru\",\"postDate\":1513351070,\"expiryDate\":null,\"enabled\":1,\"parentId\":null,\"fields\":{\"17\":[\"6\"],\"4\":[\"120\"],\"10\":\"<p>P\\u00e5 midten av 1900-tallet bodde det en nysgjerrig, uj\\u00e5lete og raus dame i Credoveita; Josefine Halvorsen. Selv om Trondheim sto hjertet henne n\\u00e6rmest, hadde hun en umettelig utfartstrang i verden. <i>Hva trigget henne?<\\/i> Vi tror det var jakten p\\u00e5 de rene smakene. Og mat som ingen hun kjente hadde h\\u00f8rt om f\\u00f8r. Rettene m\\u00e5tte ha jordn\\u00e6r betydning for \\u00e5 smake det lille ekstra, i f\\u00f8lge Jossa.<br><\\/p>\\r\\n\",\"3\":\"\",\"16\":\"\"}}', '2017-12-15 15:17:50', '2017-12-15 15:17:50', 'b462da75-2a54-4c25-9aa2-cee557a9604f'),
 ('144', '9', '4', '49', 'en', '4', '', '{\"typeId\":\"4\",\"authorId\":\"1\",\"title\":\"Jossa\",\"slug\":\"jossa\",\"postDate\":1505469240,\"expiryDate\":null,\"enabled\":1,\"parentId\":\"\",\"fields\":{\"3\":{\"140\":{\"modified\":\"1\",\"type\":\"introWithOpeningHours\",\"enabled\":\"1\",\"collapsed\":\"0\",\"level\":\"0\",\"fields\":{\"standardImages\":[\"139\"],\"standardHeading\":\"Credo p\\u00e5 tur\",\"standardBodyText\":\"<p>Jossa er et&nbsp;rustikk alternativ til Credo, og endrer meny ut i fra hvor Jossa reiser.<\\/p>\"}},\"new0\":{\"modified\":\"1\",\"type\":\"journal\",\"enabled\":\"1\",\"collapsed\":\"0\",\"level\":\"0\",\"fields\":{\"customChooseJournal\":[\"141\"],\"settingImagePosition\":\"left\",\"settingTextOverImage\":\"\"}}}}}', '2017-12-15 15:18:20', '2017-12-15 15:18:20', 'b47edbea-ccf0-48f2-9af4-f6c8426b6258'),
 ('145', '20', '4', '49', 'en', '2', '', '{\"typeId\":\"4\",\"authorId\":\"1\",\"title\":\"Om oss\",\"slug\":\"om-oss\",\"postDate\":1505469360,\"expiryDate\":null,\"enabled\":1,\"parentId\":\"9\",\"fields\":{\"3\":{\"new0\":{\"modified\":\"1\",\"type\":\"imageFullWidth\",\"enabled\":\"1\",\"collapsed\":\"0\",\"level\":\"0\",\"fields\":{\"standardHeading\":\"Jossa\",\"standardImages\":[\"143\"],\"standardBodyText\":\"<p>P\\u00e5 midten av 1900-tallet bodde det en nysgjerrig, uj\\u00e5lete og raus dame i Credoveita; Josefine Halvorsen. Selv om Trondheim sto hjertet henne n\\u00e6rmest, hadde hun en umettelig utfartstrang i verden. <i>Hva trigget henne?<\\/i> Vi tror det var jakten p\\u00e5 de rene smakene. Og mat som ingen hun kjente hadde h\\u00f8rt om f\\u00f8r. Rettene m\\u00e5tte ha jordn\\u00e6r betydning for \\u00e5 smake det lille ekstra, i f\\u00f8lge Jossa. Hun \\u00f8nsket \\u00e5 forst\\u00e5 seg p\\u00e5 verden gjennom mat. Vi er derfor veldig glad og takknemlig for \\u00e5 f\\u00e5 fortsette historiene hennes videre, gjennom Jossa mat og drikke her i Credoveita.<br><\\/p>\\r\\n\"}},\"new1\":{\"modified\":\"1\",\"type\":\"text\",\"enabled\":\"1\",\"collapsed\":\"0\",\"level\":\"0\",\"fields\":{\"standardHeading\":\"Vi \\u00e5pner i starten av 2018, s\\u00e5 meld deg p\\u00e5 nyhetsbrevet v\\u00e5rt for \\u00e5 motta oppdateringer.\",\"standardBodyText\":\"\"}}}}}', '2017-12-15 15:21:00', '2017-12-15 15:21:00', '26ce43f9-835d-4f2e-9cba-2194bfc3d877'),
 ('146', '20', '4', '49', 'en', '3', '', '{\"typeId\":\"4\",\"authorId\":\"1\",\"title\":\"Om oss\",\"slug\":\"om-oss\",\"postDate\":1505469360,\"expiryDate\":null,\"enabled\":1,\"parentId\":\"9\",\"fields\":{\"3\":{\"144\":{\"modified\":\"1\",\"type\":\"imageFullWidth\",\"enabled\":\"1\",\"collapsed\":\"0\",\"level\":\"0\",\"fields\":{\"standardHeading\":\"Jossa\",\"standardImages\":[\"146\"],\"standardBodyText\":\"<p>P\\u00e5 midten av 1900-tallet bodde det en nysgjerrig, uj\\u00e5lete og raus dame i Credoveita; Josefine Halvorsen. Selv om Trondheim sto hjertet henne n\\u00e6rmest, hadde hun en umettelig utfartstrang i verden. <em>Hva trigget henne?<\\/em> Vi tror det var jakten p\\u00e5 de rene smakene. Og mat som ingen hun kjente hadde h\\u00f8rt om f\\u00f8r. Rettene m\\u00e5tte ha jordn\\u00e6r betydning for \\u00e5 smake det lille ekstra, i f\\u00f8lge Jossa. Hun \\u00f8nsket \\u00e5 forst\\u00e5 seg p\\u00e5 verden gjennom mat. Vi er derfor veldig glad og takknemlig for \\u00e5 f\\u00e5 fortsette historiene hennes videre, gjennom Jossa mat og drikke her i Credoveita.<br><\\/p>\"}},\"145\":{\"modified\":\"1\",\"type\":\"text\",\"enabled\":\"1\",\"collapsed\":\"0\",\"level\":\"0\",\"fields\":{\"standardHeading\":\"Vi \\u00e5pner i starten av 2018, s\\u00e5 meld deg p\\u00e5 nyhetsbrevet v\\u00e5rt for \\u00e5 motta oppdateringer.\",\"standardBodyText\":\"\"}}}}}', '2017-12-15 15:22:14', '2017-12-15 15:22:14', '1d3eb8bd-d534-4a3e-85ab-b78bfa18a73c'),
 ('147', '16', '4', '49', 'en', '5', '', '{\"typeId\":\"4\",\"authorId\":\"1\",\"title\":\"Om oss\",\"slug\":\"om-oss\",\"postDate\":1505469360,\"expiryDate\":null,\"enabled\":1,\"parentId\":\"7\",\"fields\":{\"3\":{\"102\":{\"modified\":\"1\",\"type\":\"imageFullWidth\",\"enabled\":\"1\",\"collapsed\":\"0\",\"level\":\"0\",\"fields\":{\"standardHeading\":\"Credos hjerte ligger der r\\u00e5varene produseres.\",\"standardImages\":[\"82\"],\"standardBodyText\":\"<p>P\\u00e5 Credo skal du f\\u00e5 mat laget p\\u00e5 r\\u00e5varer dyrket i regionen, fisket i havet utenfor, og meieriprodukter kultivert p\\u00e5 m\\u00e5ter der smak og b\\u00e6rekraft er viktige elementer.<br><\\/p>\"}},\"103\":{\"modified\":\"1\",\"type\":\"textQuote\",\"enabled\":\"1\",\"collapsed\":\"0\",\"level\":\"0\",\"fields\":{\"standardImages\":[\"81\"],\"standardBodyText\":\"<p>Credo \\u00e5pnet i Credoveita i Trondheim i 1998. Februar 2018 gjen\\u00e5pner vi p\\u00e5 Lilleby i nye lokaler. &nbsp;<\\/p>\",\"standardSubHeading\":\"\"}},\"104\":{\"modified\":\"1\",\"type\":\"imageWithText\",\"enabled\":\"1\",\"collapsed\":\"0\",\"level\":\"0\",\"fields\":{\"standardImages\":[\"98\"],\"standardBodyText\":\"<p>Credo \\u00f8nsker \\u00e5 ta deg gjennom flerfoldige smaker, teksturer og f\\u00f8lelser. Vi \\u00f8nsker \\u00e5 vise deg g\\u00e5rdene v\\u00e5re, fra dyrene deres, fra jorda og fra havet. Vi bruker tid p\\u00e5 \\u00e5 finne r\\u00e5varer som best viser egenskapene til tiden vi er i og til stedet vi er. Menyen er basert p\\u00e5 det mest interessante og beste vi f\\u00e5r levert, fra dag til dag. Vi setter ogs\\u00e5 sammen en drikkemeny som p\\u00e5 beste mulige m\\u00e5te komplementerer og l\\u00f8fter frem hver enkelt rett. Har du spesielle \\u00f8nsker kan du gjerne bestille fra v\\u00e5r rikholdige vinkjeller best\\u00e5ende av flere tusen viner.<br><\\/p>\\r\\n<p>Med n\\u00e6r kontakt til produsentene v\\u00e5re og med en etisk tiln\\u00e6rming til det vi gj\\u00f8r, s\\u00f8ker vi kontinuerlig utvikling mot b\\u00e6rekraft. Vi tror veldig p\\u00e5 at dette gjenspeiler seg i smak. <br><\\/p>\",\"settingImagePosition\":\"left\"}},\"105\":{\"modified\":\"1\",\"type\":\"image\",\"enabled\":\"1\",\"collapsed\":\"0\",\"level\":\"0\",\"fields\":{\"standardImages\":[\"99\"]}},\"106\":{\"modified\":\"1\",\"type\":\"imageWithText\",\"enabled\":\"1\",\"collapsed\":\"0\",\"level\":\"0\",\"fields\":{\"standardImages\":[\"79\"],\"standardBodyText\":\"<p>R\\u00e5varene er motivasjonen v\\u00e5r. Hvorfor skulle vi ellers betale 260 kroner per kilo sm\\u00f8r? Med rent h\\u00e5ndverk kan vi som kokker utfolde oss med en oppmerksomhet rettet utad, p\\u00e5 gjesten som en del av et system. Vi tror at ethvert komponent er gjeldende - dyrene, skogen, jorden, m\\u00e5nen, sj\\u00f8en, kroppen.<br><\\/p>\\r\\n<p>Vi tar deg n\\u00e6rt til smaker, teksturer og f\\u00f8lelser. Vi \\u00f8nsker \\u00e5 integrere deg og kretsl\\u00f8pene som g\\u00e5rdene v\\u00e5re representerer, fra dyrene deres, fra jorda og fra havet. Vi bruker tid p\\u00e5 \\u00e5 finne r\\u00e5varer som best viser egenskapene til tiden vi er i og til stedet vi er p\\u00e5.<\\/p>\",\"settingImagePosition\":\"right\"}},\"107\":{\"modified\":\"1\",\"type\":\"imageFullWidth\",\"enabled\":\"1\",\"collapsed\":\"0\",\"level\":\"0\",\"fields\":{\"standardHeading\":\"Heidi\",\"standardImages\":[\"127\"],\"standardBodyText\":\"<p>Heidi Bjerkan (1970) er en norsk kokk, kj\\u00f8kkensjef og medeier. Hun \\u00e5pnet Credo Restaurant i Credoveita, Trondheim i 1997.<\\/p>\"}},\"108\":{\"modified\":\"1\",\"type\":\"imageWithText\",\"enabled\":\"1\",\"collapsed\":\"0\",\"level\":\"0\",\"fields\":{\"standardImages\":[\"101\"],\"standardBodyText\":\"<p>Heidi Bjerkan vokste opp i Trondheim og i b\\u00e5ten til bestefaren p\\u00e5 Garten - tr\\u00f8ndelagskysten. Her knyttet hun sterke b\\u00e5nd til jord og vann, som siden er \\u00e5 se i hennes matlaging. For Heidi Bjerkan er det b\\u00f8ndene som er heltene, og det er produsentene som skal skinne. Gjennom m\\u00e5ltidet p\\u00e5 Credo tar hun med alle gjestene p\\u00e5 hennes tur gjennom g\\u00e5rdene, sj\\u00f8en og skogen der r\\u00e5varene kommer fra.<br><\\/p>\\r\\n<p>Heidi Bjerkan engasjerer seg for mer kunnskap, for bedre landbruk og for st\\u00f8rre interesse for tradisjoner, og Heidi Bjerkan fikk i \\u00e5r Matprisen for sitt engasjement for bedre mat og et bedre landbruk. <\\/p>\",\"settingImagePosition\":\"left\"}},\"111\":{\"modified\":\"1\",\"type\":\"image\",\"enabled\":\"1\",\"collapsed\":\"0\",\"level\":\"0\",\"fields\":{\"standardImages\":[\"109\"]}},\"112\":{\"modified\":\"1\",\"type\":\"text\",\"enabled\":\"1\",\"collapsed\":\"0\",\"level\":\"0\",\"fields\":{\"standardHeading\":\"Skj\\u00f8lberg S\\u00f8ndre, Svorkmo\",\"standardBodyText\":\"<p>Skj\\u00f8lberg S\\u00f8ndre er en biodynamisk kretsl\\u00f8psg\\u00e5rd som drives av Elin \\u00d6stlund og Carl Erik Skj\\u00f8lberg. Her arbeider de med jordbrukskulturer hvor mangfold, smak, opplevelser og nysgjerrighet for naturens orden er det sentrale. \\u00c5 plukke rene, \\u00e6rlige gr\\u00f8nnsaker og urter med egne hender er et h\\u00f8ydepunkt for oss som kokker, og vi setter sv\\u00e6rt stor pris p\\u00e5 kunnskapen som Skj\\u00f8lberg S\\u00f8ndre viser oss om agro-\\u00f8kologisk jordbruk.<\\/p>\"}},\"113\":{\"modified\":\"1\",\"type\":\"image\",\"enabled\":\"1\",\"collapsed\":\"0\",\"level\":\"0\",\"fields\":{\"standardImages\":[\"110\"]}},\"114\":{\"modified\":\"1\",\"type\":\"text\",\"enabled\":\"1\",\"collapsed\":\"0\",\"level\":\"0\",\"fields\":{\"standardHeading\":\"Fannremsg\\u00e5rden, Orkdal\",\"standardBodyText\":\"<p>Credo jobber sv\\u00e6rt tett med historiker og g\\u00e5rdbruker Jon Fredrik Skauge. Blant flere r\\u00e5varer henter vi ukentlig nykinnet sm\\u00f8r, fersk melk, r\\u00f8mme og kj\\u00f8tt \\u2013 alt fra g\\u00e5rdens sidete Tr\\u00f8nderfe. De ulike sesongene gir r\\u00e5varer som endrer smak hele tiden, til v\\u00e5r store begeistring.<\\/p>\"}}}}}', '2017-12-15 15:24:33', '2017-12-15 15:24:33', 'c650a374-5089-47ed-91b1-1f61766f13a4'),
 ('148', '16', '4', '49', 'en', '6', '', '{\"typeId\":\"4\",\"authorId\":\"1\",\"title\":\"Om oss\",\"slug\":\"om-oss\",\"postDate\":1505469360,\"expiryDate\":null,\"enabled\":1,\"parentId\":\"7\",\"fields\":{\"3\":{\"102\":{\"modified\":\"1\",\"type\":\"imageFullWidth\",\"enabled\":\"1\",\"collapsed\":\"0\",\"level\":\"0\",\"fields\":{\"standardHeading\":\"Credos hjerte ligger der r\\u00e5varene produseres.\",\"standardImages\":[\"82\"],\"standardBodyText\":\"<p>P\\u00e5 Credo skal du f\\u00e5 mat laget p\\u00e5 r\\u00e5varer dyrket i regionen, fisket i havet utenfor, og meieriprodukter kultivert p\\u00e5 m\\u00e5ter der smak og b\\u00e6rekraft er viktige elementer.<br><\\/p>\"}},\"103\":{\"modified\":\"1\",\"type\":\"textQuote\",\"enabled\":\"1\",\"collapsed\":\"0\",\"level\":\"0\",\"fields\":{\"standardImages\":[\"81\"],\"standardBodyText\":\"<p>Credo \\u00e5pnet i Credoveita i Trondheim i 1998. Februar 2018 gjen\\u00e5pner vi p\\u00e5 Lilleby i nye lokaler. &nbsp;<\\/p>\",\"standardSubHeading\":\"\"}},\"104\":{\"modified\":\"1\",\"type\":\"imageWithText\",\"enabled\":\"1\",\"collapsed\":\"0\",\"level\":\"0\",\"fields\":{\"standardImages\":[\"98\"],\"standardBodyText\":\"<p>Credo \\u00f8nsker \\u00e5 ta deg gjennom flerfoldige smaker, teksturer og f\\u00f8lelser. Vi \\u00f8nsker \\u00e5 vise deg g\\u00e5rdene v\\u00e5re, fra dyrene deres, fra jorda og fra havet. Vi bruker tid p\\u00e5 \\u00e5 finne r\\u00e5varer som best viser egenskapene til tiden vi er i og til stedet vi er. Menyen er basert p\\u00e5 det mest interessante og beste vi f\\u00e5r levert, fra dag til dag. Vi setter ogs\\u00e5 sammen en drikkemeny som p\\u00e5 beste mulige m\\u00e5te komplementerer og l\\u00f8fter frem hver enkelt rett. Har du spesielle \\u00f8nsker kan du gjerne bestille fra v\\u00e5r rikholdige vinkjeller best\\u00e5ende av flere tusen viner.<br><\\/p>\\r\\n<p>Med n\\u00e6r kontakt til produsentene v\\u00e5re og med en etisk tiln\\u00e6rming til det vi gj\\u00f8r, s\\u00f8ker vi kontinuerlig utvikling mot b\\u00e6rekraft. Vi tror veldig p\\u00e5 at dette gjenspeiler seg i smak. <br><\\/p>\",\"settingImagePosition\":\"left\"}},\"105\":{\"modified\":\"1\",\"type\":\"image\",\"enabled\":\"1\",\"collapsed\":\"0\",\"level\":\"0\",\"fields\":{\"standardImages\":[\"99\"]}},\"106\":{\"modified\":\"1\",\"type\":\"imageWithText\",\"enabled\":\"1\",\"collapsed\":\"0\",\"level\":\"0\",\"fields\":{\"standardImages\":[\"79\"],\"standardBodyText\":\"<p>R\\u00e5varene er motivasjonen v\\u00e5r. Hvorfor skulle vi ellers betale 260 kroner per kilo sm\\u00f8r? Med rent h\\u00e5ndverk kan vi som kokker utfolde oss med en oppmerksomhet rettet utad, p\\u00e5 gjesten som en del av et system. Vi tror at ethvert komponent er gjeldende - dyrene, skogen, jorden, m\\u00e5nen, sj\\u00f8en, kroppen.<br><\\/p>\\r\\n<p>Vi tar deg n\\u00e6rt til smaker, teksturer og f\\u00f8lelser. Vi \\u00f8nsker \\u00e5 integrere deg og kretsl\\u00f8pene som g\\u00e5rdene v\\u00e5re representerer, fra dyrene deres, fra jorda og fra havet. Vi bruker tid p\\u00e5 \\u00e5 finne r\\u00e5varer som best viser egenskapene til tiden vi er i og til stedet vi er p\\u00e5.<\\/p>\",\"settingImagePosition\":\"right\"}},\"107\":{\"modified\":\"1\",\"type\":\"imageFullWidth\",\"enabled\":\"1\",\"collapsed\":\"0\",\"level\":\"0\",\"fields\":{\"standardHeading\":\"Heidi\",\"standardImages\":[\"127\"],\"standardBodyText\":\"<p>Heidi Bjerkan (1970) er en norsk kokk, kj\\u00f8kkensjef og medeier. Hun \\u00e5pnet Credo Restaurant i Credoveita, Trondheim i 1997.<\\/p>\"}},\"108\":{\"modified\":\"1\",\"type\":\"imageWithText\",\"enabled\":\"1\",\"collapsed\":\"0\",\"level\":\"0\",\"fields\":{\"standardImages\":[\"101\"],\"standardBodyText\":\"<p>Heidi Bjerkan vokste opp i Trondheim og i b\\u00e5ten til bestefaren p\\u00e5 Garten - tr\\u00f8ndelagskysten. Her knyttet hun sterke b\\u00e5nd til jord og vann, som siden er \\u00e5 se i hennes matlaging. For Heidi Bjerkan er det b\\u00f8ndene som er heltene, og det er produsentene som skal skinne. Gjennom m\\u00e5ltidet p\\u00e5 Credo tar hun med alle gjestene p\\u00e5 hennes tur gjennom g\\u00e5rdene, sj\\u00f8en og skogen der r\\u00e5varene kommer fra.<br><\\/p>\\r\\n<p>Heidi Bjerkan engasjerer seg for mer kunnskap, for bedre landbruk og for st\\u00f8rre interesse for tradisjoner, og Heidi Bjerkan fikk i \\u00e5r Matprisen for sitt engasjement for bedre mat og et bedre landbruk. <\\/p>\",\"settingImagePosition\":\"left\"}},\"111\":{\"modified\":\"1\",\"type\":\"image\",\"enabled\":\"1\",\"collapsed\":\"0\",\"level\":\"0\",\"fields\":{\"standardImages\":[\"125\"]}},\"112\":{\"modified\":\"1\",\"type\":\"text\",\"enabled\":\"1\",\"collapsed\":\"0\",\"level\":\"0\",\"fields\":{\"standardHeading\":\"Skj\\u00f8lberg S\\u00f8ndre, Svorkmo\",\"standardBodyText\":\"<p>Skj\\u00f8lberg S\\u00f8ndre er en biodynamisk kretsl\\u00f8psg\\u00e5rd som drives av Elin \\u00d6stlund og Carl Erik Skj\\u00f8lberg. Her arbeider de med jordbrukskulturer hvor mangfold, smak, opplevelser og nysgjerrighet for naturens orden er det sentrale. \\u00c5 plukke rene, \\u00e6rlige gr\\u00f8nnsaker og urter med egne hender er et h\\u00f8ydepunkt for oss som kokker, og vi setter sv\\u00e6rt stor pris p\\u00e5 kunnskapen som Skj\\u00f8lberg S\\u00f8ndre viser oss om agro-\\u00f8kologisk jordbruk.<\\/p>\"}},\"113\":{\"modified\":\"1\",\"type\":\"image\",\"enabled\":\"1\",\"collapsed\":\"0\",\"level\":\"0\",\"fields\":{\"standardImages\":[\"110\"]}},\"114\":{\"modified\":\"1\",\"type\":\"text\",\"enabled\":\"1\",\"collapsed\":\"0\",\"level\":\"0\",\"fields\":{\"standardHeading\":\"Fannremsg\\u00e5rden, Orkdal\",\"standardBodyText\":\"<p>Credo jobber sv\\u00e6rt tett med historiker og g\\u00e5rdbruker Jon Fredrik Skauge. Blant flere r\\u00e5varer henter vi ukentlig nykinnet sm\\u00f8r, fersk melk, r\\u00f8mme og kj\\u00f8tt \\u2013 alt fra g\\u00e5rdens sidete Tr\\u00f8nderfe. De ulike sesongene gir r\\u00e5varer som endrer smak hele tiden, til v\\u00e5r store begeistring.<\\/p>\"}}}}}', '2017-12-15 15:25:46', '2017-12-15 15:25:46', '671e364a-67d4-474f-98a5-60339cfd12cc'),
 ('149', '7', '4', '49', 'en', '62', '', '{\"typeId\":\"4\",\"authorId\":\"1\",\"title\":\"Credo\",\"slug\":\"restaurant\",\"postDate\":1505469180,\"expiryDate\":null,\"enabled\":1,\"parentId\":\"\",\"fields\":{\"3\":{\"60\":{\"modified\":\"1\",\"type\":\"introLinks\",\"enabled\":\"1\",\"collapsed\":\"0\",\"level\":\"0\",\"fields\":{\"standardHeading\":\"\",\"customIntroLinks\":{\"61\":{\"type\":\"link\",\"enabled\":\"1\",\"fields\":{\"navn\":\"Book bord\",\"internLink\":[\"55\"],\"externalLink\":\"\"}},\"76\":{\"type\":\"link\",\"enabled\":\"1\",\"fields\":{\"navn\":\"Aktuelle historier\",\"internLink\":\"\",\"externalLink\":\"http:\\/\\/credo.skogen.io\\/restaurant\\/journal\"}},\"77\":{\"type\":\"link\",\"enabled\":\"1\",\"fields\":{\"navn\":\"L\\u00e6re om v\\u00e5r filosofi\",\"internLink\":[\"16\"],\"externalLink\":\"\"}}}}},\"80\":{\"modified\":\"1\",\"type\":\"introBoxes\",\"enabled\":\"1\",\"collapsed\":\"0\",\"level\":\"0\",\"fields\":{\"standardImages\":[\"131\",\"130\"],\"standardHeading\":\"Kj\\u00e6rlighet til r\\u00e5varen\",\"standardBodyText\":\"<p>Credo er en r\\u00e5vare-drevet restaurant som \\u00e5pnet i Credoveita i Trondheim i 1998. Februar 2018 gjen\\u00e5pner vi p\\u00e5 Lilleby i nye lokaler. &nbsp;<\\/p>\"}},\"62\":{\"modified\":\"1\",\"type\":\"journal\",\"enabled\":\"1\",\"collapsed\":\"1\",\"level\":\"0\",\"fields\":{\"customChooseJournal\":[\"83\"],\"settingImagePosition\":\"left\",\"settingTextOverImage\":\"1\"}},\"97\":{\"modified\":\"1\",\"type\":\"imageFullWidth\",\"enabled\":\"1\",\"collapsed\":\"1\",\"level\":\"0\",\"fields\":{\"standardHeading\":\"Vi tar deg n\\u00e6rt til smaker, teksturer og f\\u00f8lelser. \",\"standardImages\":[\"96\"],\"standardBodyText\":\"<p>Vi \\u00f8nsker \\u00e5 integrere deg og kretsl\\u00f8pene som g\\u00e5rdene v\\u00e5re representerer, fra dyrene deres, fra jorda og fra havet. Vi bruker tid p\\u00e5 \\u00e5 finne r\\u00e5varersom best viser egenskapene til tiden vi er i og til stedet vi er p\\u00e5.<br><\\/p>\"}},\"123\":{\"modified\":\"1\",\"type\":\"journal\",\"enabled\":\"1\",\"collapsed\":\"1\",\"level\":\"0\",\"fields\":{\"customChooseJournal\":[\"90\"],\"settingImagePosition\":\"right\",\"settingTextOverImage\":\"\"}},\"124\":{\"modified\":\"1\",\"type\":\"journal\",\"enabled\":\"1\",\"collapsed\":\"1\",\"level\":\"0\",\"fields\":{\"customChooseJournal\":[\"94\"],\"settingImagePosition\":\"left\",\"settingTextOverImage\":\"\"}}}}}', '2017-12-15 15:27:14', '2017-12-15 15:27:14', '2df0e97f-2766-46f4-999d-90fdcc3ad6af'),
 ('150', '7', '4', '49', 'en', '63', '', '{\"typeId\":\"4\",\"authorId\":\"1\",\"title\":\"Credo\",\"slug\":\"restaurant\",\"postDate\":1505469180,\"expiryDate\":null,\"enabled\":1,\"parentId\":\"\",\"fields\":{\"3\":{\"80\":{\"modified\":\"1\",\"type\":\"introBoxes\",\"enabled\":\"1\",\"collapsed\":\"1\",\"level\":\"0\",\"fields\":{\"standardImages\":[\"131\",\"130\"],\"standardHeading\":\"Kj\\u00e6rlighet til r\\u00e5varen\",\"standardBodyText\":\"<p>Credo er en r\\u00e5vare-drevet restaurant som \\u00e5pnet i Credoveita i Trondheim i 1998. Februar 2018 gjen\\u00e5pner vi p\\u00e5 Lilleby i nye lokaler. &nbsp;<\\/p>\"}},\"60\":{\"modified\":\"1\",\"type\":\"introLinks\",\"enabled\":\"1\",\"collapsed\":\"0\",\"level\":\"0\",\"fields\":{\"standardHeading\":\"\",\"customIntroLinks\":{\"76\":{\"type\":\"link\",\"enabled\":\"1\",\"fields\":{\"navn\":\"Aktuelle historier\",\"internLink\":\"\",\"externalLink\":\"http:\\/\\/credo.skogen.io\\/restaurant\\/journal\"}},\"61\":{\"type\":\"link\",\"enabled\":\"1\",\"fields\":{\"navn\":\"Book bord\",\"internLink\":[\"55\"],\"externalLink\":\"\"}},\"77\":{\"type\":\"link\",\"enabled\":\"1\",\"fields\":{\"navn\":\"L\\u00e6re om v\\u00e5r filosofi\",\"internLink\":[\"16\"],\"externalLink\":\"\"}}}}},\"62\":{\"modified\":\"1\",\"type\":\"journal\",\"enabled\":\"1\",\"collapsed\":\"1\",\"level\":\"0\",\"fields\":{\"customChooseJournal\":[\"83\"],\"settingImagePosition\":\"left\",\"settingTextOverImage\":\"1\"}},\"97\":{\"modified\":\"1\",\"type\":\"imageFullWidth\",\"enabled\":\"1\",\"collapsed\":\"1\",\"level\":\"0\",\"fields\":{\"standardHeading\":\"Vi tar deg n\\u00e6rt til smaker, teksturer og f\\u00f8lelser. \",\"standardImages\":[\"96\"],\"standardBodyText\":\"<p>Vi \\u00f8nsker \\u00e5 integrere deg og kretsl\\u00f8pene som g\\u00e5rdene v\\u00e5re representerer, fra dyrene deres, fra jorda og fra havet. Vi bruker tid p\\u00e5 \\u00e5 finne r\\u00e5varersom best viser egenskapene til tiden vi er i og til stedet vi er p\\u00e5.<br><\\/p>\"}},\"123\":{\"modified\":\"1\",\"type\":\"journal\",\"enabled\":\"1\",\"collapsed\":\"1\",\"level\":\"0\",\"fields\":{\"customChooseJournal\":[\"90\"],\"settingImagePosition\":\"right\",\"settingTextOverImage\":\"\"}},\"124\":{\"modified\":\"1\",\"type\":\"journal\",\"enabled\":\"1\",\"collapsed\":\"1\",\"level\":\"0\",\"fields\":{\"customChooseJournal\":[\"94\"],\"settingImagePosition\":\"left\",\"settingTextOverImage\":\"\"}}}}}', '2017-12-15 15:28:07', '2017-12-15 15:28:07', 'd1873fa9-c554-43e0-83dd-59fb1796c613'),
 ('151', '7', '4', '49', 'en', '64', '', '{\"typeId\":\"4\",\"authorId\":\"1\",\"title\":\"Credo\",\"slug\":\"restaurant\",\"postDate\":1505469180,\"expiryDate\":null,\"enabled\":1,\"parentId\":\"\",\"fields\":{\"3\":{\"80\":{\"modified\":\"1\",\"type\":\"introBoxes\",\"enabled\":\"1\",\"collapsed\":\"1\",\"level\":\"0\",\"fields\":{\"standardImages\":[\"131\",\"130\"],\"standardHeading\":\"Kj\\u00e6rlighet til r\\u00e5varen\",\"standardBodyText\":\"<p>Credo er en r\\u00e5vare-drevet restaurant som \\u00e5pnet i Credoveita i Trondheim i 1998. Februar 2018 gjen\\u00e5pner vi p\\u00e5 Lilleby i nye lokaler. &nbsp;<\\/p>\"}},\"60\":{\"modified\":\"1\",\"type\":\"introLinks\",\"enabled\":\"1\",\"collapsed\":\"0\",\"level\":\"0\",\"fields\":{\"standardHeading\":\"\",\"customIntroLinks\":{\"76\":{\"type\":\"link\",\"enabled\":\"1\",\"fields\":{\"navn\":\"Aktuelle historier\",\"internLink\":\"\",\"externalLink\":\"http:\\/\\/credo.skogen.io\\/restaurant\\/journal\"}},\"61\":{\"type\":\"link\",\"enabled\":\"1\",\"fields\":{\"navn\":\"Book bord\",\"internLink\":[\"55\"],\"externalLink\":\"\"}},\"77\":{\"type\":\"link\",\"enabled\":\"1\",\"fields\":{\"navn\":\"L\\u00e6r om v\\u00e5r filosofi\",\"internLink\":[\"16\"],\"externalLink\":\"\"}}}}},\"62\":{\"modified\":\"1\",\"type\":\"journal\",\"enabled\":\"1\",\"collapsed\":\"1\",\"level\":\"0\",\"fields\":{\"customChooseJournal\":[\"83\"],\"settingImagePosition\":\"left\",\"settingTextOverImage\":\"1\"}},\"97\":{\"modified\":\"1\",\"type\":\"imageFullWidth\",\"enabled\":\"1\",\"collapsed\":\"1\",\"level\":\"0\",\"fields\":{\"standardHeading\":\"Vi tar deg n\\u00e6rt til smaker, teksturer og f\\u00f8lelser. \",\"standardImages\":[\"96\"],\"standardBodyText\":\"<p>Vi \\u00f8nsker \\u00e5 integrere deg og kretsl\\u00f8pene som g\\u00e5rdene v\\u00e5re representerer, fra dyrene deres, fra jorda og fra havet. Vi bruker tid p\\u00e5 \\u00e5 finne r\\u00e5varersom best viser egenskapene til tiden vi er i og til stedet vi er p\\u00e5.<br><\\/p>\"}},\"123\":{\"modified\":\"1\",\"type\":\"journal\",\"enabled\":\"1\",\"collapsed\":\"1\",\"level\":\"0\",\"fields\":{\"customChooseJournal\":[\"90\"],\"settingImagePosition\":\"right\",\"settingTextOverImage\":\"\"}},\"124\":{\"modified\":\"1\",\"type\":\"journal\",\"enabled\":\"1\",\"collapsed\":\"1\",\"level\":\"0\",\"fields\":{\"customChooseJournal\":[\"94\"],\"settingImagePosition\":\"left\",\"settingTextOverImage\":\"\"}}}}}', '2017-12-15 15:28:53', '2017-12-15 15:28:53', '5de70cb3-b1e1-49f0-b2aa-f679a7f7ed1b'),
 ('152', '7', '4', '49', 'en', '65', '', '{\"typeId\":\"4\",\"authorId\":\"1\",\"title\":\"Credo\",\"slug\":\"restaurant\",\"postDate\":1505469180,\"expiryDate\":null,\"enabled\":1,\"parentId\":\"\",\"fields\":{\"3\":{\"80\":{\"modified\":\"1\",\"type\":\"introBoxes\",\"enabled\":\"1\",\"collapsed\":\"1\",\"level\":\"0\",\"fields\":{\"standardImages\":[\"131\",\"130\"],\"standardHeading\":\"Kj\\u00e6rlighet til r\\u00e5varen\",\"standardBodyText\":\"<p>Credo er en r\\u00e5vare-drevet restaurant som \\u00e5pnet i Credoveita i Trondheim i 1998. Februar 2018 gjen\\u00e5pner vi p\\u00e5 Lilleby i nye lokaler. &nbsp;<\\/p>\"}},\"60\":{\"modified\":\"1\",\"type\":\"introLinks\",\"enabled\":\"1\",\"collapsed\":\"0\",\"level\":\"0\",\"fields\":{\"standardHeading\":\"\",\"customIntroLinks\":{\"61\":{\"type\":\"link\",\"enabled\":\"1\",\"fields\":{\"navn\":\"Book bord\",\"internLink\":[\"55\"],\"externalLink\":\"\"}},\"76\":{\"type\":\"link\",\"enabled\":\"1\",\"fields\":{\"navn\":\"Aktuelle historier\",\"internLink\":\"\",\"externalLink\":\"http:\\/\\/credo.skogen.io\\/restaurant\\/journal\"}},\"77\":{\"type\":\"link\",\"enabled\":\"1\",\"fields\":{\"navn\":\"L\\u00e6r om v\\u00e5r filosofi\",\"internLink\":[\"16\"],\"externalLink\":\"\"}}}}},\"62\":{\"modified\":\"1\",\"type\":\"journal\",\"enabled\":\"1\",\"collapsed\":\"1\",\"level\":\"0\",\"fields\":{\"customChooseJournal\":[\"83\"],\"settingImagePosition\":\"left\",\"settingTextOverImage\":\"1\"}},\"97\":{\"modified\":\"1\",\"type\":\"imageFullWidth\",\"enabled\":\"1\",\"collapsed\":\"1\",\"level\":\"0\",\"fields\":{\"standardHeading\":\"Vi tar deg n\\u00e6rt til smaker, teksturer og f\\u00f8lelser. \",\"standardImages\":[\"96\"],\"standardBodyText\":\"<p>Vi \\u00f8nsker \\u00e5 integrere deg og kretsl\\u00f8pene som g\\u00e5rdene v\\u00e5re representerer, fra dyrene deres, fra jorda og fra havet. Vi bruker tid p\\u00e5 \\u00e5 finne r\\u00e5varersom best viser egenskapene til tiden vi er i og til stedet vi er p\\u00e5.<br><\\/p>\"}},\"123\":{\"modified\":\"1\",\"type\":\"journal\",\"enabled\":\"1\",\"collapsed\":\"1\",\"level\":\"0\",\"fields\":{\"customChooseJournal\":[\"90\"],\"settingImagePosition\":\"right\",\"settingTextOverImage\":\"\"}},\"124\":{\"modified\":\"1\",\"type\":\"journal\",\"enabled\":\"1\",\"collapsed\":\"1\",\"level\":\"0\",\"fields\":{\"customChooseJournal\":[\"94\"],\"settingImagePosition\":\"left\",\"settingTextOverImage\":\"\"}}}}}', '2017-12-15 15:29:17', '2017-12-15 15:29:17', 'cde33922-2fc6-4cb4-a840-e8a2f2b39d19'),
 ('153', '7', '4', '49', 'en', '66', '', '{\"typeId\":\"4\",\"authorId\":\"1\",\"title\":\"Credo\",\"slug\":\"restaurant\",\"postDate\":1505469180,\"expiryDate\":null,\"enabled\":1,\"parentId\":\"\",\"fields\":{\"3\":{\"80\":{\"modified\":\"1\",\"type\":\"introBoxes\",\"enabled\":\"1\",\"collapsed\":\"1\",\"level\":\"0\",\"fields\":{\"standardImages\":[\"131\",\"130\"],\"standardHeading\":\"Kj\\u00e6rlighet til r\\u00e5varen\",\"standardBodyText\":\"<p>Credo er en r\\u00e5vare-drevet restaurant som \\u00e5pnet i Credoveita i Trondheim i 1998. Februar 2018 gjen\\u00e5pner vi p\\u00e5 Lilleby i nye lokaler. &nbsp;<\\/p>\"}},\"60\":{\"modified\":\"1\",\"type\":\"introLinks\",\"enabled\":\"1\",\"collapsed\":\"0\",\"level\":\"0\",\"fields\":{\"standardHeading\":\"\",\"customIntroLinks\":{\"76\":{\"type\":\"link\",\"enabled\":\"1\",\"fields\":{\"navn\":\"Historier fra Credo\",\"internLink\":\"\",\"externalLink\":\"http:\\/\\/credo.skogen.io\\/restaurant\\/journal\"}},\"77\":{\"type\":\"link\",\"enabled\":\"1\",\"fields\":{\"navn\":\"L\\u00e6r om v\\u00e5r filosofi\",\"internLink\":[\"16\"],\"externalLink\":\"\"}}}}},\"62\":{\"modified\":\"1\",\"type\":\"journal\",\"enabled\":\"1\",\"collapsed\":\"1\",\"level\":\"0\",\"fields\":{\"customChooseJournal\":[\"83\"],\"settingImagePosition\":\"left\",\"settingTextOverImage\":\"1\"}},\"97\":{\"modified\":\"1\",\"type\":\"imageFullWidth\",\"enabled\":\"1\",\"collapsed\":\"1\",\"level\":\"0\",\"fields\":{\"standardHeading\":\"Vi tar deg n\\u00e6rt til smaker, teksturer og f\\u00f8lelser. \",\"standardImages\":[\"96\"],\"standardBodyText\":\"<p>Vi \\u00f8nsker \\u00e5 integrere deg og kretsl\\u00f8pene som g\\u00e5rdene v\\u00e5re representerer, fra dyrene deres, fra jorda og fra havet. Vi bruker tid p\\u00e5 \\u00e5 finne r\\u00e5varersom best viser egenskapene til tiden vi er i og til stedet vi er p\\u00e5.<br><\\/p>\"}},\"123\":{\"modified\":\"1\",\"type\":\"journal\",\"enabled\":\"1\",\"collapsed\":\"1\",\"level\":\"0\",\"fields\":{\"customChooseJournal\":[\"90\"],\"settingImagePosition\":\"right\",\"settingTextOverImage\":\"\"}},\"124\":{\"modified\":\"1\",\"type\":\"journal\",\"enabled\":\"1\",\"collapsed\":\"1\",\"level\":\"0\",\"fields\":{\"customChooseJournal\":[\"94\"],\"settingImagePosition\":\"left\",\"settingTextOverImage\":\"\"}}}}}', '2017-12-17 08:21:10', '2017-12-17 08:21:10', '014dd77f-b45a-4f67-b95e-54d45b7dbb85'),
 ('154', '83', '3', '49', 'en', '4', '', '{\"typeId\":\"3\",\"authorId\":\"49\",\"title\":\"Forvandlingen p\\u00e5 Lilleby \",\"slug\":\"vi-gjenapner-pa-lilleby\",\"postDate\":1513339080,\"expiryDate\":null,\"enabled\":1,\"parentId\":null,\"fields\":{\"17\":[\"4\",\"5\",\"6\"],\"4\":[\"81\"],\"10\":\"<p>Credo er en r\\u00e5vare-drevet restaurant som \\u00e5pnet i Credoveita i Trondheim i 1998. Februar 2018 gjen\\u00e5pner vi p\\u00e5 Lilleby i nye lokaler. &nbsp;<\\/p>\",\"3\":{\"84\":{\"modified\":\"1\",\"type\":\"imageWithText\",\"enabled\":\"1\",\"collapsed\":\"0\",\"level\":\"0\",\"fields\":{\"standardImages\":[\"57\"],\"standardBodyText\":\"<p>Credo \\u00f8nsker \\u00e5 ta deg gjennom flerfoldige smaker, teksturer og f\\u00f8lelser. Vi \\u00f8nsker \\u00e5 vise deg g\\u00e5rdene v\\u00e5re, fra dyrene deres, fra jorda og fra havet. Vi bruker tid p\\u00e5 \\u00e5 finne r\\u00e5varer som best viser egenskapene til tiden vi er i og til stedet vi er. Menyen er basert p\\u00e5 det mest interessante og beste vi f\\u00e5r levert, fra dag til dag. Vi setter ogs\\u00e5 sammen en drikkemeny som p\\u00e5 beste mulige m\\u00e5te komplementerer og l\\u00f8fter frem hver enkelt rett. Har du spesielle \\u00f8nsker kan du gjerne bestille fra v\\u00e5r rikholdige vinkjeller best\\u00e5ende av flere tusen viner.<\\/p>\",\"settingImagePosition\":\"left\"}},\"85\":{\"modified\":\"1\",\"type\":\"image\",\"enabled\":\"1\",\"collapsed\":\"0\",\"level\":\"0\",\"fields\":{\"standardImages\":[\"54\"]}},\"86\":{\"modified\":\"1\",\"type\":\"text\",\"enabled\":\"1\",\"collapsed\":\"0\",\"level\":\"0\",\"fields\":{\"standardHeading\":\"En liten mellomtittel\",\"standardBodyText\":\"<p>Credo \\u00f8nsker \\u00e5 ta deg gjennom flerfoldige smaker, teksturer og f\\u00f8lelser. Vi \\u00f8nsker \\u00e5 vise deg g\\u00e5rdene v\\u00e5re, fra dyrene deres, fra jorda og fra havet. Vi bruker tid p\\u00e5 \\u00e5 finne r\\u00e5varer som best viser egenskapene til tiden vi er i og til stedet vi er. Menyen er basert p\\u00e5 det mest interessante og beste vi f\\u00e5r levert, fra dag til dag. Vi setter ogs\\u00e5 sammen en drikkemeny som p\\u00e5 beste mulige m\\u00e5te komplementerer og l\\u00f8fter frem hver enkelt rett. Har du spesielle \\u00f8nsker kan du gjerne bestille fra v\\u00e5r rikholdige vinkjeller best\\u00e5ende av flere tusen viner.<\\/p>\"}},\"87\":{\"modified\":\"1\",\"type\":\"imageFullWidth\",\"enabled\":\"1\",\"collapsed\":\"0\",\"level\":\"0\",\"fields\":{\"standardHeading\":\"Vegen videre\",\"standardImages\":[\"79\"],\"standardBodyText\":\"<p>R\\u00e5varene er motivasjonen v\\u00e5r. Hvorfor skulle vi ellers betale 260 kroner per kilo sm\\u00f8r? Med rent h\\u00e5ndverk kan vi som kokker utfolde oss med en oppmerksomhet rettet utad, p\\u00e5 gjesten som en del av et system. Vi tror at ethvert komponent er gjeldende - dyrene, skogen, jorden, m\\u00e5nen, sj\\u00f8en, kroppen.<br><\\/p>\"}}},\"16\":\"\"}}', '2017-12-17 13:35:05', '2017-12-17 13:35:05', '2b15e0df-a96b-4f18-bc3e-1b060ff3b307'),
 ('155', '20', '4', '49', 'en', '4', '', '{\"typeId\":\"4\",\"authorId\":\"1\",\"title\":\"Om oss\",\"slug\":\"om-oss\",\"postDate\":1505469360,\"expiryDate\":null,\"enabled\":1,\"parentId\":\"9\",\"fields\":{\"3\":{\"144\":{\"modified\":\"1\",\"type\":\"imageFullWidth\",\"enabled\":\"1\",\"collapsed\":\"0\",\"level\":\"0\",\"fields\":{\"standardHeading\":\"Jossa\",\"standardImages\":[\"148\"],\"standardBodyText\":\"<p>P\\u00e5 midten av 1900-tallet bodde det en nysgjerrig, uj\\u00e5lete og raus dame i Credoveita; Josefine Halvorsen. Selv om Trondheim sto hjertet henne n\\u00e6rmest, hadde hun en umettelig utfartstrang i verden. <em>Hva trigget henne?<\\/em> Vi tror det var jakten p\\u00e5 de rene smakene. Og mat som ingen hun kjente hadde h\\u00f8rt om f\\u00f8r. Rettene m\\u00e5tte ha jordn\\u00e6r betydning for \\u00e5 smake det lille ekstra, i f\\u00f8lge Jossa. Hun \\u00f8nsket \\u00e5 forst\\u00e5 seg p\\u00e5 verden gjennom mat. Vi er derfor veldig glad og takknemlig for \\u00e5 f\\u00e5 fortsette historiene hennes videre, gjennom Jossa mat og drikke her i Credoveita.<br><\\/p>\"}},\"145\":{\"modified\":\"1\",\"type\":\"text\",\"enabled\":\"1\",\"collapsed\":\"0\",\"level\":\"0\",\"fields\":{\"standardHeading\":\"Vi \\u00e5pner i starten av 2018, s\\u00e5 meld deg p\\u00e5 nyhetsbrevet v\\u00e5rt for \\u00e5 motta oppdateringer.\",\"standardBodyText\":\"\"}}}}}', '2017-12-17 13:40:05', '2017-12-17 13:40:05', 'efb1c360-1e5e-4332-9d14-3b5626bba1d3'),
 ('156', '20', '4', '49', 'en', '5', '', '{\"typeId\":\"4\",\"authorId\":\"1\",\"title\":\"Om oss\",\"slug\":\"om-oss\",\"postDate\":1505469360,\"expiryDate\":null,\"enabled\":1,\"parentId\":\"9\",\"fields\":{\"3\":{\"144\":{\"modified\":\"1\",\"type\":\"imageFullWidth\",\"enabled\":\"1\",\"collapsed\":\"0\",\"level\":\"0\",\"fields\":{\"standardHeading\":\"Jossa\",\"standardImages\":[\"148\"],\"standardBodyText\":\"<p>P\\u00e5 midten av 1900-tallet bodde det en nysgjerrig, uj\\u00e5lete og raus dame i Credoveita; Josefine Halvorsen. Selv om Trondheim sto hjertet henne n\\u00e6rmest, hadde hun en umettelig utfartstrang i verden. <em>Hva trigget henne?<\\/em> Vi tror det var jakten p\\u00e5 de rene smakene. Og mat som ingen hun kjente hadde h\\u00f8rt om f\\u00f8r. Rettene m\\u00e5tte ha jordn\\u00e6r betydning for \\u00e5 smake det lille ekstra, i f\\u00f8lge Jossa. Hun \\u00f8nsket \\u00e5 forst\\u00e5 seg p\\u00e5 verden gjennom mat. Vi er derfor veldig glad og takknemlig for \\u00e5 f\\u00e5 fortsette historiene hennes videre, gjennom Jossa mat og drikke her i Credoveita.<br><\\/p>\"}},\"145\":{\"modified\":\"1\",\"type\":\"text\",\"enabled\":\"1\",\"collapsed\":\"0\",\"level\":\"0\",\"fields\":{\"standardHeading\":\"Vi \\u00e5pner i starten av 2018, s\\u00e5 meld deg p\\u00e5 nyhetsbrevet v\\u00e5rt for \\u00e5 motta oppdateringer.\",\"standardBodyText\":\"\"}}}}}', '2017-12-17 19:00:21', '2017-12-17 19:00:21', '5cec67fd-6d1e-4257-a8a6-4590a3ec269f'),
 ('157', '12', '4', '49', 'en', '3', '', '{\"typeId\":\"4\",\"authorId\":\"1\",\"title\":\"Om oss\",\"slug\":\"om-oss\",\"postDate\":1505469300,\"expiryDate\":null,\"enabled\":1,\"parentId\":\"8\",\"fields\":{\"3\":{\"new0\":{\"modified\":\"1\",\"type\":\"imageFullWidth\",\"enabled\":\"1\",\"collapsed\":\"0\",\"level\":\"0\",\"fields\":{\"standardHeading\":\"Finnes Kaf\\u00e9\",\"standardImages\":[\"149\"],\"standardBodyText\":\"<p>Innkvartert i Lillebys historiske gamle barnehjem er Finnes Kafe det siste kulinariske tillegget til Heidi Bjerkans voksende spisestue.<\\/p>\"}},\"53\":{\"modified\":\"1\",\"type\":\"imageWithText\",\"enabled\":\"1\",\"collapsed\":\"0\",\"level\":\"0\",\"fields\":{\"standardImages\":[\"122\"],\"standardBodyText\":\"<p>En raffinert men avslappet kafe - Finnes er et sted som tilbyr en meny med like stort fokus p\\u00e5 menneskene som maten, b\\u00f8ndene og dyrene, med kj\\u00f8tt og fisk tilberedt i samme m\\u00e5l, mening og over samme kullgrill som Credo. Tenk lakrismuffins, surdeigsbr\\u00f8d, andebryst, stekte torskehoder og rabarbraslush.<\\/p>\",\"settingImagePosition\":\"left\"}},\"new1\":{\"modified\":\"1\",\"type\":\"text\",\"enabled\":\"1\",\"collapsed\":\"0\",\"level\":\"0\",\"fields\":{\"standardHeading\":\"Historien\",\"standardBodyText\":\"<p>En raffinert men avslappet kafe - Finnes er et sted som tilbyr en meny med like stort fokus p\\u00e5 menneskene som maten, b\\u00f8ndene og dyrene, med kj\\u00f8tt og fisk tilberedt i samme m\\u00e5l, mening og over samme kullgrill som Credo. Tenk lakrismuffins, surdeigsbr\\u00f8d, andebryst, stekte torskehoder og rabarbraslush.<\\/p>\"}},\"new2\":{\"modified\":\"1\",\"type\":\"image\",\"enabled\":\"1\",\"collapsed\":\"0\",\"level\":\"0\",\"fields\":{\"standardImages\":[\"150\"]}},\"new3\":{\"modified\":\"1\",\"type\":\"imageWithText\",\"enabled\":\"1\",\"collapsed\":\"0\",\"level\":\"0\",\"fields\":{\"standardImages\":[\"152\"],\"standardBodyText\":\"<p>Tekst om Heidi&nbsp;En raffinert men avslappet kafe - Finnes er et sted som tilbyr en meny med like stort fokus p\\u00e5 menneskene som maten, b\\u00f8ndene og dyrene, med kj\\u00f8tt og fisk tilberedt i samme m\\u00e5l, mening og over samme kullgrill som Credo. Tenk lakrismuffins, surdeigsbr\\u00f8d, andebryst, stekte torskehoder og rabarbraslush.<\\/p>\",\"settingImagePosition\":\"right\"}}}}}', '2017-12-17 19:27:46', '2017-12-17 19:27:46', '8b5bf8b8-87d9-4832-9ec3-f9dd15ed031a'),
 ('158', '12', '4', '49', 'en', '4', '', '{\"typeId\":\"4\",\"authorId\":\"1\",\"title\":\"Om oss\",\"slug\":\"om-oss\",\"postDate\":1505469300,\"expiryDate\":null,\"enabled\":1,\"parentId\":\"8\",\"fields\":{\"3\":{\"153\":{\"modified\":\"1\",\"type\":\"imageFullWidth\",\"enabled\":\"1\",\"collapsed\":\"0\",\"level\":\"0\",\"fields\":{\"standardHeading\":\"Finnes Kaf\\u00e9\",\"standardImages\":[\"149\"],\"standardBodyText\":\"<p>Innkvartert i Lillebys historiske gamle barnehjem er Finnes Kafe det siste kulinariske tillegget til Heidi Bjerkans voksende spisestue.<\\/p>\"}},\"53\":{\"modified\":\"1\",\"type\":\"imageWithText\",\"enabled\":\"1\",\"collapsed\":\"0\",\"level\":\"0\",\"fields\":{\"standardImages\":[\"122\"],\"standardBodyText\":\"<p>En raffinert men avslappet kafe - Finnes er et sted som tilbyr en meny med like stort fokus p\\u00e5 menneskene som maten, b\\u00f8ndene og dyrene, med kj\\u00f8tt og fisk tilberedt i samme m\\u00e5l, mening og over samme kullgrill som Credo. Tenk lakrismuffins, surdeigsbr\\u00f8d, andebryst, stekte torskehoder og rabarbraslush.<\\/p>\",\"settingImagePosition\":\"left\"}},\"154\":{\"modified\":\"1\",\"type\":\"text\",\"enabled\":\"1\",\"collapsed\":\"0\",\"level\":\"0\",\"fields\":{\"standardHeading\":\"Historien\",\"standardBodyText\":\"<p>En raffinert men avslappet kafe - Finnes er et sted som tilbyr en meny med like stort fokus p\\u00e5 menneskene som maten, b\\u00f8ndene og dyrene, med kj\\u00f8tt og fisk tilberedt i samme m\\u00e5l, mening og over samme kullgrill som Credo. Tenk lakrismuffins, surdeigsbr\\u00f8d, andebryst, stekte torskehoder og rabarbraslush.<\\/p>\"}},\"new1\":{\"modified\":\"1\",\"type\":\"imageFullWidth\",\"enabled\":\"1\",\"collapsed\":\"0\",\"level\":\"0\",\"fields\":{\"standardHeading\":\"Menneskene\",\"standardImages\":[\"71\"],\"standardBodyText\":\"<p>En raffinert men avslappet kafe - Finnes er et sted som tilbyr en meny med like stort fokus p\\u00e5 menneskene som maten, b\\u00f8ndene og dyrene, med kj\\u00f8tt og fisk tilberedt i samme m\\u00e5l, mening og over samme kullgrill som Credo. Tenk lakrismuffins, surdeigsbr\\u00f8d, andebryst, stekte torskehoder og rabarbraslush.<\\/p>\"}},\"156\":{\"modified\":\"1\",\"type\":\"imageWithText\",\"enabled\":\"1\",\"collapsed\":\"1\",\"level\":\"0\",\"fields\":{\"standardImages\":[\"152\"],\"standardBodyText\":\"<p>Tekst om Heidi&nbsp;En raffinert men avslappet kafe - Finnes er et sted som tilbyr en meny med like stort fokus p\\u00e5 menneskene som maten, b\\u00f8ndene og dyrene, med kj\\u00f8tt og fisk tilberedt i samme m\\u00e5l, mening og over samme kullgrill som Credo. Tenk lakrismuffins, surdeigsbr\\u00f8d, andebryst, stekte torskehoder og rabarbraslush.<\\/p>\",\"settingImagePosition\":\"right\"}}}}}', '2017-12-17 19:33:54', '2017-12-17 19:33:54', 'a91d71d7-d41a-4c1e-92de-e585753766e4'),
 ('159', '10', '4', '49', 'en', '2', '', '{\"typeId\":\"4\",\"authorId\":\"1\",\"title\":\"Meny\",\"slug\":\"meny\",\"postDate\":1505469300,\"expiryDate\":null,\"enabled\":1,\"parentId\":\"8\",\"fields\":{\"3\":{\"new2\":{\"modified\":\"1\",\"type\":\"imageFullWidth\",\"enabled\":\"1\",\"collapsed\":\"0\",\"level\":\"0\",\"fields\":{\"standardHeading\":\"Frokost\",\"standardImages\":[\"159\"],\"standardBodyText\":\"<p>Navnet p\\u00e5 retten &mdash; 130,-<\\/p><p>Neste navnet &mdash; 150,-<\\/p>\"}},\"new3\":{\"modified\":\"1\",\"type\":\"imageFullWidth\",\"enabled\":\"1\",\"collapsed\":\"0\",\"level\":\"0\",\"fields\":{\"standardHeading\":\"Lunsj\",\"standardImages\":[\"160\"],\"standardBodyText\":\"<p>Navnet p\\u00e5 retten &mdash; 130,-<\\/p>\\r\\n<p>Neste navnet &mdash; 150,-<\\/p><p><\\/p>\"}}}}}', '2017-12-17 19:41:26', '2017-12-17 19:41:26', '3c1338c3-0b7e-42c9-9a46-76cb9f6418f8'),
 ('160', '68', '4', '49', 'en', '2', '', '{\"typeId\":\"4\",\"authorId\":\"59\",\"title\":\"Meny\",\"slug\":\"meny\",\"postDate\":1506191340,\"expiryDate\":null,\"enabled\":1,\"parentId\":\"9\",\"fields\":{\"3\":{\"new0\":{\"modified\":\"1\",\"type\":\"imageFullWidth\",\"enabled\":\"1\",\"collapsed\":\"0\",\"level\":\"0\",\"fields\":{\"standardHeading\":\"Dagens meny\",\"standardImages\":[\"163\"],\"standardBodyText\":\"<p><\\/p>\\r\\n<p><em>Mandag 20. desember<\\/em><\\/p>\\r\\n<p>Kj\\u00f8kkenet v\\u00e5rt reiser kulinarisk ut i fra hvor Jossa bestemmer seg for \\u00e5 ta ferden, som kan variere fra uke til uke, m\\u00e5ned til m\\u00e5ned. Vi henter smaker utenfor Norden men strekker oss s\\u00e5 langt vi m\\u00e5 for \\u00e5 jobbe med lokale r\\u00e5varer og produsenter. Er det ikke det, stiller vi likevel kvalitetskrav som gir smaksopplevelser uten dikkedarer.<\\/p>\"}},\"new1\":{\"modified\":\"1\",\"type\":\"introLinks\",\"enabled\":\"1\",\"collapsed\":\"0\",\"level\":\"0\",\"fields\":{\"standardHeading\":\"\",\"customIntroLinks\":{\"new1\":{\"type\":\"link\",\"enabled\":\"1\",\"fields\":{\"navn\":\"Lunsj meny\",\"internLink\":\"\",\"externalLink\":\"https:\\/\\/www.google.no\\/url?sa=i&rct=j&q=&esrc=s&source=images&cd=&ved=0ahUKEwin3ZSw55HYAhXQ1qQKHSxQC4IQjRwIBw&url=https%3A%2F%2Fwww.musthavemenus.com%2Fcategory%2Frestaurant-menu.html&psig=AOvVaw0n9ZPlm5jTt2i2b91zPPTI&ust=1513626258610592\"}},\"new2\":{\"type\":\"link\",\"enabled\":\"1\",\"fields\":{\"navn\":\"Kvelds meny\",\"internLink\":\"\",\"externalLink\":\"https:\\/\\/www.google.no\\/url?sa=i&rct=j&q=&esrc=s&source=images&cd=&ved=0ahUKEwin3ZSw55HYAhXQ1qQKHSxQC4IQjRwIBw&url=https%3A%2F%2Fwww.musthavemenus.com%2Fcategory%2Frestaurant-menu.html&psig=AOvVaw0n9ZPlm5jTt2i2b91zPPTI&ust=1513626258610592\"}},\"new3\":{\"type\":\"link\",\"enabled\":\"1\",\"fields\":{\"navn\":\"Vin meny\",\"internLink\":\"\",\"externalLink\":\"https:\\/\\/www.google.no\\/url?sa=i&rct=j&q=&esrc=s&source=images&cd=&ved=0ahUKEwin3ZSw55HYAhXQ1qQKHSxQC4IQjRwIBw&url=https%3A%2F%2Fwww.musthavemenus.com%2Fcategory%2Frestaurant-menu.html&psig=AOvVaw0n9ZPlm5jTt2i2b91zPPTI&ust=1513626258610592\"}}}}}}}}', '2017-12-17 19:48:05', '2017-12-17 19:48:05', 'de319cc6-63b4-48e8-835f-4ed934987bc6'),
 ('161', '7', '4', '49', 'en', '67', '', '{\"typeId\":\"4\",\"authorId\":\"1\",\"title\":\"Credo\",\"slug\":\"restaurant\",\"postDate\":1505469180,\"expiryDate\":null,\"enabled\":1,\"parentId\":\"\",\"fields\":{\"3\":{\"80\":{\"modified\":\"1\",\"type\":\"introBoxes\",\"enabled\":\"1\",\"collapsed\":\"1\",\"level\":\"0\",\"fields\":{\"standardImages\":[\"131\",\"130\"],\"standardHeading\":\"Kj\\u00e6rlighet til r\\u00e5varen\",\"standardBodyText\":\"<p>Credo er en r\\u00e5vare-drevet restaurant som \\u00e5pnet i Credoveita i Trondheim i 1998. Februar 2018 gjen\\u00e5pner vi p\\u00e5 Lilleby i nye lokaler. &nbsp;<\\/p>\"}},\"60\":{\"modified\":\"1\",\"type\":\"introLinks\",\"enabled\":\"1\",\"collapsed\":\"1\",\"level\":\"0\",\"fields\":{\"standardHeading\":\"\",\"customIntroLinks\":{\"76\":{\"type\":\"link\",\"enabled\":\"1\",\"fields\":{\"navn\":\"Historier fra Credo\",\"internLink\":\"\",\"externalLink\":\"http:\\/\\/credo.skogen.io\\/restaurant\\/journal\"}},\"77\":{\"type\":\"link\",\"enabled\":\"1\",\"fields\":{\"navn\":\"L\\u00e6r om v\\u00e5r filosofi\",\"internLink\":[\"16\"],\"externalLink\":\"\"}}}}},\"97\":{\"modified\":\"1\",\"type\":\"imageFullWidth\",\"enabled\":\"1\",\"collapsed\":\"1\",\"level\":\"0\",\"fields\":{\"standardHeading\":\"Vi tar deg n\\u00e6rt til smaker, teksturer og f\\u00f8lelser. \",\"standardImages\":[\"96\"],\"standardBodyText\":\"<p>Vi \\u00f8nsker \\u00e5 integrere deg og kretsl\\u00f8pene som g\\u00e5rdene v\\u00e5re representerer, fra dyrene deres, fra jorda og fra havet. Vi bruker tid p\\u00e5 \\u00e5 finne r\\u00e5varersom best viser egenskapene til tiden vi er i og til stedet vi er p\\u00e5.<br><\\/p>\"}},\"62\":{\"modified\":\"1\",\"type\":\"journal\",\"enabled\":\"1\",\"collapsed\":\"1\",\"level\":\"0\",\"fields\":{\"customChooseJournal\":[\"83\"],\"settingImagePosition\":\"left\",\"settingTextOverImage\":\"1\"}},\"123\":{\"modified\":\"1\",\"type\":\"journal\",\"enabled\":\"1\",\"collapsed\":\"1\",\"level\":\"0\",\"fields\":{\"customChooseJournal\":[\"90\"],\"settingImagePosition\":\"right\",\"settingTextOverImage\":\"\"}},\"124\":{\"modified\":\"1\",\"type\":\"journal\",\"enabled\":\"1\",\"collapsed\":\"1\",\"level\":\"0\",\"fields\":{\"customChooseJournal\":[\"94\"],\"settingImagePosition\":\"left\",\"settingTextOverImage\":\"\"}}}}}', '2017-12-18 12:32:01', '2017-12-18 12:32:01', 'daf08f14-aafd-426a-a49b-e552343c77aa'),
 ('162', '16', '4', '1', 'en', '7', '', '{\"typeId\":\"4\",\"authorId\":\"1\",\"title\":\"Om oss\",\"slug\":\"om-oss\",\"postDate\":1505469360,\"expiryDate\":null,\"enabled\":1,\"parentId\":\"7\",\"fields\":{\"3\":{\"102\":{\"modified\":\"1\",\"type\":\"imageFullWidth\",\"enabled\":\"1\",\"collapsed\":\"0\",\"level\":\"0\",\"fields\":{\"standardHeading\":\"Credos hjerte ligger der r\\u00e5varene produseres.\",\"standardImages\":[\"82\"],\"standardBodyText\":\"<p>P\\u00e5 Credo skal du f\\u00e5 mat laget p\\u00e5 r\\u00e5varer dyrket i regionen, fisket i havet utenfor, og meieriprodukter kultivert p\\u00e5 m\\u00e5ter der smak og b\\u00e6rekraft er viktige elementer.<br><\\/p>\"}},\"103\":{\"modified\":\"1\",\"type\":\"textQuote\",\"enabled\":\"1\",\"collapsed\":\"0\",\"level\":\"0\",\"fields\":{\"standardImages\":[\"81\"],\"standardBodyText\":\"<p>Credo \\u00e5pnet i Credoveita i Trondheim i 1998. Februar 2018 gjen\\u00e5pner vi p\\u00e5 Lilleby i nye lokaler. &nbsp;<\\/p>\",\"standardSubHeading\":\"\"}},\"104\":{\"modified\":\"1\",\"type\":\"imageWithText\",\"enabled\":\"1\",\"collapsed\":\"0\",\"level\":\"0\",\"fields\":{\"standardImages\":[\"98\"],\"standardBodyText\":\"<p>Credo \\u00f8nsker \\u00e5 ta deg gjennom flerfoldige smaker, teksturer og f\\u00f8lelser. Vi \\u00f8nsker \\u00e5 vise deg g\\u00e5rdene v\\u00e5re, fra dyrene deres, fra jorda og fra havet. Vi bruker tid p\\u00e5 \\u00e5 finne r\\u00e5varer som best viser egenskapene til tiden vi er i og til stedet vi er. Menyen er basert p\\u00e5 det mest interessante og beste vi f\\u00e5r levert, fra dag til dag. Vi setter ogs\\u00e5 sammen en drikkemeny som p\\u00e5 beste mulige m\\u00e5te komplementerer og l\\u00f8fter frem hver enkelt rett. Har du spesielle \\u00f8nsker kan du gjerne bestille fra v\\u00e5r rikholdige vinkjeller best\\u00e5ende av flere tusen viner.<br><\\/p>\\r\\n<p>Med n\\u00e6r kontakt til produsentene v\\u00e5re og med en etisk tiln\\u00e6rming til det vi gj\\u00f8r, s\\u00f8ker vi kontinuerlig utvikling mot b\\u00e6rekraft. Vi tror veldig p\\u00e5 at dette gjenspeiler seg i smak. <br><\\/p>\",\"settingImagePosition\":\"left\"}},\"105\":{\"modified\":\"1\",\"type\":\"image\",\"enabled\":\"1\",\"collapsed\":\"0\",\"level\":\"0\",\"fields\":{\"standardImages\":[\"99\"]}},\"106\":{\"modified\":\"1\",\"type\":\"imageWithText\",\"enabled\":\"1\",\"collapsed\":\"0\",\"level\":\"0\",\"fields\":{\"standardImages\":[\"79\"],\"standardBodyText\":\"<p>R\\u00e5varene er motivasjonen v\\u00e5r. Hvorfor skulle vi ellers betale 260 kroner per kilo sm\\u00f8r? Med rent h\\u00e5ndverk kan vi som kokker utfolde oss med en oppmerksomhet rettet utad, p\\u00e5 gjesten som en del av et system. Vi tror at ethvert komponent er gjeldende - dyrene, skogen, jorden, m\\u00e5nen, sj\\u00f8en, kroppen.<br><\\/p>\\r\\n<p>Vi tar deg n\\u00e6rt til smaker, teksturer og f\\u00f8lelser. Vi \\u00f8nsker \\u00e5 integrere deg og kretsl\\u00f8pene som g\\u00e5rdene v\\u00e5re representerer, fra dyrene deres, fra jorda og fra havet. Vi bruker tid p\\u00e5 \\u00e5 finne r\\u00e5varer som best viser egenskapene til tiden vi er i og til stedet vi er p\\u00e5.<\\/p>\",\"settingImagePosition\":\"right\"}},\"107\":{\"modified\":\"1\",\"type\":\"imageFullWidth\",\"enabled\":\"1\",\"collapsed\":\"0\",\"level\":\"0\",\"fields\":{\"standardHeading\":\"Heidi\",\"standardImages\":[\"127\"],\"standardBodyText\":\"<p>Heidi Bjerkan (1970) er en norsk kokk, kj\\u00f8kkensjef og medeier. Hun \\u00e5pnet Credo Restaurant i Credoveita, Trondheim i 1997.<\\/p>\"}},\"108\":{\"modified\":\"1\",\"type\":\"imageWithText\",\"enabled\":\"1\",\"collapsed\":\"0\",\"level\":\"0\",\"fields\":{\"standardImages\":[\"101\"],\"standardBodyText\":\"<p>Heidi Bjerkan vokste opp i Trondheim og i b\\u00e5ten til bestefaren p\\u00e5 Garten - tr\\u00f8ndelagskysten. Her knyttet hun sterke b\\u00e5nd til jord og vann, som siden er \\u00e5 se i hennes matlaging. For Heidi Bjerkan er det b\\u00f8ndene som er heltene, og det er produsentene som skal skinne. Gjennom m\\u00e5ltidet p\\u00e5 Credo tar hun med alle gjestene p\\u00e5 hennes tur gjennom g\\u00e5rdene, sj\\u00f8en og skogen der r\\u00e5varene kommer fra.<br><\\/p>\\r\\n<p>Heidi Bjerkan engasjerer seg for mer kunnskap, for bedre landbruk og for st\\u00f8rre interesse for tradisjoner, og Heidi Bjerkan fikk i \\u00e5r Matprisen for sitt engasjement for bedre mat og et bedre landbruk. <\\/p>\",\"settingImagePosition\":\"left\"}},\"111\":{\"modified\":\"1\",\"type\":\"image\",\"enabled\":\"1\",\"collapsed\":\"0\",\"level\":\"0\",\"fields\":{\"standardImages\":[\"125\"]}},\"112\":{\"modified\":\"1\",\"type\":\"text\",\"enabled\":\"1\",\"collapsed\":\"0\",\"level\":\"0\",\"fields\":{\"standardHeading\":\"Skj\\u00f8lberg S\\u00f8ndre, Svorkmo\",\"standardBodyText\":\"<p>Skj\\u00f8lberg S\\u00f8ndre er en biodynamisk kretsl\\u00f8psg\\u00e5rd som drives av Elin \\u00d6stlund og Carl Erik Skj\\u00f8lberg. Her arbeider de med jordbrukskulturer hvor mangfold, smak, opplevelser og nysgjerrighet for naturens orden er det sentrale. \\u00c5 plukke rene, \\u00e6rlige gr\\u00f8nnsaker og urter med egne hender er et h\\u00f8ydepunkt for oss som kokker, og vi setter sv\\u00e6rt stor pris p\\u00e5 kunnskapen som Skj\\u00f8lberg S\\u00f8ndre viser oss om agro-\\u00f8kologisk jordbruk.<\\/p>\"}},\"113\":{\"modified\":\"1\",\"type\":\"image\",\"enabled\":\"1\",\"collapsed\":\"0\",\"level\":\"0\",\"fields\":{\"standardImages\":[\"110\"]}},\"114\":{\"modified\":\"1\",\"type\":\"text\",\"enabled\":\"1\",\"collapsed\":\"0\",\"level\":\"0\",\"fields\":{\"standardHeading\":\"Fannremsg\\u00e5rden, Orkdal\",\"standardBodyText\":\"<p>Credo jobber sv\\u00e6rt tett med historiker og g\\u00e5rdbruker Jon Fredrik Skauge. Blant flere r\\u00e5varer henter vi ukentlig nykinnet sm\\u00f8r, fersk melk, r\\u00f8mme og kj\\u00f8tt \\u2013 alt fra g\\u00e5rdens sidete Tr\\u00f8nderfe. De ulike sesongene gir r\\u00e5varer som endrer smak hele tiden, til v\\u00e5r store begeistring.<\\/p>\"}}},\"19\":\"1\",\"18\":\"1\"}}', '2017-12-18 12:54:29', '2017-12-18 12:54:29', 'eb33e055-d156-4344-a386-16c470dc6cd5'),
 ('163', '16', '4', '1', 'en', '8', '', '{\"typeId\":\"4\",\"authorId\":\"1\",\"title\":\"Om osss\",\"slug\":\"om-oss\",\"postDate\":1505469360,\"expiryDate\":null,\"enabled\":1,\"parentId\":\"7\",\"fields\":{\"3\":{\"102\":{\"modified\":\"1\",\"type\":\"imageFullWidth\",\"enabled\":\"1\",\"collapsed\":\"0\",\"level\":\"0\",\"fields\":{\"standardHeading\":\"Credos hjerte ligger der r\\u00e5varene produseres.\",\"standardImages\":[\"82\"],\"standardBodyText\":\"<p>P\\u00e5 Credo skal du f\\u00e5 mat laget p\\u00e5 r\\u00e5varer dyrket i regionen, fisket i havet utenfor, og meieriprodukter kultivert p\\u00e5 m\\u00e5ter der smak og b\\u00e6rekraft er viktige elementer.<br><\\/p>\"}},\"103\":{\"modified\":\"1\",\"type\":\"textQuote\",\"enabled\":\"1\",\"collapsed\":\"0\",\"level\":\"0\",\"fields\":{\"standardImages\":[\"81\"],\"standardBodyText\":\"<p>Credo \\u00e5pnet i Credoveita i Trondheim i 1998. Februar 2018 gjen\\u00e5pner vi p\\u00e5 Lilleby i nye lokaler. &nbsp;<\\/p>\",\"standardSubHeading\":\"\"}},\"104\":{\"modified\":\"1\",\"type\":\"imageWithText\",\"enabled\":\"1\",\"collapsed\":\"0\",\"level\":\"0\",\"fields\":{\"standardImages\":[\"98\"],\"standardBodyText\":\"<p>Credo \\u00f8nsker \\u00e5 ta deg gjennom flerfoldige smaker, teksturer og f\\u00f8lelser. Vi \\u00f8nsker \\u00e5 vise deg g\\u00e5rdene v\\u00e5re, fra dyrene deres, fra jorda og fra havet. Vi bruker tid p\\u00e5 \\u00e5 finne r\\u00e5varer som best viser egenskapene til tiden vi er i og til stedet vi er. Menyen er basert p\\u00e5 det mest interessante og beste vi f\\u00e5r levert, fra dag til dag. Vi setter ogs\\u00e5 sammen en drikkemeny som p\\u00e5 beste mulige m\\u00e5te komplementerer og l\\u00f8fter frem hver enkelt rett. Har du spesielle \\u00f8nsker kan du gjerne bestille fra v\\u00e5r rikholdige vinkjeller best\\u00e5ende av flere tusen viner.<br><\\/p>\\r\\n<p>Med n\\u00e6r kontakt til produsentene v\\u00e5re og med en etisk tiln\\u00e6rming til det vi gj\\u00f8r, s\\u00f8ker vi kontinuerlig utvikling mot b\\u00e6rekraft. Vi tror veldig p\\u00e5 at dette gjenspeiler seg i smak. <br><\\/p>\",\"settingImagePosition\":\"left\"}},\"105\":{\"modified\":\"1\",\"type\":\"image\",\"enabled\":\"1\",\"collapsed\":\"0\",\"level\":\"0\",\"fields\":{\"standardImages\":[\"99\"]}},\"106\":{\"modified\":\"1\",\"type\":\"imageWithText\",\"enabled\":\"1\",\"collapsed\":\"0\",\"level\":\"0\",\"fields\":{\"standardImages\":[\"79\"],\"standardBodyText\":\"<p>R\\u00e5varene er motivasjonen v\\u00e5r. Hvorfor skulle vi ellers betale 260 kroner per kilo sm\\u00f8r? Med rent h\\u00e5ndverk kan vi som kokker utfolde oss med en oppmerksomhet rettet utad, p\\u00e5 gjesten som en del av et system. Vi tror at ethvert komponent er gjeldende - dyrene, skogen, jorden, m\\u00e5nen, sj\\u00f8en, kroppen.<br><\\/p>\\r\\n<p>Vi tar deg n\\u00e6rt til smaker, teksturer og f\\u00f8lelser. Vi \\u00f8nsker \\u00e5 integrere deg og kretsl\\u00f8pene som g\\u00e5rdene v\\u00e5re representerer, fra dyrene deres, fra jorda og fra havet. Vi bruker tid p\\u00e5 \\u00e5 finne r\\u00e5varer som best viser egenskapene til tiden vi er i og til stedet vi er p\\u00e5.<\\/p>\",\"settingImagePosition\":\"right\"}},\"107\":{\"modified\":\"1\",\"type\":\"imageFullWidth\",\"enabled\":\"1\",\"collapsed\":\"0\",\"level\":\"0\",\"fields\":{\"standardHeading\":\"Heidi\",\"standardImages\":[\"127\"],\"standardBodyText\":\"<p>Heidi Bjerkan (1970) er en norsk kokk, kj\\u00f8kkensjef og medeier. Hun \\u00e5pnet Credo Restaurant i Credoveita, Trondheim i 1997.<\\/p>\"}},\"108\":{\"modified\":\"1\",\"type\":\"imageWithText\",\"enabled\":\"1\",\"collapsed\":\"0\",\"level\":\"0\",\"fields\":{\"standardImages\":[\"101\"],\"standardBodyText\":\"<p>Heidi Bjerkan vokste opp i Trondheim og i b\\u00e5ten til bestefaren p\\u00e5 Garten - tr\\u00f8ndelagskysten. Her knyttet hun sterke b\\u00e5nd til jord og vann, som siden er \\u00e5 se i hennes matlaging. For Heidi Bjerkan er det b\\u00f8ndene som er heltene, og det er produsentene som skal skinne. Gjennom m\\u00e5ltidet p\\u00e5 Credo tar hun med alle gjestene p\\u00e5 hennes tur gjennom g\\u00e5rdene, sj\\u00f8en og skogen der r\\u00e5varene kommer fra.<br><\\/p>\\r\\n<p>Heidi Bjerkan engasjerer seg for mer kunnskap, for bedre landbruk og for st\\u00f8rre interesse for tradisjoner, og Heidi Bjerkan fikk i \\u00e5r Matprisen for sitt engasjement for bedre mat og et bedre landbruk. <\\/p>\",\"settingImagePosition\":\"left\"}},\"111\":{\"modified\":\"1\",\"type\":\"image\",\"enabled\":\"1\",\"collapsed\":\"0\",\"level\":\"0\",\"fields\":{\"standardImages\":[\"125\"]}},\"112\":{\"modified\":\"1\",\"type\":\"text\",\"enabled\":\"1\",\"collapsed\":\"0\",\"level\":\"0\",\"fields\":{\"standardHeading\":\"Skj\\u00f8lberg S\\u00f8ndre, Svorkmo\",\"standardBodyText\":\"<p>Skj\\u00f8lberg S\\u00f8ndre er en biodynamisk kretsl\\u00f8psg\\u00e5rd som drives av Elin \\u00d6stlund og Carl Erik Skj\\u00f8lberg. Her arbeider de med jordbrukskulturer hvor mangfold, smak, opplevelser og nysgjerrighet for naturens orden er det sentrale. \\u00c5 plukke rene, \\u00e6rlige gr\\u00f8nnsaker og urter med egne hender er et h\\u00f8ydepunkt for oss som kokker, og vi setter sv\\u00e6rt stor pris p\\u00e5 kunnskapen som Skj\\u00f8lberg S\\u00f8ndre viser oss om agro-\\u00f8kologisk jordbruk.<\\/p>\"}},\"113\":{\"modified\":\"1\",\"type\":\"image\",\"enabled\":\"1\",\"collapsed\":\"0\",\"level\":\"0\",\"fields\":{\"standardImages\":[\"110\"]}},\"114\":{\"modified\":\"1\",\"type\":\"text\",\"enabled\":\"1\",\"collapsed\":\"0\",\"level\":\"0\",\"fields\":{\"standardHeading\":\"Fannremsg\\u00e5rden, Orkdal\",\"standardBodyText\":\"<p>Credo jobber sv\\u00e6rt tett med historiker og g\\u00e5rdbruker Jon Fredrik Skauge. Blant flere r\\u00e5varer henter vi ukentlig nykinnet sm\\u00f8r, fersk melk, r\\u00f8mme og kj\\u00f8tt \\u2013 alt fra g\\u00e5rdens sidete Tr\\u00f8nderfe. De ulike sesongene gir r\\u00e5varer som endrer smak hele tiden, til v\\u00e5r store begeistring.<\\/p>\"}}},\"19\":\"1\",\"18\":\"1\"}}', '2018-01-10 09:35:18', '2018-01-10 09:35:18', 'e16768c8-2ce5-45c4-b430-e94e2e5279f4'),
 ('164', '16', '4', '1', 'en', '9', '', '{\"typeId\":\"4\",\"authorId\":\"1\",\"title\":\"Om osss\",\"slug\":\"om-oss\",\"postDate\":1505469360,\"expiryDate\":null,\"enabled\":1,\"parentId\":\"7\",\"fields\":{\"3\":{\"102\":{\"modified\":\"1\",\"type\":\"imageFullWidth\",\"enabled\":\"1\",\"collapsed\":\"0\",\"level\":\"0\",\"fields\":{\"standardHeading\":\"Credos hjerte ligger der r\\u00e5varene produseres.\",\"standardImages\":[\"82\"],\"standardBodyText\":\"<p>P\\u00e5 Credo skal du f\\u00e5 mat laget p\\u00e5 r\\u00e5varer dyrket i regionen, fisket i havet utenfor, og meieriprodukter kultivert p\\u00e5 m\\u00e5ter der smak og b\\u00e6rekraft er viktige elementer.<br><\\/p>\"}},\"103\":{\"modified\":\"1\",\"type\":\"textQuote\",\"enabled\":\"1\",\"collapsed\":\"0\",\"level\":\"0\",\"fields\":{\"standardImages\":[\"81\"],\"standardBodyText\":\"<p>Credo \\u00e5pnet i Credoveita i Trondheim i 1998. Februar 2018 gjen\\u00e5pner vi p\\u00e5 Lilleby i nye lokaler. &nbsp;<\\/p>\",\"standardSubHeading\":\"\"}},\"104\":{\"modified\":\"1\",\"type\":\"imageWithText\",\"enabled\":\"1\",\"collapsed\":\"0\",\"level\":\"0\",\"fields\":{\"standardImages\":[\"98\"],\"standardBodyText\":\"<p>Credo \\u00f8nsker \\u00e5 ta deg gjennom flerfoldige smaker, teksturer og f\\u00f8lelser. Vi \\u00f8nsker \\u00e5 vise deg g\\u00e5rdene v\\u00e5re, fra dyrene deres, fra jorda og fra havet. Vi bruker tid p\\u00e5 \\u00e5 finne r\\u00e5varer som best viser egenskapene til tiden vi er i og til stedet vi er. Menyen er basert p\\u00e5 det mest interessante og beste vi f\\u00e5r levert, fra dag til dag. Vi setter ogs\\u00e5 sammen en drikkemeny som p\\u00e5 beste mulige m\\u00e5te komplementerer og l\\u00f8fter frem hver enkelt rett. Har du spesielle \\u00f8nsker kan du gjerne bestille fra v\\u00e5r rikholdige vinkjeller best\\u00e5ende av flere tusen viner.<br><\\/p>\\r\\n<p>Med n\\u00e6r kontakt til produsentene v\\u00e5re og med en etisk tiln\\u00e6rming til det vi gj\\u00f8r, s\\u00f8ker vi kontinuerlig utvikling mot b\\u00e6rekraft. Vi tror veldig p\\u00e5 at dette gjenspeiler seg i smak. <br><\\/p>\",\"settingImagePosition\":\"left\"}},\"105\":{\"modified\":\"1\",\"type\":\"image\",\"enabled\":\"1\",\"collapsed\":\"0\",\"level\":\"0\",\"fields\":{\"standardImages\":[\"99\"]}},\"106\":{\"modified\":\"1\",\"type\":\"imageWithText\",\"enabled\":\"1\",\"collapsed\":\"0\",\"level\":\"0\",\"fields\":{\"standardImages\":[\"79\"],\"standardBodyText\":\"<p>R\\u00e5varene er motivasjonen v\\u00e5r. Hvorfor skulle vi ellers betale 260 kroner per kilo sm\\u00f8r? Med rent h\\u00e5ndverk kan vi som kokker utfolde oss med en oppmerksomhet rettet utad, p\\u00e5 gjesten som en del av et system. Vi tror at ethvert komponent er gjeldende - dyrene, skogen, jorden, m\\u00e5nen, sj\\u00f8en, kroppen.<br><\\/p>\\r\\n<p>Vi tar deg n\\u00e6rt til smaker, teksturer og f\\u00f8lelser. Vi \\u00f8nsker \\u00e5 integrere deg og kretsl\\u00f8pene som g\\u00e5rdene v\\u00e5re representerer, fra dyrene deres, fra jorda og fra havet. Vi bruker tid p\\u00e5 \\u00e5 finne r\\u00e5varer som best viser egenskapene til tiden vi er i og til stedet vi er p\\u00e5.<\\/p>\",\"settingImagePosition\":\"right\"}},\"107\":{\"modified\":\"1\",\"type\":\"imageFullWidth\",\"enabled\":\"1\",\"collapsed\":\"0\",\"level\":\"0\",\"fields\":{\"standardHeading\":\"Heidi\",\"standardImages\":[\"127\"],\"standardBodyText\":\"<p>Heidi Bjerkan (1970) er en norsk kokk, kj\\u00f8kkensjef og medeier. Hun \\u00e5pnet Credo Restaurant i Credoveita, Trondheim i 1997.<\\/p>\"}},\"108\":{\"modified\":\"1\",\"type\":\"imageWithText\",\"enabled\":\"1\",\"collapsed\":\"0\",\"level\":\"0\",\"fields\":{\"standardImages\":[\"101\"],\"standardBodyText\":\"<p>Heidi Bjerkan vokste opp i Trondheim og i b\\u00e5ten til bestefaren p\\u00e5 Garten - tr\\u00f8ndelagskysten. Her knyttet hun sterke b\\u00e5nd til jord og vann, som siden er \\u00e5 se i hennes matlaging. For Heidi Bjerkan er det b\\u00f8ndene som er heltene, og det er produsentene som skal skinne. Gjennom m\\u00e5ltidet p\\u00e5 Credo tar hun med alle gjestene p\\u00e5 hennes tur gjennom g\\u00e5rdene, sj\\u00f8en og skogen der r\\u00e5varene kommer fra.<br><\\/p>\\r\\n<p>Heidi Bjerkan engasjerer seg for mer kunnskap, for bedre landbruk og for st\\u00f8rre interesse for tradisjoner, og Heidi Bjerkan fikk i \\u00e5r Matprisen for sitt engasjement for bedre mat og et bedre landbruk. <\\/p>\",\"settingImagePosition\":\"left\"}},\"111\":{\"modified\":\"1\",\"type\":\"image\",\"enabled\":\"1\",\"collapsed\":\"0\",\"level\":\"0\",\"fields\":{\"standardImages\":[\"125\"]}},\"112\":{\"modified\":\"1\",\"type\":\"text\",\"enabled\":\"1\",\"collapsed\":\"0\",\"level\":\"0\",\"fields\":{\"standardHeading\":\"Skj\\u00f8lberg S\\u00f8ndre, Svorkmo\",\"standardBodyText\":\"<p>Skj\\u00f8lberg S\\u00f8ndre er en biodynamisk kretsl\\u00f8psg\\u00e5rd som drives av Elin \\u00d6stlund og Carl Erik Skj\\u00f8lberg. Her arbeider de med jordbrukskulturer hvor mangfold, smak, opplevelser og nysgjerrighet for naturens orden er det sentrale. \\u00c5 plukke rene, \\u00e6rlige gr\\u00f8nnsaker og urter med egne hender er et h\\u00f8ydepunkt for oss som kokker, og vi setter sv\\u00e6rt stor pris p\\u00e5 kunnskapen som Skj\\u00f8lberg S\\u00f8ndre viser oss om agro-\\u00f8kologisk jordbruk.<\\/p>\"}},\"113\":{\"modified\":\"1\",\"type\":\"image\",\"enabled\":\"1\",\"collapsed\":\"0\",\"level\":\"0\",\"fields\":{\"standardImages\":[\"110\"]}},\"114\":{\"modified\":\"1\",\"type\":\"text\",\"enabled\":\"1\",\"collapsed\":\"0\",\"level\":\"0\",\"fields\":{\"standardHeading\":\"Fannremsg\\u00e5rden, Orkdal\",\"standardBodyText\":\"<p>Credo jobber sv\\u00e6rt tett med historiker og g\\u00e5rdbruker Jon Fredrik Skauge. Blant flere r\\u00e5varer henter vi ukentlig nykinnet sm\\u00f8r, fersk melk, r\\u00f8mme og kj\\u00f8tt \\u2013 alt fra g\\u00e5rdens sidete Tr\\u00f8nderfe. De ulike sesongene gir r\\u00e5varer som endrer smak hele tiden, til v\\u00e5r store begeistring.<\\/p>\"}}},\"19\":\"1\",\"18\":\"1\"}}', '2018-01-10 09:35:24', '2018-01-10 09:35:24', '364d8128-8079-4a13-9070-e4b8a200ec1b'),
 ('165', '16', '4', '1', 'en', '10', '', '{\"typeId\":\"4\",\"authorId\":\"1\",\"title\":\"Om oss\",\"slug\":\"om-oss\",\"postDate\":1505469360,\"expiryDate\":null,\"enabled\":1,\"parentId\":\"7\",\"fields\":{\"3\":{\"102\":{\"modified\":\"1\",\"type\":\"imageFullWidth\",\"enabled\":\"1\",\"collapsed\":\"0\",\"level\":\"0\",\"fields\":{\"standardHeading\":\"Credos hjerte ligger der r\\u00e5varene produseres.\",\"standardImages\":[\"82\"],\"standardBodyText\":\"<p>P\\u00e5 Credo skal du f\\u00e5 mat laget p\\u00e5 r\\u00e5varer dyrket i regionen, fisket i havet utenfor, og meieriprodukter kultivert p\\u00e5 m\\u00e5ter der smak og b\\u00e6rekraft er viktige elementer.<br><\\/p>\"}},\"103\":{\"modified\":\"1\",\"type\":\"textQuote\",\"enabled\":\"1\",\"collapsed\":\"0\",\"level\":\"0\",\"fields\":{\"standardImages\":[\"81\"],\"standardBodyText\":\"<p>Credo \\u00e5pnet i Credoveita i Trondheim i 1998. Februar 2018 gjen\\u00e5pner vi p\\u00e5 Lilleby i nye lokaler. &nbsp;<\\/p>\",\"standardSubHeading\":\"\"}},\"104\":{\"modified\":\"1\",\"type\":\"imageWithText\",\"enabled\":\"1\",\"collapsed\":\"0\",\"level\":\"0\",\"fields\":{\"standardImages\":[\"98\"],\"standardBodyText\":\"<p>Credo \\u00f8nsker \\u00e5 ta deg gjennom flerfoldige smaker, teksturer og f\\u00f8lelser. Vi \\u00f8nsker \\u00e5 vise deg g\\u00e5rdene v\\u00e5re, fra dyrene deres, fra jorda og fra havet. Vi bruker tid p\\u00e5 \\u00e5 finne r\\u00e5varer som best viser egenskapene til tiden vi er i og til stedet vi er. Menyen er basert p\\u00e5 det mest interessante og beste vi f\\u00e5r levert, fra dag til dag. Vi setter ogs\\u00e5 sammen en drikkemeny som p\\u00e5 beste mulige m\\u00e5te komplementerer og l\\u00f8fter frem hver enkelt rett. Har du spesielle \\u00f8nsker kan du gjerne bestille fra v\\u00e5r rikholdige vinkjeller best\\u00e5ende av flere tusen viner.<br><\\/p>\\r\\n<p>Med n\\u00e6r kontakt til produsentene v\\u00e5re og med en etisk tiln\\u00e6rming til det vi gj\\u00f8r, s\\u00f8ker vi kontinuerlig utvikling mot b\\u00e6rekraft. Vi tror veldig p\\u00e5 at dette gjenspeiler seg i smak. <br><\\/p>\",\"settingImagePosition\":\"left\"}},\"105\":{\"modified\":\"1\",\"type\":\"image\",\"enabled\":\"1\",\"collapsed\":\"0\",\"level\":\"0\",\"fields\":{\"standardImages\":[\"99\"]}},\"106\":{\"modified\":\"1\",\"type\":\"imageWithText\",\"enabled\":\"1\",\"collapsed\":\"0\",\"level\":\"0\",\"fields\":{\"standardImages\":[\"79\"],\"standardBodyText\":\"<p>R\\u00e5varene er motivasjonen v\\u00e5r. Hvorfor skulle vi ellers betale 260 kroner per kilo sm\\u00f8r? Med rent h\\u00e5ndverk kan vi som kokker utfolde oss med en oppmerksomhet rettet utad, p\\u00e5 gjesten som en del av et system. Vi tror at ethvert komponent er gjeldende - dyrene, skogen, jorden, m\\u00e5nen, sj\\u00f8en, kroppen.<br><\\/p>\\r\\n<p>Vi tar deg n\\u00e6rt til smaker, teksturer og f\\u00f8lelser. Vi \\u00f8nsker \\u00e5 integrere deg og kretsl\\u00f8pene som g\\u00e5rdene v\\u00e5re representerer, fra dyrene deres, fra jorda og fra havet. Vi bruker tid p\\u00e5 \\u00e5 finne r\\u00e5varer som best viser egenskapene til tiden vi er i og til stedet vi er p\\u00e5.<\\/p>\",\"settingImagePosition\":\"right\"}},\"107\":{\"modified\":\"1\",\"type\":\"imageFullWidth\",\"enabled\":\"1\",\"collapsed\":\"0\",\"level\":\"0\",\"fields\":{\"standardHeading\":\"Heidi\",\"standardImages\":[\"127\"],\"standardBodyText\":\"<p>Heidi Bjerkan (1970) er en norsk kokk, kj\\u00f8kkensjef og medeier. Hun \\u00e5pnet Credo Restaurant i Credoveita, Trondheim i 1997.<\\/p>\"}},\"108\":{\"modified\":\"1\",\"type\":\"imageWithText\",\"enabled\":\"1\",\"collapsed\":\"0\",\"level\":\"0\",\"fields\":{\"standardImages\":[\"101\"],\"standardBodyText\":\"<p>Heidi Bjerkan vokste opp i Trondheim og i b\\u00e5ten til bestefaren p\\u00e5 Garten - tr\\u00f8ndelagskysten. Her knyttet hun sterke b\\u00e5nd til jord og vann, som siden er \\u00e5 se i hennes matlaging. For Heidi Bjerkan er det b\\u00f8ndene som er heltene, og det er produsentene som skal skinne. Gjennom m\\u00e5ltidet p\\u00e5 Credo tar hun med alle gjestene p\\u00e5 hennes tur gjennom g\\u00e5rdene, sj\\u00f8en og skogen der r\\u00e5varene kommer fra.<br><\\/p>\\r\\n<p>Heidi Bjerkan engasjerer seg for mer kunnskap, for bedre landbruk og for st\\u00f8rre interesse for tradisjoner, og Heidi Bjerkan fikk i \\u00e5r Matprisen for sitt engasjement for bedre mat og et bedre landbruk. <\\/p>\",\"settingImagePosition\":\"left\"}},\"111\":{\"modified\":\"1\",\"type\":\"image\",\"enabled\":\"1\",\"collapsed\":\"0\",\"level\":\"0\",\"fields\":{\"standardImages\":[\"125\"]}},\"112\":{\"modified\":\"1\",\"type\":\"text\",\"enabled\":\"1\",\"collapsed\":\"0\",\"level\":\"0\",\"fields\":{\"standardHeading\":\"Skj\\u00f8lberg S\\u00f8ndre, Svorkmo\",\"standardBodyText\":\"<p>Skj\\u00f8lberg S\\u00f8ndre er en biodynamisk kretsl\\u00f8psg\\u00e5rd som drives av Elin \\u00d6stlund og Carl Erik Skj\\u00f8lberg. Her arbeider de med jordbrukskulturer hvor mangfold, smak, opplevelser og nysgjerrighet for naturens orden er det sentrale. \\u00c5 plukke rene, \\u00e6rlige gr\\u00f8nnsaker og urter med egne hender er et h\\u00f8ydepunkt for oss som kokker, og vi setter sv\\u00e6rt stor pris p\\u00e5 kunnskapen som Skj\\u00f8lberg S\\u00f8ndre viser oss om agro-\\u00f8kologisk jordbruk.<\\/p>\"}},\"113\":{\"modified\":\"1\",\"type\":\"image\",\"enabled\":\"1\",\"collapsed\":\"0\",\"level\":\"0\",\"fields\":{\"standardImages\":[\"110\"]}},\"114\":{\"modified\":\"1\",\"type\":\"text\",\"enabled\":\"1\",\"collapsed\":\"0\",\"level\":\"0\",\"fields\":{\"standardHeading\":\"Fannremsg\\u00e5rden, Orkdal\",\"standardBodyText\":\"<p>Credo jobber sv\\u00e6rt tett med historiker og g\\u00e5rdbruker Jon Fredrik Skauge. Blant flere r\\u00e5varer henter vi ukentlig nykinnet sm\\u00f8r, fersk melk, r\\u00f8mme og kj\\u00f8tt \\u2013 alt fra g\\u00e5rdens sidete Tr\\u00f8nderfe. De ulike sesongene gir r\\u00e5varer som endrer smak hele tiden, til v\\u00e5r store begeistring.<\\/p>\"}}},\"19\":\"1\",\"18\":\"1\"}}', '2018-01-10 09:35:25', '2018-01-10 09:35:25', 'd6123b44-a8b6-4bf5-ab08-ff0e825b90ef'),
 ('166', '7', '4', '49', 'en', '68', '', '{\"typeId\":\"4\",\"authorId\":\"1\",\"title\":\"Credo\",\"slug\":\"restaurant\",\"postDate\":1505469180,\"expiryDate\":null,\"enabled\":1,\"parentId\":\"\",\"fields\":{\"3\":{\"97\":{\"modified\":\"1\",\"type\":\"imageFullWidth\",\"enabled\":\"1\",\"collapsed\":\"0\",\"level\":\"0\",\"fields\":{\"standardHeading\":\"Kj\\u00e6rlighet til r\\u00e5varen\",\"standardImages\":[\"78\"],\"standardBodyText\":\"<p>Credo er en r\\u00e5vare-drevet restaurant som \\u00e5pnet i Credoveita i Trondheim i 1998. Februar 2018 gjen\\u00e5pner vi p\\u00e5 Lilleby i nye lokaler. &nbsp;<\\/p>\"}},\"80\":{\"modified\":\"1\",\"type\":\"introBoxes\",\"enabled\":\"0\",\"collapsed\":\"1\",\"level\":\"0\",\"fields\":{\"standardImages\":[\"131\",\"130\"],\"standardHeading\":\"Kj\\u00e6rlighet til r\\u00e5varen\",\"standardBodyText\":\"<p>Credo er en r\\u00e5vare-drevet restaurant som \\u00e5pnet i Credoveita i Trondheim i 1998. Februar 2018 gjen\\u00e5pner vi p\\u00e5 Lilleby i nye lokaler. &nbsp;<\\/p>\"}},\"60\":{\"modified\":\"1\",\"type\":\"introLinks\",\"enabled\":\"0\",\"collapsed\":\"1\",\"level\":\"0\",\"fields\":{\"standardHeading\":\"\",\"customIntroLinks\":{\"76\":{\"type\":\"link\",\"enabled\":\"1\",\"fields\":{\"navn\":\"Historier fra Credo\",\"internLink\":\"\",\"externalLink\":\"http:\\/\\/credo.skogen.io\\/restaurant\\/journal\"}},\"77\":{\"type\":\"link\",\"enabled\":\"1\",\"fields\":{\"navn\":\"L\\u00e6r om v\\u00e5r filosofi\",\"internLink\":[\"16\"],\"externalLink\":\"\"}}}}},\"62\":{\"modified\":\"1\",\"type\":\"journal\",\"enabled\":\"1\",\"collapsed\":\"1\",\"level\":\"0\",\"fields\":{\"customChooseJournal\":[\"83\"],\"settingImagePosition\":\"left\",\"settingTextOverImage\":\"1\"}},\"123\":{\"modified\":\"1\",\"type\":\"journal\",\"enabled\":\"1\",\"collapsed\":\"1\",\"level\":\"0\",\"fields\":{\"customChooseJournal\":[\"90\"],\"settingImagePosition\":\"right\",\"settingTextOverImage\":\"\"}},\"124\":{\"modified\":\"1\",\"type\":\"journal\",\"enabled\":\"1\",\"collapsed\":\"1\",\"level\":\"0\",\"fields\":{\"customChooseJournal\":[\"94\"],\"settingImagePosition\":\"left\",\"settingTextOverImage\":\"\"}}},\"19\":\"\",\"18\":\"\"}}', '2018-01-10 09:35:42', '2018-01-10 09:35:42', 'bf2c2233-4916-4eb4-be0f-3ab1515ec169'),
 ('167', '16', '4', '1', 'en', '11', '', '{\"typeId\":\"4\",\"authorId\":\"1\",\"title\":\"Om oss\",\"slug\":\"om-oss\",\"postDate\":1505469360,\"expiryDate\":null,\"enabled\":1,\"parentId\":\"7\",\"fields\":{\"3\":{\"new0\":{\"modified\":\"1\",\"type\":\"imageFullWidth\",\"enabled\":\"1\",\"collapsed\":\"0\",\"level\":\"0\",\"fields\":{\"standardHeading\":\"Test\",\"standardImages\":[\"93\"],\"standardBodyText\":\"\"}},\"102\":{\"modified\":\"1\",\"type\":\"imageFullWidth\",\"enabled\":\"1\",\"collapsed\":\"0\",\"level\":\"0\",\"fields\":{\"standardHeading\":\"Credos hjerte ligger der r\\u00e5varene produseres.\",\"standardImages\":[\"82\"],\"standardBodyText\":\"<p>P\\u00e5 Credo skal du f\\u00e5 mat laget p\\u00e5 r\\u00e5varer dyrket i regionen, fisket i havet utenfor, og meieriprodukter kultivert p\\u00e5 m\\u00e5ter der smak og b\\u00e6rekraft er viktige elementer.<br><\\/p>\"}},\"103\":{\"modified\":\"1\",\"type\":\"textQuote\",\"enabled\":\"1\",\"collapsed\":\"0\",\"level\":\"0\",\"fields\":{\"standardImages\":[\"81\"],\"standardBodyText\":\"<p>Credo \\u00e5pnet i Credoveita i Trondheim i 1998. Februar 2018 gjen\\u00e5pner vi p\\u00e5 Lilleby i nye lokaler. &nbsp;<\\/p>\",\"standardSubHeading\":\"\"}},\"104\":{\"modified\":\"1\",\"type\":\"imageWithText\",\"enabled\":\"1\",\"collapsed\":\"0\",\"level\":\"0\",\"fields\":{\"standardImages\":[\"98\"],\"standardBodyText\":\"<p>Credo \\u00f8nsker \\u00e5 ta deg gjennom flerfoldige smaker, teksturer og f\\u00f8lelser. Vi \\u00f8nsker \\u00e5 vise deg g\\u00e5rdene v\\u00e5re, fra dyrene deres, fra jorda og fra havet. Vi bruker tid p\\u00e5 \\u00e5 finne r\\u00e5varer som best viser egenskapene til tiden vi er i og til stedet vi er. Menyen er basert p\\u00e5 det mest interessante og beste vi f\\u00e5r levert, fra dag til dag. Vi setter ogs\\u00e5 sammen en drikkemeny som p\\u00e5 beste mulige m\\u00e5te komplementerer og l\\u00f8fter frem hver enkelt rett. Har du spesielle \\u00f8nsker kan du gjerne bestille fra v\\u00e5r rikholdige vinkjeller best\\u00e5ende av flere tusen viner.<br><\\/p>\\r\\n<p>Med n\\u00e6r kontakt til produsentene v\\u00e5re og med en etisk tiln\\u00e6rming til det vi gj\\u00f8r, s\\u00f8ker vi kontinuerlig utvikling mot b\\u00e6rekraft. Vi tror veldig p\\u00e5 at dette gjenspeiler seg i smak. <br><\\/p>\",\"settingImagePosition\":\"left\"}},\"105\":{\"modified\":\"1\",\"type\":\"image\",\"enabled\":\"1\",\"collapsed\":\"0\",\"level\":\"0\",\"fields\":{\"standardImages\":[\"99\"]}},\"106\":{\"modified\":\"1\",\"type\":\"imageWithText\",\"enabled\":\"1\",\"collapsed\":\"0\",\"level\":\"0\",\"fields\":{\"standardImages\":[\"79\"],\"standardBodyText\":\"<p>R\\u00e5varene er motivasjonen v\\u00e5r. Hvorfor skulle vi ellers betale 260 kroner per kilo sm\\u00f8r? Med rent h\\u00e5ndverk kan vi som kokker utfolde oss med en oppmerksomhet rettet utad, p\\u00e5 gjesten som en del av et system. Vi tror at ethvert komponent er gjeldende - dyrene, skogen, jorden, m\\u00e5nen, sj\\u00f8en, kroppen.<br><\\/p>\\r\\n<p>Vi tar deg n\\u00e6rt til smaker, teksturer og f\\u00f8lelser. Vi \\u00f8nsker \\u00e5 integrere deg og kretsl\\u00f8pene som g\\u00e5rdene v\\u00e5re representerer, fra dyrene deres, fra jorda og fra havet. Vi bruker tid p\\u00e5 \\u00e5 finne r\\u00e5varer som best viser egenskapene til tiden vi er i og til stedet vi er p\\u00e5.<\\/p>\",\"settingImagePosition\":\"right\"}},\"107\":{\"modified\":\"1\",\"type\":\"imageFullWidth\",\"enabled\":\"1\",\"collapsed\":\"0\",\"level\":\"0\",\"fields\":{\"standardHeading\":\"Heidi\",\"standardImages\":[\"127\"],\"standardBodyText\":\"<p>Heidi Bjerkan (1970) er en norsk kokk, kj\\u00f8kkensjef og medeier. Hun \\u00e5pnet Credo Restaurant i Credoveita, Trondheim i 1997.<\\/p>\"}},\"108\":{\"modified\":\"1\",\"type\":\"imageWithText\",\"enabled\":\"1\",\"collapsed\":\"0\",\"level\":\"0\",\"fields\":{\"standardImages\":[\"101\"],\"standardBodyText\":\"<p>Heidi Bjerkan vokste opp i Trondheim og i b\\u00e5ten til bestefaren p\\u00e5 Garten - tr\\u00f8ndelagskysten. Her knyttet hun sterke b\\u00e5nd til jord og vann, som siden er \\u00e5 se i hennes matlaging. For Heidi Bjerkan er det b\\u00f8ndene som er heltene, og det er produsentene som skal skinne. Gjennom m\\u00e5ltidet p\\u00e5 Credo tar hun med alle gjestene p\\u00e5 hennes tur gjennom g\\u00e5rdene, sj\\u00f8en og skogen der r\\u00e5varene kommer fra.<br><\\/p>\\r\\n<p>Heidi Bjerkan engasjerer seg for mer kunnskap, for bedre landbruk og for st\\u00f8rre interesse for tradisjoner, og Heidi Bjerkan fikk i \\u00e5r Matprisen for sitt engasjement for bedre mat og et bedre landbruk. <\\/p>\",\"settingImagePosition\":\"left\"}},\"111\":{\"modified\":\"1\",\"type\":\"image\",\"enabled\":\"1\",\"collapsed\":\"0\",\"level\":\"0\",\"fields\":{\"standardImages\":[\"125\"]}},\"112\":{\"modified\":\"1\",\"type\":\"text\",\"enabled\":\"1\",\"collapsed\":\"0\",\"level\":\"0\",\"fields\":{\"standardHeading\":\"Skj\\u00f8lberg S\\u00f8ndre, Svorkmo\",\"standardBodyText\":\"<p>Skj\\u00f8lberg S\\u00f8ndre er en biodynamisk kretsl\\u00f8psg\\u00e5rd som drives av Elin \\u00d6stlund og Carl Erik Skj\\u00f8lberg. Her arbeider de med jordbrukskulturer hvor mangfold, smak, opplevelser og nysgjerrighet for naturens orden er det sentrale. \\u00c5 plukke rene, \\u00e6rlige gr\\u00f8nnsaker og urter med egne hender er et h\\u00f8ydepunkt for oss som kokker, og vi setter sv\\u00e6rt stor pris p\\u00e5 kunnskapen som Skj\\u00f8lberg S\\u00f8ndre viser oss om agro-\\u00f8kologisk jordbruk.<\\/p>\"}},\"113\":{\"modified\":\"1\",\"type\":\"image\",\"enabled\":\"1\",\"collapsed\":\"0\",\"level\":\"0\",\"fields\":{\"standardImages\":[\"110\"]}},\"114\":{\"modified\":\"1\",\"type\":\"text\",\"enabled\":\"1\",\"collapsed\":\"0\",\"level\":\"0\",\"fields\":{\"standardHeading\":\"Fannremsg\\u00e5rden, Orkdal\",\"standardBodyText\":\"<p>Credo jobber sv\\u00e6rt tett med historiker og g\\u00e5rdbruker Jon Fredrik Skauge. Blant flere r\\u00e5varer henter vi ukentlig nykinnet sm\\u00f8r, fersk melk, r\\u00f8mme og kj\\u00f8tt \\u2013 alt fra g\\u00e5rdens sidete Tr\\u00f8nderfe. De ulike sesongene gir r\\u00e5varer som endrer smak hele tiden, til v\\u00e5r store begeistring.<\\/p>\"}}},\"19\":\"1\",\"18\":\"1\"}}', '2018-01-10 09:37:33', '2018-01-10 09:37:33', '8dc1fa79-05b4-4f39-9820-6c0d4720b035'),
 ('168', '16', '4', '1', 'en', '12', '', '{\"typeId\":\"4\",\"authorId\":\"1\",\"title\":\"Om oss\",\"slug\":\"om-oss\",\"postDate\":1505469360,\"expiryDate\":null,\"enabled\":1,\"parentId\":\"7\",\"fields\":{\"3\":{\"102\":{\"modified\":\"1\",\"type\":\"imageFullWidth\",\"enabled\":\"1\",\"collapsed\":\"0\",\"level\":\"0\",\"fields\":{\"standardHeading\":\"Credos hjerte ligger der r\\u00e5varene produseres.\",\"standardImages\":[\"82\"],\"standardBodyText\":\"<p>P\\u00e5 Credo skal du f\\u00e5 mat laget p\\u00e5 r\\u00e5varer dyrket i regionen, fisket i havet utenfor, og meieriprodukter kultivert p\\u00e5 m\\u00e5ter der smak og b\\u00e6rekraft er viktige elementer.<br><\\/p>\"}},\"103\":{\"modified\":\"1\",\"type\":\"textQuote\",\"enabled\":\"1\",\"collapsed\":\"0\",\"level\":\"0\",\"fields\":{\"standardImages\":[\"81\"],\"standardBodyText\":\"<p>Credo \\u00e5pnet i Credoveita i Trondheim i 1998. Februar 2018 gjen\\u00e5pner vi p\\u00e5 Lilleby i nye lokaler. &nbsp;<\\/p>\",\"standardSubHeading\":\"\"}},\"104\":{\"modified\":\"1\",\"type\":\"imageWithText\",\"enabled\":\"1\",\"collapsed\":\"0\",\"level\":\"0\",\"fields\":{\"standardImages\":[\"98\"],\"standardBodyText\":\"<p>Credo \\u00f8nsker \\u00e5 ta deg gjennom flerfoldige smaker, teksturer og f\\u00f8lelser. Vi \\u00f8nsker \\u00e5 vise deg g\\u00e5rdene v\\u00e5re, fra dyrene deres, fra jorda og fra havet. Vi bruker tid p\\u00e5 \\u00e5 finne r\\u00e5varer som best viser egenskapene til tiden vi er i og til stedet vi er. Menyen er basert p\\u00e5 det mest interessante og beste vi f\\u00e5r levert, fra dag til dag. Vi setter ogs\\u00e5 sammen en drikkemeny som p\\u00e5 beste mulige m\\u00e5te komplementerer og l\\u00f8fter frem hver enkelt rett. Har du spesielle \\u00f8nsker kan du gjerne bestille fra v\\u00e5r rikholdige vinkjeller best\\u00e5ende av flere tusen viner.<br><\\/p>\\r\\n<p>Med n\\u00e6r kontakt til produsentene v\\u00e5re og med en etisk tiln\\u00e6rming til det vi gj\\u00f8r, s\\u00f8ker vi kontinuerlig utvikling mot b\\u00e6rekraft. Vi tror veldig p\\u00e5 at dette gjenspeiler seg i smak. <br><\\/p>\",\"settingImagePosition\":\"left\"}},\"105\":{\"modified\":\"1\",\"type\":\"image\",\"enabled\":\"1\",\"collapsed\":\"0\",\"level\":\"0\",\"fields\":{\"standardImages\":[\"99\"]}},\"106\":{\"modified\":\"1\",\"type\":\"imageWithText\",\"enabled\":\"1\",\"collapsed\":\"0\",\"level\":\"0\",\"fields\":{\"standardImages\":[\"79\"],\"standardBodyText\":\"<p>R\\u00e5varene er motivasjonen v\\u00e5r. Hvorfor skulle vi ellers betale 260 kroner per kilo sm\\u00f8r? Med rent h\\u00e5ndverk kan vi som kokker utfolde oss med en oppmerksomhet rettet utad, p\\u00e5 gjesten som en del av et system. Vi tror at ethvert komponent er gjeldende - dyrene, skogen, jorden, m\\u00e5nen, sj\\u00f8en, kroppen.<br><\\/p>\\r\\n<p>Vi tar deg n\\u00e6rt til smaker, teksturer og f\\u00f8lelser. Vi \\u00f8nsker \\u00e5 integrere deg og kretsl\\u00f8pene som g\\u00e5rdene v\\u00e5re representerer, fra dyrene deres, fra jorda og fra havet. Vi bruker tid p\\u00e5 \\u00e5 finne r\\u00e5varer som best viser egenskapene til tiden vi er i og til stedet vi er p\\u00e5.<\\/p>\",\"settingImagePosition\":\"right\"}},\"107\":{\"modified\":\"1\",\"type\":\"imageFullWidth\",\"enabled\":\"1\",\"collapsed\":\"0\",\"level\":\"0\",\"fields\":{\"standardHeading\":\"Heidi\",\"standardImages\":[\"127\"],\"standardBodyText\":\"<p>Heidi Bjerkan (1970) er en norsk kokk, kj\\u00f8kkensjef og medeier. Hun \\u00e5pnet Credo Restaurant i Credoveita, Trondheim i 1997.<\\/p>\"}},\"108\":{\"modified\":\"1\",\"type\":\"imageWithText\",\"enabled\":\"1\",\"collapsed\":\"0\",\"level\":\"0\",\"fields\":{\"standardImages\":[\"101\"],\"standardBodyText\":\"<p>Heidi Bjerkan vokste opp i Trondheim og i b\\u00e5ten til bestefaren p\\u00e5 Garten - tr\\u00f8ndelagskysten. Her knyttet hun sterke b\\u00e5nd til jord og vann, som siden er \\u00e5 se i hennes matlaging. For Heidi Bjerkan er det b\\u00f8ndene som er heltene, og det er produsentene som skal skinne. Gjennom m\\u00e5ltidet p\\u00e5 Credo tar hun med alle gjestene p\\u00e5 hennes tur gjennom g\\u00e5rdene, sj\\u00f8en og skogen der r\\u00e5varene kommer fra.<br><\\/p>\\r\\n<p>Heidi Bjerkan engasjerer seg for mer kunnskap, for bedre landbruk og for st\\u00f8rre interesse for tradisjoner, og Heidi Bjerkan fikk i \\u00e5r Matprisen for sitt engasjement for bedre mat og et bedre landbruk. <\\/p>\",\"settingImagePosition\":\"left\"}},\"111\":{\"modified\":\"1\",\"type\":\"image\",\"enabled\":\"1\",\"collapsed\":\"0\",\"level\":\"0\",\"fields\":{\"standardImages\":[\"125\"]}},\"112\":{\"modified\":\"1\",\"type\":\"text\",\"enabled\":\"1\",\"collapsed\":\"0\",\"level\":\"0\",\"fields\":{\"standardHeading\":\"Skj\\u00f8lberg S\\u00f8ndre, Svorkmo\",\"standardBodyText\":\"<p>Skj\\u00f8lberg S\\u00f8ndre er en biodynamisk kretsl\\u00f8psg\\u00e5rd som drives av Elin \\u00d6stlund og Carl Erik Skj\\u00f8lberg. Her arbeider de med jordbrukskulturer hvor mangfold, smak, opplevelser og nysgjerrighet for naturens orden er det sentrale. \\u00c5 plukke rene, \\u00e6rlige gr\\u00f8nnsaker og urter med egne hender er et h\\u00f8ydepunkt for oss som kokker, og vi setter sv\\u00e6rt stor pris p\\u00e5 kunnskapen som Skj\\u00f8lberg S\\u00f8ndre viser oss om agro-\\u00f8kologisk jordbruk.<\\/p>\"}},\"113\":{\"modified\":\"1\",\"type\":\"image\",\"enabled\":\"1\",\"collapsed\":\"0\",\"level\":\"0\",\"fields\":{\"standardImages\":[\"110\"]}},\"114\":{\"modified\":\"1\",\"type\":\"text\",\"enabled\":\"1\",\"collapsed\":\"0\",\"level\":\"0\",\"fields\":{\"standardHeading\":\"Fannremsg\\u00e5rden, Orkdal\",\"standardBodyText\":\"<p>Credo jobber sv\\u00e6rt tett med historiker og g\\u00e5rdbruker Jon Fredrik Skauge. Blant flere r\\u00e5varer henter vi ukentlig nykinnet sm\\u00f8r, fersk melk, r\\u00f8mme og kj\\u00f8tt \\u2013 alt fra g\\u00e5rdens sidete Tr\\u00f8nderfe. De ulike sesongene gir r\\u00e5varer som endrer smak hele tiden, til v\\u00e5r store begeistring.<\\/p>\"}}},\"19\":\"1\",\"18\":\"1\"}}', '2018-01-10 09:38:04', '2018-01-10 09:38:04', 'a0317193-ca81-4a5e-9083-b2d40fda77a3'),
 ('169', '7', '4', '1', 'en', '69', '', '{\"typeId\":\"4\",\"authorId\":\"1\",\"title\":\"Credo\",\"slug\":\"restaurant\",\"postDate\":1505469180,\"expiryDate\":null,\"enabled\":1,\"parentId\":\"\",\"fields\":{\"3\":{\"97\":{\"modified\":\"1\",\"type\":\"imageFullWidth\",\"enabled\":\"1\",\"collapsed\":\"0\",\"level\":\"0\",\"fields\":{\"standardHeading\":\"Kj\\u00e6rlighet til r\\u00e5varen\",\"standardImages\":[\"78\"],\"standardBodyText\":\"<p>Credo er en r\\u00e5vare-drevet restaurant som \\u00e5pnet i Credoveita i Trondheim i 1998. Februar 2018 gjen\\u00e5pner vi p\\u00e5 Lilleby i nye lokaler. &nbsp;<\\/p>\"}},\"80\":{\"modified\":\"1\",\"type\":\"introBoxes\",\"enabled\":\"0\",\"collapsed\":\"1\",\"level\":\"0\",\"fields\":{\"standardImages\":[\"131\",\"130\"],\"standardHeading\":\"Kj\\u00e6rlighet til r\\u00e5varen\",\"standardBodyText\":\"<p>Credo er en r\\u00e5vare-drevet restaurant som \\u00e5pnet i Credoveita i Trondheim i 1998. Februar 2018 gjen\\u00e5pner vi p\\u00e5 Lilleby i nye lokaler. &nbsp;<\\/p>\"}},\"60\":{\"modified\":\"1\",\"type\":\"introLinks\",\"enabled\":\"0\",\"collapsed\":\"1\",\"level\":\"0\",\"fields\":{\"standardHeading\":\"\",\"customIntroLinks\":{\"76\":{\"type\":\"link\",\"enabled\":\"1\",\"fields\":{\"navn\":\"Historier fra Credo\",\"internLink\":\"\",\"externalLink\":\"http:\\/\\/credo.skogen.io\\/restaurant\\/journal\"}},\"77\":{\"type\":\"link\",\"enabled\":\"1\",\"fields\":{\"navn\":\"L\\u00e6r om v\\u00e5r filosofi\",\"internLink\":[\"16\"],\"externalLink\":\"\"}}}}},\"62\":{\"modified\":\"1\",\"type\":\"journal\",\"enabled\":\"1\",\"collapsed\":\"1\",\"level\":\"0\",\"fields\":{\"customChooseJournal\":[\"83\"],\"settingImagePosition\":\"left\",\"settingTextOverImage\":\"1\"}},\"123\":{\"modified\":\"1\",\"type\":\"journal\",\"enabled\":\"1\",\"collapsed\":\"1\",\"level\":\"0\",\"fields\":{\"customChooseJournal\":[\"90\"],\"settingImagePosition\":\"right\",\"settingTextOverImage\":\"\"}},\"124\":{\"modified\":\"1\",\"type\":\"journal\",\"enabled\":\"1\",\"collapsed\":\"1\",\"level\":\"0\",\"fields\":{\"customChooseJournal\":[\"94\"],\"settingImagePosition\":\"left\",\"settingTextOverImage\":\"\"}}},\"19\":\"1\",\"18\":\"1\"}}', '2018-01-10 09:38:59', '2018-01-10 09:38:59', '1f39182c-4c04-4228-a631-7864a462102b'),
 ('170', '171', '3', '49', 'en', '1', '', '{\"typeId\":null,\"authorId\":\"49\",\"title\":\"Heidi\",\"slug\":\"heidi\",\"postDate\":1515583680,\"expiryDate\":null,\"enabled\":1,\"parentId\":null,\"fields\":{\"17\":[\"4\"],\"4\":[\"170\"],\"10\":\"<p>Heidi Bjerkan er en norsk kokk, kj\\u00f8kkensjef og medeier. Hun \\u00e5pnet Credo Restaurant i Credoveita, Trondheim i 1997.<\\/p><p><\\/p>\",\"3\":{\"new0\":{\"modified\":\"1\",\"type\":\"imageWithText\",\"enabled\":\"1\",\"collapsed\":\"0\",\"level\":\"0\",\"fields\":{\"standardImages\":[\"101\"],\"standardBodyText\":\"<p>Heidi Bjerkan vokste opp i Trondheim og i b\\u00e5ten til bestefaren p\\u00e5 Garten - tr\\u00f8ndelagskysten. Her knyttet hun sterke b\\u00e5nd til jord og vann, som siden er \\u00e5 se i hennes matlaging. For Heidi Bjerkan er det b\\u00f8ndene som er heltene, og det er produsentene som skal skinne. Gjennom m\\u00e5ltidet p\\u00e5 Credo tar hun med alle gjestene p\\u00e5 hennes tur gjennom g\\u00e5rdene, sj\\u00f8en og skogen der r\\u00e5varene kommer fra.<\\/p>\\r\\n<p>Heidi Bjerkan engasjerer seg for mer kunnskap, for bedre landbruk og for st\\u00f8rre interesse for tradisjoner, og Heidi Bjerkan fikk i \\u00e5r Matprisen for sitt engasjement for bedre mat og et bedre landbruk.<\\/p>\",\"settingImagePosition\":\"left\"}}},\"19\":\"\",\"18\":\"\",\"16\":\"\"}}', '2018-01-10 11:28:00', '2018-01-10 11:28:00', '02b0b948-bc2f-4815-8799-d732530c2d28'),
 ('171', '7', '4', '49', 'en', '70', '', '{\"typeId\":\"4\",\"authorId\":\"1\",\"title\":\"Credo\",\"slug\":\"restaurant\",\"postDate\":1505469180,\"expiryDate\":null,\"enabled\":1,\"parentId\":\"\",\"fields\":{\"3\":{\"97\":{\"modified\":\"1\",\"type\":\"imageFullWidth\",\"enabled\":\"1\",\"collapsed\":\"0\",\"level\":\"0\",\"fields\":{\"standardHeading\":\"Kj\\u00e6rlighet til r\\u00e5varen\",\"standardImages\":[\"78\"],\"standardBodyText\":\"<p>Credo er en r\\u00e5vare-drevet restaurant som \\u00e5pnet i Credoveita i Trondheim i 1998. Februar 2018 gjen\\u00e5pner vi p\\u00e5 Lilleby i nye lokaler. &nbsp;<\\/p>\"}},\"80\":{\"modified\":\"1\",\"type\":\"introBoxes\",\"enabled\":\"0\",\"collapsed\":\"1\",\"level\":\"0\",\"fields\":{\"standardImages\":[\"131\",\"130\"],\"standardHeading\":\"Kj\\u00e6rlighet til r\\u00e5varen\",\"standardBodyText\":\"<p>Credo er en r\\u00e5vare-drevet restaurant som \\u00e5pnet i Credoveita i Trondheim i 1998. Februar 2018 gjen\\u00e5pner vi p\\u00e5 Lilleby i nye lokaler. &nbsp;<\\/p>\"}},\"60\":{\"modified\":\"1\",\"type\":\"introLinks\",\"enabled\":\"0\",\"collapsed\":\"1\",\"level\":\"0\",\"fields\":{\"standardHeading\":\"\",\"customIntroLinks\":{\"76\":{\"type\":\"link\",\"enabled\":\"1\",\"fields\":{\"navn\":\"Historier fra Credo\",\"internLink\":\"\",\"externalLink\":\"http:\\/\\/credo.skogen.io\\/restaurant\\/journal\"}},\"77\":{\"type\":\"link\",\"enabled\":\"1\",\"fields\":{\"navn\":\"L\\u00e6r om v\\u00e5r filosofi\",\"internLink\":[\"16\"],\"externalLink\":\"\"}}}}},\"62\":{\"modified\":\"1\",\"type\":\"journal\",\"enabled\":\"1\",\"collapsed\":\"1\",\"level\":\"0\",\"fields\":{\"customChooseJournal\":[\"83\"],\"settingImagePosition\":\"left\",\"settingTextOverImage\":\"1\"}},\"new0\":{\"modified\":\"1\",\"type\":\"journal\",\"enabled\":\"1\",\"collapsed\":\"0\",\"level\":\"0\",\"fields\":{\"customChooseJournal\":[\"171\"],\"settingImagePosition\":\"left\",\"settingTextOverImage\":\"\"}},\"123\":{\"modified\":\"1\",\"type\":\"journal\",\"enabled\":\"1\",\"collapsed\":\"1\",\"level\":\"0\",\"fields\":{\"customChooseJournal\":[\"90\"],\"settingImagePosition\":\"right\",\"settingTextOverImage\":\"\"}},\"124\":{\"modified\":\"1\",\"type\":\"journal\",\"enabled\":\"1\",\"collapsed\":\"1\",\"level\":\"0\",\"fields\":{\"customChooseJournal\":[\"94\"],\"settingImagePosition\":\"left\",\"settingTextOverImage\":\"\"}}},\"19\":\"1\",\"18\":\"1\"}}', '2018-01-10 11:28:31', '2018-01-10 11:28:31', '94a32cba-64f0-4b43-823e-40478736ec2a'),
 ('172', '171', '3', '49', 'en', '2', '', '{\"typeId\":\"3\",\"authorId\":\"49\",\"title\":\"Heidi\",\"slug\":\"heidi\",\"postDate\":1515583680,\"expiryDate\":null,\"enabled\":1,\"parentId\":null,\"fields\":{\"17\":[\"4\"],\"4\":[\"174\"],\"10\":\"<p>Heidi Bjerkan er en norsk kokk, kj\\u00f8kkensjef og medeier. Hun \\u00e5pnet Credo Restaurant i Credoveita, Trondheim i 1997.<\\/p>\",\"3\":{\"172\":{\"modified\":\"1\",\"type\":\"imageWithText\",\"enabled\":\"1\",\"collapsed\":\"0\",\"level\":\"0\",\"fields\":{\"standardImages\":[\"101\"],\"standardBodyText\":\"<p>Heidi Bjerkan vokste opp i Trondheim og i b\\u00e5ten til bestefaren p\\u00e5 Garten - tr\\u00f8ndelagskysten. Her knyttet hun sterke b\\u00e5nd til jord og vann, som siden er \\u00e5 se i hennes matlaging. For Heidi Bjerkan er det b\\u00f8ndene som er heltene, og det er produsentene som skal skinne. Gjennom m\\u00e5ltidet p\\u00e5 Credo tar hun med alle gjestene p\\u00e5 hennes tur gjennom g\\u00e5rdene, sj\\u00f8en og skogen der r\\u00e5varene kommer fra.<\\/p>\\r\\n<p>Heidi Bjerkan engasjerer seg for mer kunnskap, for bedre landbruk og for st\\u00f8rre interesse for tradisjoner, og Heidi Bjerkan fikk i \\u00e5r Matprisen for sitt engasjement for bedre mat og et bedre landbruk.<\\/p>\",\"settingImagePosition\":\"left\"}}},\"19\":\"\",\"18\":\"\",\"16\":\"\"}}', '2018-01-10 11:31:56', '2018-01-10 11:31:56', '0e7b94f2-0660-4135-bcfe-e1cdf4603d4b'),
 ('173', '7', '4', '49', 'en', '71', '', '{\"typeId\":\"4\",\"authorId\":\"1\",\"title\":\"Credo\",\"slug\":\"restaurant\",\"postDate\":1505469180,\"expiryDate\":null,\"enabled\":1,\"parentId\":\"\",\"fields\":{\"3\":{\"97\":{\"modified\":\"1\",\"type\":\"imageFullWidth\",\"enabled\":\"1\",\"collapsed\":\"0\",\"level\":\"0\",\"fields\":{\"standardHeading\":\"Kj\\u00e6rlighet til r\\u00e5varen\",\"standardImages\":[\"78\"],\"standardBodyText\":\"<p>Credo er en r\\u00e5vare-drevet restaurant som \\u00e5pnet i Credoveita i Trondheim i 1998. Februar 2018 gjen\\u00e5pner vi p\\u00e5 Lilleby i nye lokaler. &nbsp;<\\/p>\"}},\"80\":{\"modified\":\"1\",\"type\":\"introBoxes\",\"enabled\":\"0\",\"collapsed\":\"1\",\"level\":\"0\",\"fields\":{\"standardImages\":[\"131\",\"130\"],\"standardHeading\":\"Kj\\u00e6rlighet til r\\u00e5varen\",\"standardBodyText\":\"<p>Credo er en r\\u00e5vare-drevet restaurant som \\u00e5pnet i Credoveita i Trondheim i 1998. Februar 2018 gjen\\u00e5pner vi p\\u00e5 Lilleby i nye lokaler. &nbsp;<\\/p>\"}},\"60\":{\"modified\":\"1\",\"type\":\"introLinks\",\"enabled\":\"0\",\"collapsed\":\"1\",\"level\":\"0\",\"fields\":{\"standardHeading\":\"\",\"customIntroLinks\":{\"76\":{\"type\":\"link\",\"enabled\":\"1\",\"fields\":{\"navn\":\"Historier fra Credo\",\"internLink\":\"\",\"externalLink\":\"http:\\/\\/credo.skogen.io\\/restaurant\\/journal\"}},\"77\":{\"type\":\"link\",\"enabled\":\"1\",\"fields\":{\"navn\":\"L\\u00e6r om v\\u00e5r filosofi\",\"internLink\":[\"16\"],\"externalLink\":\"\"}}}}},\"62\":{\"modified\":\"1\",\"type\":\"journal\",\"enabled\":\"1\",\"collapsed\":\"1\",\"level\":\"0\",\"fields\":{\"customChooseJournal\":[\"83\"],\"settingImagePosition\":\"left\",\"settingTextOverImage\":\"1\"}},\"173\":{\"modified\":\"1\",\"type\":\"journal\",\"enabled\":\"1\",\"collapsed\":\"0\",\"level\":\"0\",\"fields\":{\"customChooseJournal\":[\"171\"],\"settingImagePosition\":\"right\",\"settingTextOverImage\":\"\"}},\"123\":{\"modified\":\"1\",\"type\":\"journal\",\"enabled\":\"1\",\"collapsed\":\"1\",\"level\":\"0\",\"fields\":{\"customChooseJournal\":[\"90\"],\"settingImagePosition\":\"right\",\"settingTextOverImage\":\"\"}},\"124\":{\"modified\":\"1\",\"type\":\"journal\",\"enabled\":\"1\",\"collapsed\":\"1\",\"level\":\"0\",\"fields\":{\"customChooseJournal\":[\"94\"],\"settingImagePosition\":\"left\",\"settingTextOverImage\":\"\"}}},\"19\":\"1\",\"18\":\"1\"}}', '2018-01-10 11:32:36', '2018-01-10 11:32:36', '66ad40e2-c390-4f7e-b8ec-c9d2c72b210e'),
 ('174', '7', '4', '49', 'en', '72', '', '{\"typeId\":\"4\",\"authorId\":\"1\",\"title\":\"Credo\",\"slug\":\"restaurant\",\"postDate\":1505469180,\"expiryDate\":null,\"enabled\":1,\"parentId\":\"\",\"fields\":{\"3\":{\"97\":{\"modified\":\"1\",\"type\":\"imageFullWidth\",\"enabled\":\"1\",\"collapsed\":\"0\",\"level\":\"0\",\"fields\":{\"standardHeading\":\"Kj\\u00e6rlighet til r\\u00e5varen\",\"standardImages\":[\"78\"],\"standardBodyText\":\"<p>Credo er en r\\u00e5vare-drevet restaurant som \\u00e5pnet i Credoveita i Trondheim i 1998. Februar 2018 gjen\\u00e5pner vi p\\u00e5 Lilleby i nye lokaler. &nbsp;<\\/p>\"}},\"80\":{\"modified\":\"1\",\"type\":\"introBoxes\",\"enabled\":\"0\",\"collapsed\":\"1\",\"level\":\"0\",\"fields\":{\"standardImages\":[\"131\",\"130\"],\"standardHeading\":\"Kj\\u00e6rlighet til r\\u00e5varen\",\"standardBodyText\":\"<p>Credo er en r\\u00e5vare-drevet restaurant som \\u00e5pnet i Credoveita i Trondheim i 1998. Februar 2018 gjen\\u00e5pner vi p\\u00e5 Lilleby i nye lokaler. &nbsp;<\\/p>\"}},\"60\":{\"modified\":\"1\",\"type\":\"introLinks\",\"enabled\":\"0\",\"collapsed\":\"1\",\"level\":\"0\",\"fields\":{\"standardHeading\":\"\",\"customIntroLinks\":{\"76\":{\"type\":\"link\",\"enabled\":\"1\",\"fields\":{\"navn\":\"Historier fra Credo\",\"internLink\":\"\",\"externalLink\":\"http:\\/\\/credo.skogen.io\\/restaurant\\/journal\"}},\"77\":{\"type\":\"link\",\"enabled\":\"1\",\"fields\":{\"navn\":\"L\\u00e6r om v\\u00e5r filosofi\",\"internLink\":[\"16\"],\"externalLink\":\"\"}}}}},\"62\":{\"modified\":\"1\",\"type\":\"journal\",\"enabled\":\"1\",\"collapsed\":\"0\",\"level\":\"0\",\"fields\":{\"customChooseJournal\":[\"83\"],\"settingImagePosition\":\"right\",\"settingTextOverImage\":\"1\"}},\"173\":{\"modified\":\"1\",\"type\":\"journal\",\"enabled\":\"1\",\"collapsed\":\"0\",\"level\":\"0\",\"fields\":{\"customChooseJournal\":[\"171\"],\"settingImagePosition\":\"left\",\"settingTextOverImage\":\"\"}},\"123\":{\"modified\":\"1\",\"type\":\"journal\",\"enabled\":\"1\",\"collapsed\":\"1\",\"level\":\"0\",\"fields\":{\"customChooseJournal\":[\"90\"],\"settingImagePosition\":\"right\",\"settingTextOverImage\":\"\"}},\"124\":{\"modified\":\"1\",\"type\":\"journal\",\"enabled\":\"1\",\"collapsed\":\"1\",\"level\":\"0\",\"fields\":{\"customChooseJournal\":[\"94\"],\"settingImagePosition\":\"left\",\"settingTextOverImage\":\"\"}}},\"19\":\"1\",\"18\":\"1\"}}', '2018-01-10 11:32:56', '2018-01-10 11:32:56', '7ebb0861-bbd7-4e06-84de-5f5e5a9b6314'),
 ('175', '7', '4', '49', 'en', '73', '', '{\"typeId\":\"4\",\"authorId\":\"1\",\"title\":\"Credo\",\"slug\":\"restaurant\",\"postDate\":1505469180,\"expiryDate\":null,\"enabled\":1,\"parentId\":\"\",\"fields\":{\"3\":{\"97\":{\"modified\":\"1\",\"type\":\"imageFullWidth\",\"enabled\":\"1\",\"collapsed\":\"0\",\"level\":\"0\",\"fields\":{\"standardHeading\":\"Kj\\u00e6rlighet til r\\u00e5varen\",\"standardImages\":[\"78\"],\"standardBodyText\":\"<p>Credo er en r\\u00e5vare-drevet restaurant som \\u00e5pnet i Credoveita i Trondheim i 1998. Februar 2018 gjen\\u00e5pner vi p\\u00e5 Lilleby i nye lokaler. &nbsp;<\\/p>\"}},\"80\":{\"modified\":\"1\",\"type\":\"introBoxes\",\"enabled\":\"0\",\"collapsed\":\"1\",\"level\":\"0\",\"fields\":{\"standardImages\":[\"131\",\"130\"],\"standardHeading\":\"Kj\\u00e6rlighet til r\\u00e5varen\",\"standardBodyText\":\"<p>Credo er en r\\u00e5vare-drevet restaurant som \\u00e5pnet i Credoveita i Trondheim i 1998. Februar 2018 gjen\\u00e5pner vi p\\u00e5 Lilleby i nye lokaler. &nbsp;<\\/p>\"}},\"60\":{\"modified\":\"1\",\"type\":\"introLinks\",\"enabled\":\"0\",\"collapsed\":\"1\",\"level\":\"0\",\"fields\":{\"standardHeading\":\"\",\"customIntroLinks\":{\"76\":{\"type\":\"link\",\"enabled\":\"1\",\"fields\":{\"navn\":\"Historier fra Credo\",\"internLink\":\"\",\"externalLink\":\"http:\\/\\/credo.skogen.io\\/restaurant\\/journal\"}},\"77\":{\"type\":\"link\",\"enabled\":\"1\",\"fields\":{\"navn\":\"L\\u00e6r om v\\u00e5r filosofi\",\"internLink\":[\"16\"],\"externalLink\":\"\"}}}}},\"62\":{\"modified\":\"1\",\"type\":\"journal\",\"enabled\":\"1\",\"collapsed\":\"0\",\"level\":\"0\",\"fields\":{\"customChooseJournal\":[\"83\"],\"settingImagePosition\":\"right\",\"settingTextOverImage\":\"\"}},\"173\":{\"modified\":\"1\",\"type\":\"journal\",\"enabled\":\"1\",\"collapsed\":\"0\",\"level\":\"0\",\"fields\":{\"customChooseJournal\":[\"171\"],\"settingImagePosition\":\"left\",\"settingTextOverImage\":\"\"}},\"123\":{\"modified\":\"1\",\"type\":\"journal\",\"enabled\":\"1\",\"collapsed\":\"1\",\"level\":\"0\",\"fields\":{\"customChooseJournal\":[\"90\"],\"settingImagePosition\":\"right\",\"settingTextOverImage\":\"\"}},\"124\":{\"modified\":\"1\",\"type\":\"journal\",\"enabled\":\"1\",\"collapsed\":\"1\",\"level\":\"0\",\"fields\":{\"customChooseJournal\":[\"94\"],\"settingImagePosition\":\"left\",\"settingTextOverImage\":\"\"}}},\"19\":\"1\",\"18\":\"1\"}}', '2018-01-10 11:33:25', '2018-01-10 11:33:25', 'ef95b099-2f85-4dbb-b42b-9b6b2b004c02'),
 ('176', '7', '4', '49', 'en', '74', '', '{\"typeId\":\"4\",\"authorId\":\"1\",\"title\":\"Credo\",\"slug\":\"restaurant\",\"postDate\":1505469180,\"expiryDate\":null,\"enabled\":1,\"parentId\":\"\",\"fields\":{\"3\":{\"97\":{\"modified\":\"1\",\"type\":\"imageFullWidth\",\"enabled\":\"1\",\"collapsed\":\"0\",\"level\":\"0\",\"fields\":{\"standardHeading\":\"Kj\\u00e6rlighet til r\\u00e5varen\",\"standardImages\":[\"82\"],\"standardBodyText\":\"<p>Credo er en r\\u00e5vare-drevet restaurant som \\u00e5pnet i Credoveita i Trondheim i 1998. Februar 2018 gjen\\u00e5pner vi p\\u00e5 Lilleby i nye lokaler. &nbsp;<\\/p>\"}},\"80\":{\"modified\":\"1\",\"type\":\"introBoxes\",\"enabled\":\"0\",\"collapsed\":\"1\",\"level\":\"0\",\"fields\":{\"standardImages\":[\"131\",\"130\"],\"standardHeading\":\"Kj\\u00e6rlighet til r\\u00e5varen\",\"standardBodyText\":\"<p>Credo er en r\\u00e5vare-drevet restaurant som \\u00e5pnet i Credoveita i Trondheim i 1998. Februar 2018 gjen\\u00e5pner vi p\\u00e5 Lilleby i nye lokaler. &nbsp;<\\/p>\"}},\"60\":{\"modified\":\"1\",\"type\":\"introLinks\",\"enabled\":\"0\",\"collapsed\":\"1\",\"level\":\"0\",\"fields\":{\"standardHeading\":\"\",\"customIntroLinks\":{\"76\":{\"type\":\"link\",\"enabled\":\"1\",\"fields\":{\"navn\":\"Historier fra Credo\",\"internLink\":\"\",\"externalLink\":\"http:\\/\\/credo.skogen.io\\/restaurant\\/journal\"}},\"77\":{\"type\":\"link\",\"enabled\":\"1\",\"fields\":{\"navn\":\"L\\u00e6r om v\\u00e5r filosofi\",\"internLink\":[\"16\"],\"externalLink\":\"\"}}}}},\"62\":{\"modified\":\"1\",\"type\":\"journal\",\"enabled\":\"1\",\"collapsed\":\"0\",\"level\":\"0\",\"fields\":{\"customChooseJournal\":[\"83\"],\"settingImagePosition\":\"right\",\"settingTextOverImage\":\"\"}},\"173\":{\"modified\":\"1\",\"type\":\"journal\",\"enabled\":\"1\",\"collapsed\":\"0\",\"level\":\"0\",\"fields\":{\"customChooseJournal\":[\"171\"],\"settingImagePosition\":\"left\",\"settingTextOverImage\":\"\"}},\"123\":{\"modified\":\"1\",\"type\":\"journal\",\"enabled\":\"1\",\"collapsed\":\"1\",\"level\":\"0\",\"fields\":{\"customChooseJournal\":[\"90\"],\"settingImagePosition\":\"right\",\"settingTextOverImage\":\"\"}},\"124\":{\"modified\":\"1\",\"type\":\"journal\",\"enabled\":\"1\",\"collapsed\":\"1\",\"level\":\"0\",\"fields\":{\"customChooseJournal\":[\"94\"],\"settingImagePosition\":\"left\",\"settingTextOverImage\":\"\"}}},\"19\":\"1\",\"18\":\"1\"}}', '2018-01-10 11:34:49', '2018-01-10 11:34:49', '755ead2b-696a-4f38-bb90-064c9f3e0a50'),
 ('177', '16', '4', '49', 'en', '13', '', '{\"typeId\":\"4\",\"authorId\":\"1\",\"title\":\"Om oss\",\"slug\":\"om-oss\",\"postDate\":1505469360,\"expiryDate\":null,\"enabled\":1,\"parentId\":\"7\",\"fields\":{\"3\":{\"102\":{\"modified\":\"1\",\"type\":\"imageFullWidth\",\"enabled\":\"1\",\"collapsed\":\"0\",\"level\":\"0\",\"fields\":{\"standardHeading\":\"Credos hjerte ligger der r\\u00e5varene produseres.\",\"standardImages\":[\"175\"],\"standardBodyText\":\"<p>P\\u00e5 Credo skal du f\\u00e5 mat laget p\\u00e5 r\\u00e5varer dyrket i regionen, fisket i havet utenfor, og meieriprodukter kultivert p\\u00e5 m\\u00e5ter der smak og b\\u00e6rekraft er viktige elementer.<br><\\/p>\"}},\"103\":{\"modified\":\"1\",\"type\":\"textQuote\",\"enabled\":\"1\",\"collapsed\":\"0\",\"level\":\"0\",\"fields\":{\"standardImages\":[\"81\"],\"standardBodyText\":\"<p>Credo \\u00e5pnet i Credoveita i Trondheim i 1998. Februar 2018 gjen\\u00e5pner vi p\\u00e5 Lilleby i nye lokaler. &nbsp;<\\/p>\",\"standardSubHeading\":\"\"}},\"104\":{\"modified\":\"1\",\"type\":\"imageWithText\",\"enabled\":\"1\",\"collapsed\":\"0\",\"level\":\"0\",\"fields\":{\"standardImages\":[\"98\"],\"standardBodyText\":\"<p>Credo \\u00f8nsker \\u00e5 ta deg gjennom flerfoldige smaker, teksturer og f\\u00f8lelser. Vi \\u00f8nsker \\u00e5 vise deg g\\u00e5rdene v\\u00e5re, fra dyrene deres, fra jorda og fra havet. Vi bruker tid p\\u00e5 \\u00e5 finne r\\u00e5varer som best viser egenskapene til tiden vi er i og til stedet vi er. Menyen er basert p\\u00e5 det mest interessante og beste vi f\\u00e5r levert, fra dag til dag. Vi setter ogs\\u00e5 sammen en drikkemeny som p\\u00e5 beste mulige m\\u00e5te komplementerer og l\\u00f8fter frem hver enkelt rett. Har du spesielle \\u00f8nsker kan du gjerne bestille fra v\\u00e5r rikholdige vinkjeller best\\u00e5ende av flere tusen viner.<br><\\/p>\\r\\n<p>Med n\\u00e6r kontakt til produsentene v\\u00e5re og med en etisk tiln\\u00e6rming til det vi gj\\u00f8r, s\\u00f8ker vi kontinuerlig utvikling mot b\\u00e6rekraft. Vi tror veldig p\\u00e5 at dette gjenspeiler seg i smak. <br><\\/p>\",\"settingImagePosition\":\"left\"}},\"105\":{\"modified\":\"1\",\"type\":\"image\",\"enabled\":\"1\",\"collapsed\":\"0\",\"level\":\"0\",\"fields\":{\"standardImages\":[\"99\"]}},\"106\":{\"modified\":\"1\",\"type\":\"imageWithText\",\"enabled\":\"1\",\"collapsed\":\"0\",\"level\":\"0\",\"fields\":{\"standardImages\":[\"79\"],\"standardBodyText\":\"<p>R\\u00e5varene er motivasjonen v\\u00e5r. Hvorfor skulle vi ellers betale 260 kroner per kilo sm\\u00f8r? Med rent h\\u00e5ndverk kan vi som kokker utfolde oss med en oppmerksomhet rettet utad, p\\u00e5 gjesten som en del av et system. Vi tror at ethvert komponent er gjeldende - dyrene, skogen, jorden, m\\u00e5nen, sj\\u00f8en, kroppen.<br><\\/p>\\r\\n<p>Vi tar deg n\\u00e6rt til smaker, teksturer og f\\u00f8lelser. Vi \\u00f8nsker \\u00e5 integrere deg og kretsl\\u00f8pene som g\\u00e5rdene v\\u00e5re representerer, fra dyrene deres, fra jorda og fra havet. Vi bruker tid p\\u00e5 \\u00e5 finne r\\u00e5varer som best viser egenskapene til tiden vi er i og til stedet vi er p\\u00e5.<\\/p>\",\"settingImagePosition\":\"right\"}},\"107\":{\"modified\":\"1\",\"type\":\"imageFullWidth\",\"enabled\":\"1\",\"collapsed\":\"0\",\"level\":\"0\",\"fields\":{\"standardHeading\":\"Heidi\",\"standardImages\":[\"127\"],\"standardBodyText\":\"<p>Heidi Bjerkan (1970) er en norsk kokk, kj\\u00f8kkensjef og medeier. Hun \\u00e5pnet Credo Restaurant i Credoveita, Trondheim i 1997.<\\/p>\"}},\"108\":{\"modified\":\"1\",\"type\":\"imageWithText\",\"enabled\":\"1\",\"collapsed\":\"0\",\"level\":\"0\",\"fields\":{\"standardImages\":[\"101\"],\"standardBodyText\":\"<p>Heidi Bjerkan vokste opp i Trondheim og i b\\u00e5ten til bestefaren p\\u00e5 Garten - tr\\u00f8ndelagskysten. Her knyttet hun sterke b\\u00e5nd til jord og vann, som siden er \\u00e5 se i hennes matlaging. For Heidi Bjerkan er det b\\u00f8ndene som er heltene, og det er produsentene som skal skinne. Gjennom m\\u00e5ltidet p\\u00e5 Credo tar hun med alle gjestene p\\u00e5 hennes tur gjennom g\\u00e5rdene, sj\\u00f8en og skogen der r\\u00e5varene kommer fra.<br><\\/p>\\r\\n<p>Heidi Bjerkan engasjerer seg for mer kunnskap, for bedre landbruk og for st\\u00f8rre interesse for tradisjoner, og Heidi Bjerkan fikk i \\u00e5r Matprisen for sitt engasjement for bedre mat og et bedre landbruk. <\\/p>\",\"settingImagePosition\":\"left\"}},\"111\":{\"modified\":\"1\",\"type\":\"image\",\"enabled\":\"1\",\"collapsed\":\"0\",\"level\":\"0\",\"fields\":{\"standardImages\":[\"125\"]}},\"112\":{\"modified\":\"1\",\"type\":\"text\",\"enabled\":\"1\",\"collapsed\":\"0\",\"level\":\"0\",\"fields\":{\"standardHeading\":\"Skj\\u00f8lberg S\\u00f8ndre, Svorkmo\",\"standardBodyText\":\"<p>Skj\\u00f8lberg S\\u00f8ndre er en biodynamisk kretsl\\u00f8psg\\u00e5rd som drives av Elin \\u00d6stlund og Carl Erik Skj\\u00f8lberg. Her arbeider de med jordbrukskulturer hvor mangfold, smak, opplevelser og nysgjerrighet for naturens orden er det sentrale. \\u00c5 plukke rene, \\u00e6rlige gr\\u00f8nnsaker og urter med egne hender er et h\\u00f8ydepunkt for oss som kokker, og vi setter sv\\u00e6rt stor pris p\\u00e5 kunnskapen som Skj\\u00f8lberg S\\u00f8ndre viser oss om agro-\\u00f8kologisk jordbruk.<\\/p>\"}},\"113\":{\"modified\":\"1\",\"type\":\"image\",\"enabled\":\"1\",\"collapsed\":\"0\",\"level\":\"0\",\"fields\":{\"standardImages\":[\"110\"]}},\"114\":{\"modified\":\"1\",\"type\":\"text\",\"enabled\":\"1\",\"collapsed\":\"0\",\"level\":\"0\",\"fields\":{\"standardHeading\":\"Fannremsg\\u00e5rden, Orkdal\",\"standardBodyText\":\"<p>Credo jobber sv\\u00e6rt tett med historiker og g\\u00e5rdbruker Jon Fredrik Skauge. Blant flere r\\u00e5varer henter vi ukentlig nykinnet sm\\u00f8r, fersk melk, r\\u00f8mme og kj\\u00f8tt \\u2013 alt fra g\\u00e5rdens sidete Tr\\u00f8nderfe. De ulike sesongene gir r\\u00e5varer som endrer smak hele tiden, til v\\u00e5r store begeistring.<\\/p>\"}}},\"19\":\"1\",\"18\":\"1\"}}', '2018-01-10 11:37:43', '2018-01-10 11:37:43', '65739fa8-ddc5-4b5a-b44b-9d423da220f7'),
 ('178', '16', '4', '49', 'en', '14', '', '{\"typeId\":\"4\",\"authorId\":\"1\",\"title\":\"Om oss\",\"slug\":\"om-oss\",\"postDate\":1505469360,\"expiryDate\":null,\"enabled\":1,\"parentId\":\"7\",\"fields\":{\"3\":{\"102\":{\"modified\":\"1\",\"type\":\"imageFullWidth\",\"enabled\":\"1\",\"collapsed\":\"0\",\"level\":\"0\",\"fields\":{\"standardHeading\":\"Credos hjerte ligger der r\\u00e5varene produseres.\",\"standardImages\":[\"175\"],\"standardBodyText\":\"<p>P\\u00e5 Credo skal du f\\u00e5 mat laget p\\u00e5 r\\u00e5varer dyrket i regionen, fisket i havet utenfor, og meieriprodukter kultivert p\\u00e5 m\\u00e5ter der smak og b\\u00e6rekraft er viktige elementer.<br><\\/p>\"}},\"103\":{\"modified\":\"1\",\"type\":\"textQuote\",\"enabled\":\"0\",\"collapsed\":\"1\",\"level\":\"0\",\"fields\":{\"standardImages\":[\"81\"],\"standardBodyText\":\"<p>Credo \\u00e5pnet i Credoveita i Trondheim i 1998. Februar 2018 gjen\\u00e5pner vi p\\u00e5 Lilleby i nye lokaler. &nbsp;<\\/p>\",\"standardSubHeading\":\"\"}},\"104\":{\"modified\":\"1\",\"type\":\"imageWithText\",\"enabled\":\"1\",\"collapsed\":\"0\",\"level\":\"0\",\"fields\":{\"standardImages\":[\"98\"],\"standardBodyText\":\"<p>Credo \\u00f8nsker \\u00e5 ta deg gjennom flerfoldige smaker, teksturer og f\\u00f8lelser. Vi \\u00f8nsker \\u00e5 vise deg g\\u00e5rdene v\\u00e5re, fra dyrene deres, fra jorda og fra havet. Vi bruker tid p\\u00e5 \\u00e5 finne r\\u00e5varer som best viser egenskapene til tiden vi er i og til stedet vi er. Menyen er basert p\\u00e5 det mest interessante og beste vi f\\u00e5r levert, fra dag til dag. Vi setter ogs\\u00e5 sammen en drikkemeny som p\\u00e5 beste mulige m\\u00e5te komplementerer og l\\u00f8fter frem hver enkelt rett. Har du spesielle \\u00f8nsker kan du gjerne bestille fra v\\u00e5r rikholdige vinkjeller best\\u00e5ende av flere tusen viner.<br><\\/p>\\r\\n<p>Med n\\u00e6r kontakt til produsentene v\\u00e5re og med en etisk tiln\\u00e6rming til det vi gj\\u00f8r, s\\u00f8ker vi kontinuerlig utvikling mot b\\u00e6rekraft. Vi tror veldig p\\u00e5 at dette gjenspeiler seg i smak. <br><\\/p>\",\"settingImagePosition\":\"left\"}},\"105\":{\"modified\":\"1\",\"type\":\"image\",\"enabled\":\"0\",\"collapsed\":\"1\",\"level\":\"0\",\"fields\":{\"standardImages\":[\"99\"]}},\"106\":{\"modified\":\"1\",\"type\":\"imageWithText\",\"enabled\":\"1\",\"collapsed\":\"0\",\"level\":\"0\",\"fields\":{\"standardImages\":[\"79\"],\"standardBodyText\":\"<p>R\\u00e5varene er motivasjonen v\\u00e5r. Hvorfor skulle vi ellers betale 260 kroner per kilo sm\\u00f8r? Med rent h\\u00e5ndverk kan vi som kokker utfolde oss med en oppmerksomhet rettet utad, p\\u00e5 gjesten som en del av et system. Vi tror at ethvert komponent er gjeldende - dyrene, skogen, jorden, m\\u00e5nen, sj\\u00f8en, kroppen.<br><\\/p>\\r\\n<p>Vi tar deg n\\u00e6rt til smaker, teksturer og f\\u00f8lelser. Vi \\u00f8nsker \\u00e5 integrere deg og kretsl\\u00f8pene som g\\u00e5rdene v\\u00e5re representerer, fra dyrene deres, fra jorda og fra havet. Vi bruker tid p\\u00e5 \\u00e5 finne r\\u00e5varer som best viser egenskapene til tiden vi er i og til stedet vi er p\\u00e5.<\\/p>\",\"settingImagePosition\":\"right\"}}},\"19\":\"1\",\"18\":\"1\"}}', '2018-01-10 11:41:26', '2018-01-10 11:41:26', '7774e68c-d72c-4b0a-9297-62946978080c'),
 ('179', '69', '4', '49', 'en', '7', '', '{\"typeId\":\"4\",\"authorId\":\"59\",\"title\":\"Meny\",\"slug\":\"meny\",\"postDate\":1506234240,\"expiryDate\":null,\"enabled\":1,\"parentId\":\"7\",\"fields\":{\"3\":{\"117\":{\"modified\":\"1\",\"type\":\"imageFullWidth\",\"enabled\":\"1\",\"collapsed\":\"0\",\"level\":\"0\",\"fields\":{\"standardHeading\":\"Meny\",\"standardImages\":[\"96\"],\"standardBodyText\":\"<p>Credo meny 1050,- &nbsp;<br>med vinpakke 2100,-<br><\\/p>\\r\\n<p>Vi tilrettelegger menyer innenfor statens regulativ.<\\/p>\"}},\"118\":{\"modified\":\"1\",\"type\":\"imageWithText\",\"enabled\":\"0\",\"collapsed\":\"1\",\"level\":\"0\",\"fields\":{\"standardImages\":[\"88\"],\"standardBodyText\":\"<p>Vi setter ogs\\u00e5 sammen en drikkemeny som p\\u00e5 beste mulige m\\u00e5te komplementerer og l\\u00f8fter frem hver enkelt rett. Har du spesielle \\u00f8nsker kan du gjerne bestille fra v\\u00e5r rikholdige vinkjeller best\\u00e5ende av flere tusen viner.<br><\\/p>\",\"settingImagePosition\":\"right\"}},\"119\":{\"modified\":\"1\",\"type\":\"text\",\"enabled\":\"0\",\"collapsed\":\"1\",\"level\":\"0\",\"fields\":{\"standardHeading\":\"Credo meny 1050,-  \\r\\nmed vinpakke 2100,-\\r\\nLiten Credo meny 830,- \\r\\nmed vinpakke 1660,-\\r\\n\\r\\nVi tilrettelegger menyer innenfor statens regulativ.\\u200b\\u200b\\r\\n\",\"standardBodyText\":\"\"}}},\"19\":\"\",\"18\":\"\"}}', '2018-01-10 11:44:48', '2018-01-10 11:44:48', 'a03e0d98-46e3-4bf3-9d99-23e191a85dcd'),
 ('180', '69', '4', '49', 'en', '8', '', '{\"typeId\":\"4\",\"authorId\":\"59\",\"title\":\"Meny\",\"slug\":\"meny\",\"postDate\":1506234240,\"expiryDate\":null,\"enabled\":1,\"parentId\":\"7\",\"fields\":{\"3\":{\"117\":{\"modified\":\"1\",\"type\":\"imageFullWidth\",\"enabled\":\"1\",\"collapsed\":\"0\",\"level\":\"0\",\"fields\":{\"standardHeading\":\"Meny\",\"standardImages\":[\"96\"],\"standardBodyText\":\"<p>Credo meny 1050,- &nbsp;<br>med vinpakke 2100,-<br><\\/p>\\r\\n<p>Vi tilrettelegger menyer innenfor statens regulativ.<\\/p>\"}},\"118\":{\"modified\":\"1\",\"type\":\"imageWithText\",\"enabled\":\"0\",\"collapsed\":\"0\",\"level\":\"0\",\"fields\":{\"standardImages\":[\"88\"],\"standardBodyText\":\"<p>Vi setter ogs\\u00e5 sammen en drikkemeny som p\\u00e5 beste mulige m\\u00e5te komplementerer og l\\u00f8fter frem hver enkelt rett. Har du spesielle \\u00f8nsker kan du gjerne bestille fra v\\u00e5r rikholdige vinkjeller best\\u00e5ende av flere tusen viner.<br><\\/p>\",\"settingImagePosition\":\"right\"}},\"119\":{\"modified\":\"1\",\"type\":\"text\",\"enabled\":\"0\",\"collapsed\":\"1\",\"level\":\"0\",\"fields\":{\"standardHeading\":\"Credo meny 1050,-  \\r\\nmed vinpakke 2100,-\\r\\nLiten Credo meny 830,- \\r\\nmed vinpakke 1660,-\\r\\n\\r\\nVi tilrettelegger menyer innenfor statens regulativ.\\u200b\\u200b\\r\\n\",\"standardBodyText\":\"\"}}},\"19\":\"\",\"18\":\"\"}}', '2018-01-10 11:45:59', '2018-01-10 11:45:59', 'd241d1ff-79ce-40f5-a5b5-1ff952d4c3f5'),
 ('181', '18', '4', '49', 'en', '5', '', '{\"typeId\":\"4\",\"authorId\":\"1\",\"title\":\"Omtale\",\"slug\":\"presse\",\"postDate\":1505469360,\"expiryDate\":null,\"enabled\":0,\"parentId\":\"7\",\"fields\":{\"3\":{\"121\":{\"modified\":\"1\",\"type\":\"imageFullWidth\",\"enabled\":\"1\",\"collapsed\":\"0\",\"level\":\"0\",\"fields\":{\"standardHeading\":\"Omtale\",\"standardImages\":[\"122\"],\"standardBodyText\":\"<p>Her legger vi ut pressesaker og pressebilder<\\/p>\"}}},\"19\":\"\",\"18\":\"\"}}', '2018-01-10 11:46:17', '2018-01-10 11:46:17', '5f5c4e5e-896c-428a-95cb-d8a88456ca97'),
 ('182', '7', '4', '1', 'en', '75', '', '{\"typeId\":\"4\",\"authorId\":\"1\",\"title\":\"Credo\",\"slug\":\"restaurant\",\"postDate\":1505469180,\"expiryDate\":null,\"enabled\":1,\"parentId\":\"\",\"fields\":{\"3\":{\"97\":{\"modified\":\"1\",\"type\":\"imageFullWidth\",\"enabled\":\"1\",\"collapsed\":\"0\",\"level\":\"0\",\"fields\":{\"standardHeading\":\"Kj\\u00e6rlighet til r\\u00e5varen\",\"standardImages\":[\"82\"],\"standardBodyText\":\"<p>Credo er en r\\u00e5vare-drevet restaurant som \\u00e5pnet i Credoveita i Trondheim i 1998. Februar 2018 gjen\\u00e5pner vi p\\u00e5 Lilleby i nye lokaler. &nbsp;<\\/p>\",\"settingTextWhiteBox\":\"1\"}},\"80\":{\"modified\":\"1\",\"type\":\"introBoxes\",\"enabled\":\"0\",\"collapsed\":\"1\",\"level\":\"0\",\"fields\":{\"standardImages\":[\"131\",\"130\"],\"standardHeading\":\"Kj\\u00e6rlighet til r\\u00e5varen\",\"standardBodyText\":\"<p>Credo er en r\\u00e5vare-drevet restaurant som \\u00e5pnet i Credoveita i Trondheim i 1998. Februar 2018 gjen\\u00e5pner vi p\\u00e5 Lilleby i nye lokaler. &nbsp;<\\/p>\"}},\"60\":{\"modified\":\"1\",\"type\":\"introLinks\",\"enabled\":\"0\",\"collapsed\":\"1\",\"level\":\"0\",\"fields\":{\"standardHeading\":\"\",\"customIntroLinks\":{\"76\":{\"type\":\"link\",\"enabled\":\"1\",\"fields\":{\"navn\":\"Historier fra Credo\",\"internLink\":\"\",\"externalLink\":\"http:\\/\\/credo.skogen.io\\/restaurant\\/journal\"}},\"77\":{\"type\":\"link\",\"enabled\":\"1\",\"fields\":{\"navn\":\"L\\u00e6r om v\\u00e5r filosofi\",\"internLink\":[\"16\"],\"externalLink\":\"\"}}}}},\"62\":{\"modified\":\"1\",\"type\":\"journal\",\"enabled\":\"1\",\"collapsed\":\"0\",\"level\":\"0\",\"fields\":{\"customChooseJournal\":[\"83\"],\"settingImagePosition\":\"right\",\"settingTextOverImage\":\"\"}},\"173\":{\"modified\":\"1\",\"type\":\"journal\",\"enabled\":\"1\",\"collapsed\":\"0\",\"level\":\"0\",\"fields\":{\"customChooseJournal\":[\"171\"],\"settingImagePosition\":\"left\",\"settingTextOverImage\":\"\"}},\"123\":{\"modified\":\"1\",\"type\":\"journal\",\"enabled\":\"1\",\"collapsed\":\"1\",\"level\":\"0\",\"fields\":{\"customChooseJournal\":[\"90\"],\"settingImagePosition\":\"right\",\"settingTextOverImage\":\"\"}},\"124\":{\"modified\":\"1\",\"type\":\"journal\",\"enabled\":\"1\",\"collapsed\":\"1\",\"level\":\"0\",\"fields\":{\"customChooseJournal\":[\"94\"],\"settingImagePosition\":\"left\",\"settingTextOverImage\":\"\"}}},\"19\":\"1\",\"18\":\"1\"}}', '2018-01-10 11:57:30', '2018-01-10 11:57:30', 'f3db1af8-1a22-4732-998d-a6fbd07285ac'),
 ('183', '17', '4', '49', 'en', '9', '', '{\"typeId\":\"4\",\"authorId\":\"1\",\"title\":\"Karriere\",\"slug\":\"kontakt\",\"postDate\":1505469360,\"expiryDate\":null,\"enabled\":1,\"parentId\":\"7\",\"fields\":{\"3\":{\"74\":{\"modified\":\"1\",\"type\":\"imageFullWidth\",\"enabled\":\"1\",\"collapsed\":\"0\",\"level\":\"0\",\"fields\":{\"standardHeading\":\"\",\"standardImages\":[\"176\"],\"standardBodyText\":\"\"}},\"73\":{\"modified\":\"1\",\"type\":\"text\",\"enabled\":\"1\",\"collapsed\":\"0\",\"level\":\"0\",\"fields\":{\"standardHeading\":\"\",\"standardBodyText\":\"<p>Vi er alltid p\\u00e5 utkikk etter nye, engasjerte ansatte som \\u00f8nsker \\u00e5 bli en del av Credo-familien.<\\/p>\\r\\n<p>Hvis du \\u00f8nsker \\u00e5 s\\u00f8ke en stilling eller har noen sp\\u00f8rsm\\u00e5l, ta kontakt med administrasjonskoordinator: career@restaurantcredo.no<\\/p>\"}}},\"19\":\"\",\"18\":\"\"}}', '2018-01-10 12:10:41', '2018-01-10 12:10:41', '3f07a9f4-634a-4bf3-a432-c5c11660c9df'),
 ('184', '17', '4', '49', 'en', '10', '', '{\"typeId\":\"4\",\"authorId\":\"1\",\"title\":\"Karriere\",\"slug\":\"kontakt\",\"postDate\":1505469360,\"expiryDate\":null,\"enabled\":1,\"parentId\":\"7\",\"fields\":{\"3\":{\"74\":{\"modified\":\"1\",\"type\":\"imageFullWidth\",\"enabled\":\"1\",\"collapsed\":\"0\",\"level\":\"0\",\"fields\":{\"standardHeading\":\"Karriere\",\"standardImages\":[\"176\"],\"standardBodyText\":\"<p><\\/p><p>Vi er alltid p\\u00e5 utkikk etter nye, engasjerte ansatte som \\u00f8nsker \\u00e5 bli en del av Credo-familien.<\\/p>\\r\\n<p>Hvis du \\u00f8nsker \\u00e5 s\\u00f8ke en stilling eller har noen sp\\u00f8rsm\\u00e5l, ta kontakt med administrasjonskoordinator: career@restaurantcredo.no<\\/p>\",\"settingTextWhiteBox\":\"1\"}},\"73\":{\"modified\":\"1\",\"type\":\"text\",\"enabled\":\"1\",\"collapsed\":\"0\",\"level\":\"0\",\"fields\":{\"standardHeading\":\"\",\"standardBodyText\":\"\"}}},\"19\":\"\",\"18\":\"\"}}', '2018-01-10 12:11:27', '2018-01-10 12:11:27', 'fad2b796-c545-42b7-9b0a-fa3b97908b8b'),
 ('185', '17', '4', '49', 'en', '11', '', '{\"typeId\":\"4\",\"authorId\":\"1\",\"title\":\"Karriere\",\"slug\":\"kontakt\",\"postDate\":1505469360,\"expiryDate\":null,\"enabled\":1,\"parentId\":\"7\",\"fields\":{\"3\":{\"74\":{\"modified\":\"1\",\"type\":\"imageFullWidth\",\"enabled\":\"1\",\"collapsed\":\"0\",\"level\":\"0\",\"fields\":{\"standardHeading\":\"Karriere\",\"standardImages\":[\"176\"],\"standardBodyText\":\"<p>Vi er alltid p\\u00e5 utkikk etter nye, engasjerte ansatte som \\u00f8nsker \\u00e5 bli en del av Credo-familien.<\\/p>\\r\\n<p>Hvis du \\u00f8nsker \\u00e5 s\\u00f8ke en stilling eller har noen sp\\u00f8rsm\\u00e5l, ta kontakt med administrasjonskoordinator: career@restaurantcredo.no<\\/p>\",\"settingTextWhiteBox\":\"1\"}}},\"19\":\"\",\"18\":\"\"}}', '2018-01-10 12:11:54', '2018-01-10 12:11:54', '3d9c20fc-9890-45a1-9d9d-4a7e30a0ef2e'),
 ('186', '16', '4', '49', 'en', '15', '', '{\"typeId\":\"4\",\"authorId\":\"1\",\"title\":\"Om oss\",\"slug\":\"om-oss\",\"postDate\":1505469360,\"expiryDate\":null,\"enabled\":1,\"parentId\":\"7\",\"fields\":{\"3\":{\"102\":{\"modified\":\"1\",\"type\":\"imageFullWidth\",\"enabled\":\"1\",\"collapsed\":\"0\",\"level\":\"0\",\"fields\":{\"standardHeading\":\"Credos hjerte ligger der r\\u00e5varene produseres.\",\"standardImages\":[\"175\"],\"standardBodyText\":\"<p>P\\u00e5 Credo skal du f\\u00e5 mat laget p\\u00e5 r\\u00e5varer dyrket i regionen, fisket i havet utenfor, og meieriprodukter kultivert p\\u00e5 m\\u00e5ter der smak og b\\u00e6rekraft er viktige elementer.<br><\\/p>\",\"settingTextWhiteBox\":\"1\"}},\"103\":{\"modified\":\"1\",\"type\":\"textQuote\",\"enabled\":\"0\",\"collapsed\":\"1\",\"level\":\"0\",\"fields\":{\"standardImages\":[\"81\"],\"standardBodyText\":\"<p>Credo \\u00e5pnet i Credoveita i Trondheim i 1998. Februar 2018 gjen\\u00e5pner vi p\\u00e5 Lilleby i nye lokaler. &nbsp;<\\/p>\",\"standardSubHeading\":\"\"}},\"104\":{\"modified\":\"1\",\"type\":\"imageWithText\",\"enabled\":\"1\",\"collapsed\":\"0\",\"level\":\"0\",\"fields\":{\"standardImages\":[\"98\"],\"standardBodyText\":\"<p>Credo \\u00f8nsker \\u00e5 ta deg gjennom flerfoldige smaker, teksturer og f\\u00f8lelser. Vi \\u00f8nsker \\u00e5 vise deg g\\u00e5rdene v\\u00e5re, fra dyrene deres, fra jorda og fra havet. Vi bruker tid p\\u00e5 \\u00e5 finne r\\u00e5varer som best viser egenskapene til tiden vi er i og til stedet vi er. Menyen er basert p\\u00e5 det mest interessante og beste vi f\\u00e5r levert, fra dag til dag. Vi setter ogs\\u00e5 sammen en drikkemeny som p\\u00e5 beste mulige m\\u00e5te komplementerer og l\\u00f8fter frem hver enkelt rett. Har du spesielle \\u00f8nsker kan du gjerne bestille fra v\\u00e5r rikholdige vinkjeller best\\u00e5ende av flere tusen viner.<br><\\/p>\\r\\n<p>Med n\\u00e6r kontakt til produsentene v\\u00e5re og med en etisk tiln\\u00e6rming til det vi gj\\u00f8r, s\\u00f8ker vi kontinuerlig utvikling mot b\\u00e6rekraft. Vi tror veldig p\\u00e5 at dette gjenspeiler seg i smak. <br><\\/p>\",\"settingImagePosition\":\"left\"}},\"105\":{\"modified\":\"1\",\"type\":\"image\",\"enabled\":\"0\",\"collapsed\":\"1\",\"level\":\"0\",\"fields\":{\"standardImages\":[\"99\"]}},\"106\":{\"modified\":\"1\",\"type\":\"imageWithText\",\"enabled\":\"1\",\"collapsed\":\"0\",\"level\":\"0\",\"fields\":{\"standardImages\":[\"79\"],\"standardBodyText\":\"<p>R\\u00e5varene er motivasjonen v\\u00e5r. Hvorfor skulle vi ellers betale 260 kroner per kilo sm\\u00f8r? Med rent h\\u00e5ndverk kan vi som kokker utfolde oss med en oppmerksomhet rettet utad, p\\u00e5 gjesten som en del av et system. Vi tror at ethvert komponent er gjeldende - dyrene, skogen, jorden, m\\u00e5nen, sj\\u00f8en, kroppen.<br><\\/p>\\r\\n<p>Vi tar deg n\\u00e6rt til smaker, teksturer og f\\u00f8lelser. Vi \\u00f8nsker \\u00e5 integrere deg og kretsl\\u00f8pene som g\\u00e5rdene v\\u00e5re representerer, fra dyrene deres, fra jorda og fra havet. Vi bruker tid p\\u00e5 \\u00e5 finne r\\u00e5varer som best viser egenskapene til tiden vi er i og til stedet vi er p\\u00e5.<\\/p>\",\"settingImagePosition\":\"right\"}}},\"19\":\"1\",\"18\":\"1\"}}', '2018-01-10 12:12:03', '2018-01-10 12:12:03', 'c3bcd1e9-79e2-43b5-9a12-8d8726cc1b3c'),
 ('187', '9', '4', '49', 'en', '5', '', '{\"typeId\":\"4\",\"authorId\":\"1\",\"title\":\"Jossa\",\"slug\":\"jossa\",\"postDate\":1505469240,\"expiryDate\":null,\"enabled\":1,\"parentId\":\"\",\"fields\":{\"3\":{\"new0\":{\"modified\":\"1\",\"type\":\"imageFullWidth\",\"enabled\":\"1\",\"collapsed\":\"0\",\"level\":\"0\",\"fields\":{\"standardHeading\":\"Credo p\\u00e5 tur\",\"standardImages\":[\"146\"],\"standardBodyText\":\"<p>Jossa er et&nbsp;rustikk alternativ til Credo, og endrer meny ut i fra hvor Jossa reiser.<\\/p>\",\"settingTextWhiteBox\":\"\"}},\"140\":{\"modified\":\"1\",\"type\":\"introWithOpeningHours\",\"enabled\":\"0\",\"collapsed\":\"1\",\"level\":\"0\",\"fields\":{\"standardImages\":[\"139\"],\"standardHeading\":\"Credo p\\u00e5 tur\",\"standardBodyText\":\"<p>Jossa er et&nbsp;rustikk alternativ til Credo, og endrer meny ut i fra hvor Jossa reiser.<\\/p>\"}},\"142\":{\"modified\":\"1\",\"type\":\"journal\",\"enabled\":\"1\",\"collapsed\":\"0\",\"level\":\"0\",\"fields\":{\"customChooseJournal\":[\"141\"],\"settingImagePosition\":\"left\",\"settingTextOverImage\":\"\"}}},\"19\":\"\",\"18\":\"\"}}', '2018-01-10 12:42:22', '2018-01-10 12:42:22', '5accba21-60ca-4e2e-950a-464eaa10bf80'),
 ('188', '9', '4', '49', 'en', '6', '', '{\"typeId\":\"4\",\"authorId\":\"1\",\"title\":\"Jossa\",\"slug\":\"jossa\",\"postDate\":1505469240,\"expiryDate\":null,\"enabled\":1,\"parentId\":\"\",\"fields\":{\"3\":{\"177\":{\"modified\":\"1\",\"type\":\"imageFullWidth\",\"enabled\":\"1\",\"collapsed\":\"0\",\"level\":\"0\",\"fields\":{\"standardHeading\":\"Credo p\\u00e5 tur\",\"standardImages\":[\"146\"],\"standardBodyText\":\"<p>Jossa er et&nbsp;rustikk alternativ til Credo, og endrer meny ut i fra hvor Jossa reiser.<\\/p>\",\"settingTextWhiteBox\":\"\"}},\"140\":{\"modified\":\"1\",\"type\":\"introWithOpeningHours\",\"enabled\":\"1\",\"collapsed\":\"0\",\"level\":\"0\",\"fields\":{\"standardImages\":\"\",\"standardHeading\":\"\",\"standardBodyText\":\"\"}},\"142\":{\"modified\":\"1\",\"type\":\"journal\",\"enabled\":\"1\",\"collapsed\":\"0\",\"level\":\"0\",\"fields\":{\"customChooseJournal\":[\"141\"],\"settingImagePosition\":\"left\",\"settingTextOverImage\":\"\"}}},\"19\":\"\",\"18\":\"\"}}', '2018-01-10 12:43:06', '2018-01-10 12:43:06', 'cac918c6-b645-4c37-8e8a-7b9534dd326a'),
 ('189', '9', '4', '49', 'en', '7', '', '{\"typeId\":\"4\",\"authorId\":\"1\",\"title\":\"Jossa\",\"slug\":\"jossa\",\"postDate\":1505469240,\"expiryDate\":null,\"enabled\":1,\"parentId\":\"\",\"fields\":{\"3\":{\"177\":{\"modified\":\"1\",\"type\":\"imageFullWidth\",\"enabled\":\"1\",\"collapsed\":\"0\",\"level\":\"0\",\"fields\":{\"standardHeading\":\"Credo p\\u00e5 tur\",\"standardImages\":[\"146\"],\"standardBodyText\":\"<p>Jossa er et&nbsp;rustikk alternativ til Credo, og endrer meny ut i fra hvor Jossa reiser.<\\/p>\",\"settingTextWhiteBox\":\"\"}},\"140\":{\"modified\":\"1\",\"type\":\"introWithOpeningHours\",\"enabled\":\"1\",\"collapsed\":\"0\",\"level\":\"0\",\"fields\":{\"standardImages\":\"\",\"standardHeading\":\"\",\"standardBodyText\":\"<p>sdf<\\/p>\"}},\"142\":{\"modified\":\"1\",\"type\":\"journal\",\"enabled\":\"1\",\"collapsed\":\"0\",\"level\":\"0\",\"fields\":{\"customChooseJournal\":[\"141\"],\"settingImagePosition\":\"left\",\"settingTextOverImage\":\"\"}}},\"19\":\"\",\"18\":\"\"}}', '2018-01-10 12:43:49', '2018-01-10 12:43:49', 'b6f29d2a-235c-4e52-bc63-db2fe5414e07'),
 ('190', '9', '4', '49', 'en', '8', '', '{\"typeId\":\"4\",\"authorId\":\"1\",\"title\":\"Jossa\",\"slug\":\"jossa\",\"postDate\":1505469240,\"expiryDate\":null,\"enabled\":1,\"parentId\":\"\",\"fields\":{\"3\":{\"177\":{\"modified\":\"1\",\"type\":\"imageFullWidth\",\"enabled\":\"1\",\"collapsed\":\"0\",\"level\":\"0\",\"fields\":{\"standardHeading\":\"Credo p\\u00e5 tur\",\"standardImages\":[\"146\"],\"standardBodyText\":\"<p>Jossa er et&nbsp;rustikk alternativ til Credo, og endrer meny ut i fra hvor Jossa reiser.<\\/p>\",\"settingTextWhiteBox\":\"\"}},\"140\":{\"modified\":\"1\",\"type\":\"introWithOpeningHours\",\"enabled\":\"1\",\"collapsed\":\"0\",\"level\":\"0\",\"fields\":{\"standardImages\":\"\",\"standardHeading\":\"\",\"standardBodyText\":\"\"}},\"142\":{\"modified\":\"1\",\"type\":\"journal\",\"enabled\":\"1\",\"collapsed\":\"0\",\"level\":\"0\",\"fields\":{\"customChooseJournal\":[\"141\"],\"settingImagePosition\":\"left\",\"settingTextOverImage\":\"\"}}},\"19\":\"\",\"18\":\"\"}}', '2018-01-10 12:44:12', '2018-01-10 12:44:12', '3fd002f7-1993-4db6-9b50-9835c50ad385'),
 ('191', '8', '4', '49', 'en', '4', '', '{\"typeId\":\"4\",\"authorId\":\"1\",\"title\":\"Finnes\",\"slug\":\"finnes\",\"postDate\":1505469180,\"expiryDate\":null,\"enabled\":1,\"parentId\":\"\",\"fields\":{\"3\":{\"new0\":{\"modified\":\"1\",\"type\":\"imageFullWidth\",\"enabled\":\"1\",\"collapsed\":\"0\",\"level\":\"0\",\"fields\":{\"standardHeading\":\"Velkommen til oss\",\"standardImages\":[\"178\"],\"standardBodyText\":\"<p>Innkvartert i Lillebys historiske gamle barnehjem er Finnes Kafe det siste kulinariske tillegget til Heidi Bjerkans voksende spisestue.<\\/p>\",\"settingTextWhiteBox\":\"1\"}},\"133\":{\"modified\":\"1\",\"type\":\"introWithOpeningHours\",\"enabled\":\"1\",\"collapsed\":\"0\",\"level\":\"0\",\"fields\":{\"standardImages\":\"\",\"standardHeading\":\"\",\"standardBodyText\":\"\"}},\"134\":{\"modified\":\"1\",\"type\":\"journal\",\"enabled\":\"1\",\"collapsed\":\"0\",\"level\":\"0\",\"fields\":{\"customChooseJournal\":[\"55\"],\"settingImagePosition\":\"left\",\"settingTextOverImage\":\"\"}},\"135\":{\"modified\":\"1\",\"type\":\"journal\",\"enabled\":\"1\",\"collapsed\":\"0\",\"level\":\"0\",\"fields\":{\"customChooseJournal\":[\"83\"],\"settingImagePosition\":\"right\",\"settingTextOverImage\":\"\"}}},\"19\":\"\",\"18\":\"\"}}', '2018-01-10 12:45:56', '2018-01-10 12:45:56', '93f167b8-3c44-4771-b8cb-b09cb98cccc9'),
 ('192', '68', '4', '49', 'en', '3', '', '{\"typeId\":\"4\",\"authorId\":\"59\",\"title\":\"Meny\",\"slug\":\"meny\",\"postDate\":1506191340,\"expiryDate\":null,\"enabled\":1,\"parentId\":\"9\",\"fields\":{\"3\":{\"165\":{\"modified\":\"1\",\"type\":\"introLinks\",\"enabled\":\"1\",\"collapsed\":\"0\",\"level\":\"0\",\"fields\":{\"standardHeading\":\"Dagens meny\",\"customIntroLinks\":{\"166\":{\"type\":\"link\",\"enabled\":\"1\",\"fields\":{\"navn\":\"Lunsj meny\",\"internLink\":\"\",\"externalLink\":\"https:\\/\\/www.google.no\\/url?sa=i&rct=j&q=&esrc=s&source=images&cd=&ved=0ahUKEwin3ZSw55HYAhXQ1qQKHSxQC4IQjRwIBw&url=https%3A%2F%2Fwww.musthavemenus.com%2Fcategory%2Frestaurant-menu.html&psig=AOvVaw0n9ZPlm5jTt2i2b91zPPTI&ust=1513626258610592\"}},\"167\":{\"type\":\"link\",\"enabled\":\"1\",\"fields\":{\"navn\":\"Kvelds meny\",\"internLink\":\"\",\"externalLink\":\"https:\\/\\/www.google.no\\/url?sa=i&rct=j&q=&esrc=s&source=images&cd=&ved=0ahUKEwin3ZSw55HYAhXQ1qQKHSxQC4IQjRwIBw&url=https%3A%2F%2Fwww.musthavemenus.com%2Fcategory%2Frestaurant-menu.html&psig=AOvVaw0n9ZPlm5jTt2i2b91zPPTI&ust=1513626258610592\"}},\"168\":{\"type\":\"link\",\"enabled\":\"1\",\"fields\":{\"navn\":\"Vin meny\",\"internLink\":\"\",\"externalLink\":\"https:\\/\\/www.google.no\\/url?sa=i&rct=j&q=&esrc=s&source=images&cd=&ved=0ahUKEwin3ZSw55HYAhXQ1qQKHSxQC4IQjRwIBw&url=https%3A%2F%2Fwww.musthavemenus.com%2Fcategory%2Frestaurant-menu.html&psig=AOvVaw0n9ZPlm5jTt2i2b91zPPTI&ust=1513626258610592\"}}}}},\"new0\":{\"modified\":\"1\",\"type\":\"imageFullWidth\",\"enabled\":\"1\",\"collapsed\":\"0\",\"level\":\"0\",\"fields\":{\"standardHeading\":\"\",\"standardImages\":\"\",\"standardBodyText\":\"\",\"settingTextWhiteBox\":\"\"}}},\"19\":\"\",\"18\":\"\"}}', '2018-01-10 12:50:19', '2018-01-10 12:50:19', 'cccb205f-0c37-4fd9-9181-d1a8a4f6ff1e'),
 ('193', '68', '4', '49', 'en', '4', '', '{\"typeId\":\"4\",\"authorId\":\"59\",\"title\":\"Meny\",\"slug\":\"meny\",\"postDate\":1506191340,\"expiryDate\":null,\"enabled\":1,\"parentId\":\"9\",\"fields\":{\"3\":{\"165\":{\"modified\":\"1\",\"type\":\"introLinks\",\"enabled\":\"1\",\"collapsed\":\"0\",\"level\":\"0\",\"fields\":{\"standardHeading\":\"Dagens meny\",\"customIntroLinks\":{\"166\":{\"type\":\"link\",\"enabled\":\"1\",\"fields\":{\"navn\":\"Lunsj meny\",\"internLink\":\"\",\"externalLink\":\"\"}},\"167\":{\"type\":\"link\",\"enabled\":\"1\",\"fields\":{\"navn\":\"Kvelds meny\",\"internLink\":\"\",\"externalLink\":\"\"}},\"168\":{\"type\":\"link\",\"enabled\":\"1\",\"fields\":{\"navn\":\"Vin meny\",\"internLink\":\"\",\"externalLink\":\"\"}}}}},\"180\":{\"modified\":\"1\",\"type\":\"imageFullWidth\",\"enabled\":\"1\",\"collapsed\":\"0\",\"level\":\"0\",\"fields\":{\"standardHeading\":\"\",\"standardImages\":\"\",\"standardBodyText\":\"\",\"settingTextWhiteBox\":\"\"}}},\"19\":\"\",\"18\":\"\"}}', '2018-01-10 12:55:06', '2018-01-10 12:55:06', 'ced4f4af-c16c-4f1c-a6a1-36bd062dfc5e'),
 ('194', '68', '4', '49', 'en', '5', '', '{\"typeId\":\"4\",\"authorId\":\"59\",\"title\":\"Meny\",\"slug\":\"meny\",\"postDate\":1506191340,\"expiryDate\":null,\"enabled\":1,\"parentId\":\"9\",\"fields\":{\"3\":{\"180\":{\"modified\":\"1\",\"type\":\"imageFullWidth\",\"enabled\":\"1\",\"collapsed\":\"0\",\"level\":\"0\",\"fields\":{\"standardHeading\":\"Meny Jossa\",\"standardImages\":[\"163\"],\"standardBodyText\":\"\",\"settingTextWhiteBox\":\"\"}},\"165\":{\"modified\":\"1\",\"type\":\"introLinks\",\"enabled\":\"1\",\"collapsed\":\"0\",\"level\":\"0\",\"fields\":{\"standardHeading\":\"Dagens meny\",\"customIntroLinks\":{\"166\":{\"type\":\"link\",\"enabled\":\"1\",\"fields\":{\"navn\":\"Lunsj meny\",\"internLink\":\"\",\"externalLink\":\"\"}},\"167\":{\"type\":\"link\",\"enabled\":\"1\",\"fields\":{\"navn\":\"Kvelds meny\",\"internLink\":\"\",\"externalLink\":\"\"}},\"168\":{\"type\":\"link\",\"enabled\":\"1\",\"fields\":{\"navn\":\"Vin meny\",\"internLink\":\"\",\"externalLink\":\"\"}}}}}},\"19\":\"\",\"18\":\"\"}}', '2018-01-10 12:56:00', '2018-01-10 12:56:00', '6cd5a674-01b5-4fb5-baf8-a9128e9350bb'),
 ('195', '68', '4', '49', 'en', '6', '', '{\"typeId\":\"4\",\"authorId\":\"59\",\"title\":\"Meny\",\"slug\":\"meny\",\"postDate\":1506191340,\"expiryDate\":null,\"enabled\":1,\"parentId\":\"9\",\"fields\":{\"3\":{\"180\":{\"modified\":\"1\",\"type\":\"imageFullWidth\",\"enabled\":\"1\",\"collapsed\":\"0\",\"level\":\"0\",\"fields\":{\"standardHeading\":\"Dagens meny\",\"standardImages\":[\"163\"],\"standardBodyText\":\"\",\"settingTextWhiteBox\":\"1\"}},\"165\":{\"modified\":\"1\",\"type\":\"introLinks\",\"enabled\":\"1\",\"collapsed\":\"0\",\"level\":\"0\",\"fields\":{\"standardHeading\":\"\",\"customIntroLinks\":{\"166\":{\"type\":\"link\",\"enabled\":\"1\",\"fields\":{\"navn\":\"Lunsj meny\",\"internLink\":\"\",\"externalLink\":\"\"}},\"167\":{\"type\":\"link\",\"enabled\":\"1\",\"fields\":{\"navn\":\"Kvelds meny\",\"internLink\":\"\",\"externalLink\":\"\"}},\"168\":{\"type\":\"link\",\"enabled\":\"1\",\"fields\":{\"navn\":\"Vin meny\",\"internLink\":\"\",\"externalLink\":\"\"}}}}}},\"19\":\"\",\"18\":\"\"}}', '2018-01-10 12:56:58', '2018-01-10 12:56:58', '71568d54-f2ce-4564-bf1f-980c8acd4059'),
 ('196', '68', '4', '49', 'en', '7', '', '{\"typeId\":\"4\",\"authorId\":\"59\",\"title\":\"Meny\",\"slug\":\"meny\",\"postDate\":1506191340,\"expiryDate\":null,\"enabled\":1,\"parentId\":\"9\",\"fields\":{\"3\":{\"180\":{\"modified\":\"1\",\"type\":\"imageFullWidth\",\"enabled\":\"1\",\"collapsed\":\"0\",\"level\":\"0\",\"fields\":{\"standardHeading\":\"Dagens meny\",\"standardImages\":[\"163\"],\"standardBodyText\":\"\",\"settingTextWhiteBox\":\"1\"}},\"165\":{\"modified\":\"1\",\"type\":\"introLinks\",\"enabled\":\"1\",\"collapsed\":\"0\",\"level\":\"0\",\"fields\":{\"standardHeading\":\"\",\"customIntroLinks\":{\"166\":{\"type\":\"link\",\"enabled\":\"1\",\"fields\":{\"navn\":\"Lunsj meny\",\"internLink\":\"\",\"externalLink\":\"\"}},\"167\":{\"type\":\"link\",\"enabled\":\"1\",\"fields\":{\"navn\":\"Kvelds meny\",\"internLink\":\"\",\"externalLink\":\"\"}},\"168\":{\"type\":\"link\",\"enabled\":\"1\",\"fields\":{\"navn\":\"Vin meny\",\"internLink\":\"\",\"externalLink\":\"\"}}}}}},\"19\":\"\",\"18\":\"\"}}', '2018-01-10 12:59:06', '2018-01-10 12:59:06', '7d01ebfe-f3f5-4fd6-b8d4-8d30f7624967'),
 ('197', '8', '4', '49', 'en', '5', '', '{\"typeId\":\"4\",\"authorId\":\"1\",\"title\":\"Finnes\",\"slug\":\"finnes\",\"postDate\":1505469180,\"expiryDate\":null,\"enabled\":1,\"parentId\":\"\",\"fields\":{\"3\":{\"179\":{\"modified\":\"1\",\"type\":\"imageFullWidth\",\"enabled\":\"1\",\"collapsed\":\"0\",\"level\":\"0\",\"fields\":{\"standardHeading\":\"Velkommen til oss\",\"standardImages\":[\"181\"],\"standardBodyText\":\"<p>Innkvartert i Lillebys historiske gamle barnehjem er Finnes Kafe det siste kulinariske tillegget til Heidi Bjerkans voksende spisestue.<\\/p>\",\"settingTextWhiteBox\":\"1\"}},\"133\":{\"modified\":\"1\",\"type\":\"introWithOpeningHours\",\"enabled\":\"1\",\"collapsed\":\"0\",\"level\":\"0\",\"fields\":{\"standardImages\":\"\",\"standardHeading\":\"\",\"standardBodyText\":\"\"}},\"134\":{\"modified\":\"1\",\"type\":\"journal\",\"enabled\":\"1\",\"collapsed\":\"0\",\"level\":\"0\",\"fields\":{\"customChooseJournal\":[\"55\"],\"settingImagePosition\":\"left\",\"settingTextOverImage\":\"\"}},\"135\":{\"modified\":\"1\",\"type\":\"journal\",\"enabled\":\"1\",\"collapsed\":\"0\",\"level\":\"0\",\"fields\":{\"customChooseJournal\":[\"83\"],\"settingImagePosition\":\"right\",\"settingTextOverImage\":\"\"}}},\"19\":\"\",\"18\":\"\"}}', '2018-01-10 13:17:26', '2018-01-10 13:17:26', 'fdb57baa-d255-49fe-b63e-00552dba6cee'),
 ('198', '68', '4', '49', 'en', '8', '', '{\"typeId\":\"4\",\"authorId\":\"59\",\"title\":\"Meny\",\"slug\":\"meny\",\"postDate\":1506191340,\"expiryDate\":null,\"enabled\":1,\"parentId\":\"9\",\"fields\":{\"3\":{\"180\":{\"modified\":\"1\",\"type\":\"imageFullWidth\",\"enabled\":\"1\",\"collapsed\":\"0\",\"level\":\"0\",\"fields\":{\"standardHeading\":\"Dagens meny\",\"standardImages\":[\"163\"],\"standardBodyText\":\"\",\"settingTextWhiteBox\":\"1\"}},\"165\":{\"modified\":\"1\",\"type\":\"introLinks\",\"enabled\":\"0\",\"collapsed\":\"1\",\"level\":\"0\",\"fields\":{\"standardHeading\":\"\",\"customIntroLinks\":{\"166\":{\"type\":\"link\",\"enabled\":\"\",\"fields\":{\"navn\":\"Lunsj meny\",\"internLink\":\"\",\"externalLink\":\"\"}},\"167\":{\"type\":\"link\",\"enabled\":\"1\",\"fields\":{\"navn\":\"Kvelds meny\",\"internLink\":\"\",\"externalLink\":\"\"}},\"168\":{\"type\":\"link\",\"enabled\":\"1\",\"fields\":{\"navn\":\"Vin meny\",\"internLink\":\"\",\"externalLink\":\"\"}}}}}},\"19\":\"\",\"18\":\"\"}}', '2018-01-10 13:18:47', '2018-01-10 13:18:47', 'b39122c3-cfbc-4b6d-bb9b-4de86da1865d'),
 ('199', '68', '4', '49', 'en', '9', '', '{\"typeId\":\"4\",\"authorId\":\"59\",\"title\":\"Meny\",\"slug\":\"meny\",\"postDate\":1506191340,\"expiryDate\":null,\"enabled\":1,\"parentId\":\"9\",\"fields\":{\"3\":{\"180\":{\"modified\":\"1\",\"type\":\"imageFullWidth\",\"enabled\":\"1\",\"collapsed\":\"0\",\"level\":\"0\",\"fields\":{\"standardHeading\":\"Dagens meny\",\"standardImages\":[\"163\"],\"standardBodyText\":\"\",\"settingTextWhiteBox\":\"1\"}},\"165\":{\"modified\":\"1\",\"type\":\"introLinks\",\"enabled\":\"0\",\"collapsed\":\"1\",\"level\":\"0\",\"fields\":{\"standardHeading\":\"\",\"customIntroLinks\":{\"166\":{\"type\":\"link\",\"enabled\":\"\",\"fields\":{\"navn\":\"Lunsj meny\",\"internLink\":\"\",\"externalLink\":\"\"}},\"167\":{\"type\":\"link\",\"enabled\":\"1\",\"fields\":{\"navn\":\"Kvelds meny\",\"internLink\":\"\",\"externalLink\":\"\"}},\"168\":{\"type\":\"link\",\"enabled\":\"1\",\"fields\":{\"navn\":\"Vin meny\",\"internLink\":\"\",\"externalLink\":\"\"}}}}},\"new0\":{\"modified\":\"1\",\"type\":\"text\",\"enabled\":\"1\",\"collapsed\":\"0\",\"level\":\"0\",\"fields\":{\"standardHeading\":\"Lunsjmeny\",\"standardBodyText\":\"<p>12.00 - 16.00<\\/p>\"}}},\"19\":\"\",\"18\":\"\"}}', '2018-01-10 13:19:36', '2018-01-10 13:19:36', '7776a1cc-eb2c-4fef-9c90-64b338fd67ce'),
 ('200', '68', '4', '49', 'en', '10', '', '{\"typeId\":\"4\",\"authorId\":\"59\",\"title\":\"Meny\",\"slug\":\"meny\",\"postDate\":1506191340,\"expiryDate\":null,\"enabled\":1,\"parentId\":\"9\",\"fields\":{\"3\":{\"180\":{\"modified\":\"1\",\"type\":\"imageFullWidth\",\"enabled\":\"1\",\"collapsed\":\"0\",\"level\":\"0\",\"fields\":{\"standardHeading\":\"Dagens meny\",\"standardImages\":[\"163\"],\"standardBodyText\":\"\",\"settingTextWhiteBox\":\"1\"}},\"165\":{\"modified\":\"1\",\"type\":\"introLinks\",\"enabled\":\"0\",\"collapsed\":\"1\",\"level\":\"0\",\"fields\":{\"standardHeading\":\"\",\"customIntroLinks\":{\"166\":{\"type\":\"link\",\"enabled\":\"\",\"fields\":{\"navn\":\"Lunsj meny\",\"internLink\":\"\",\"externalLink\":\"\"}},\"167\":{\"type\":\"link\",\"enabled\":\"1\",\"fields\":{\"navn\":\"Kvelds meny\",\"internLink\":\"\",\"externalLink\":\"\"}},\"168\":{\"type\":\"link\",\"enabled\":\"1\",\"fields\":{\"navn\":\"Vin meny\",\"internLink\":\"\",\"externalLink\":\"\"}}}}},\"182\":{\"modified\":\"1\",\"type\":\"text\",\"enabled\":\"1\",\"collapsed\":\"0\",\"level\":\"0\",\"fields\":{\"standardHeading\":\"Lunsjmeny\",\"standardBodyText\":\"<p>12.00 - 16.00<\\/p>\"}},\"new0\":{\"modified\":\"1\",\"type\":\"text\",\"enabled\":\"1\",\"collapsed\":\"0\",\"level\":\"0\",\"fields\":{\"standardHeading\":\"Kveldsmeny\",\"standardBodyText\":\"<p>16.00 &mdash; 22.00<\\/p>\"}},\"new1\":{\"modified\":\"1\",\"type\":\"text\",\"enabled\":\"1\",\"collapsed\":\"0\",\"level\":\"0\",\"fields\":{\"standardHeading\":\"Vinmeny\",\"standardBodyText\":\"\"}}},\"19\":\"\",\"18\":\"\"}}', '2018-01-10 13:20:51', '2018-01-10 13:20:51', '832751c1-8fcf-4517-8c5e-8836bff28909'),
 ('201', '22', '4', '49', 'en', '3', '', '{\"typeId\":\"4\",\"authorId\":\"1\",\"title\":\"Karriere\",\"slug\":\"kontakt\",\"postDate\":1505469360,\"expiryDate\":null,\"enabled\":1,\"parentId\":\"9\",\"fields\":{\"3\":{\"new0\":{\"modified\":\"1\",\"type\":\"imageFullWidth\",\"enabled\":\"1\",\"collapsed\":\"0\",\"level\":\"0\",\"fields\":{\"standardHeading\":\"Karriere\",\"standardImages\":[\"160\"],\"standardBodyText\":\"<p>Vi er alltid p\\u00e5 utkikk etter nye, engasjerte ansatte som \\u00f8nsker \\u00e5 bli en del av Credo-familien.<\\/p>\\r\\n<p>Hvis du \\u00f8nsker \\u00e5 s\\u00f8ke en stilling eller har noen sp\\u00f8rsm\\u00e5l, ta kontakt med administrasjonskoordinator: career@restaurantcredo.no<\\/p><p><\\/p>\",\"settingTextWhiteBox\":\"1\"}}},\"19\":\"\",\"18\":\"\"}}', '2018-01-10 13:22:13', '2018-01-10 13:22:13', 'e3087ca9-04b9-46be-b679-5ccae31850bf'),
 ('202', '13', '4', '49', 'en', '3', '', '{\"typeId\":\"4\",\"authorId\":\"1\",\"title\":\"Karriere\",\"slug\":\"kontakt\",\"postDate\":1505469300,\"expiryDate\":null,\"enabled\":1,\"parentId\":\"8\",\"fields\":{\"3\":{\"new0\":{\"modified\":\"1\",\"type\":\"imageFullWidth\",\"enabled\":\"1\",\"collapsed\":\"0\",\"level\":\"0\",\"fields\":{\"standardHeading\":\"Karrierere\",\"standardImages\":[\"160\"],\"standardBodyText\":\"<p>Vi er alltid p\\u00e5 utkikk etter nye, engasjerte ansatte som \\u00f8nsker \\u00e5 bli en del av Credo-familien.<\\/p>\\r\\n<p>Hvis du \\u00f8nsker \\u00e5 s\\u00f8ke en stilling eller har noen sp\\u00f8rsm\\u00e5l, ta kontakt med administrasjonskoordinator: <a href=\\\"mailto:career@restaurantcredo.no\\\" target=\\\"_blank\\\">career@restaurantcredo.no<\\/a><\\/p>\",\"settingTextWhiteBox\":\"1\"}}},\"19\":\"\",\"18\":\"\"}}', '2018-01-10 13:23:24', '2018-01-10 13:23:24', 'c2687b25-aa6b-4021-8401-2b8af1d0a74a'),
 ('203', '17', '4', '49', 'en', '12', '', '{\"typeId\":\"4\",\"authorId\":\"1\",\"title\":\"Karriere\",\"slug\":\"kontakt\",\"postDate\":1505469360,\"expiryDate\":null,\"enabled\":1,\"parentId\":\"7\",\"fields\":{\"3\":{\"74\":{\"modified\":\"1\",\"type\":\"imageFullWidth\",\"enabled\":\"1\",\"collapsed\":\"0\",\"level\":\"0\",\"fields\":{\"standardHeading\":\"Karriere\",\"standardImages\":[\"176\"],\"standardBodyText\":\"<p>Vi er alltid p\\u00e5 utkikk etter nye, engasjerte ansatte som \\u00f8nsker \\u00e5 bli en del av Credo-familien.<\\/p>\\r\\n<p>Hvis du \\u00f8nsker \\u00e5 s\\u00f8ke en stilling eller har noen sp\\u00f8rsm\\u00e5l, ta kontakt med administrasjonskoordinator: <a href=\\\"mailto:career@restaurantcredo.no\\\" target=\\\"_blank\\\">career@restaurantcredo.no<\\/a><\\/p>\",\"settingTextWhiteBox\":\"1\"}}},\"19\":\"\",\"18\":\"\"}}', '2018-01-10 13:27:32', '2018-01-10 13:27:32', '2fedeed7-016f-42de-84a1-a71e77cf6420'),
 ('204', '189', '3', '49', 'en', '1', '', '{\"typeId\":null,\"authorId\":\"49\",\"title\":\"Jossa til \\u00d8sterike\",\"slug\":\"jossa-til-osterike\",\"postDate\":1515593226,\"expiryDate\":null,\"enabled\":1,\"parentId\":null,\"fields\":{\"17\":[\"6\"],\"4\":[\"188\"],\"10\":\"<p>Jossa st\\u00e5r p\\u00e5 stasjonen med sekken full av tj\\u00e6repastiller og kandisert angelicastang, en god porsjon med isterban, en falukorv og en limpa.&nbsp;<\\/p>\",\"3\":{\"new0\":{\"modified\":\"1\",\"type\":\"text\",\"enabled\":\"1\",\"collapsed\":\"0\",\"level\":\"0\",\"fields\":{\"standardHeading\":\"\",\"standardBodyText\":\"<p>Tobias har sagt farvel for kort tid siden. Han takket for selskapet, ga henne en god klem og trykket en gave ned i sekken. \\u2013 Du m\\u00e5 ikke \\u00e5pne den pakken f\\u00f8r du er fremme. Tobias s\\u00e5 p\\u00e5 Jossa og smilte.\\r\\n\\u2013 God tur, og hils &nbsp;til Werner.<\\/p>\\r\\n<p>Jossa klatrer om bord i toget og finner kupeen sin. Nattoget til malm\\u00f8, en behagelig m\\u00e5te \\u00e5 reise p\\u00e5, og fra Malm\\u00f8 er det ikke langt til kontinentet. Hun bryter av skalken p\\u00e5 br\\u00f8det og legger seg p\\u00e5 den oppredde senga. F\\u00f8ttene er m\\u00f8re etter all vandringen.&nbsp;Hun forsvinner inn i s\\u00f8vnen samtidig med togets startende bevegelser. Som et barn blir hun dysset i s\\u00f8vn, f\\u00f8r hun selv hadde tenkt. Det er m\\u00f8rkt, varmt og behagelig.<\\/p>\\r\\n<p>Det spraker i en h\\u00f8yttaler, plinger i en bjelle og det bankes p\\u00e5 d\\u00f8ren. Det f\\u00f8les som om det er samtidig, men hun tar det p\\u00e5 oppv\\u00e5kingsfasen, at hun har duppet av mellom lydene, bare fortrengt det litt.\\r\\nMalm\\u00f8, den kom raskere enn hun trodde, hele byen ligger der, foran henne, flat som den er.\\r\\nHun har b\\u00f8rstet av seg smulene fra br\\u00f8dskalken, skiftet, tatt en kattevask og pr\\u00f8vd \\u00e5 legge h\\u00e5ret stramt slik det s\\u00f8mmer seg, f\\u00f8r hun gikk av toget.<\\/p>\\r\\n<p>B\\u00e5ten venter, b\\u00e5ten til kontinentet st\\u00e5r i havna, noen hundre meter bortenfor stasjonen.\\r\\nFra K\\u00f8benhavn ble det tog til wien, med bytte i m\\u00fcnchen, Jossa var utmattet men merket seg at K\\u00f8benhavn var en by hun skulle utforske, men da p\\u00e5 vei hjem.<\\/p>\\r\\n<p>Brosteinen og kumlokkene, de er fine. Jossa ser ned mens hun tusler ut av stasjonsbygget i Wien.\\r\\nMen jeg er sulten. Sier hun h\\u00f8yt til seg selv, s\\u00e5 den d\\u00f8sige mannen som sto rett ved siden av i sin egen verden skvetter til og ser p\\u00e5 henne.\\r\\n\\u2013 unnskyld, sier han.\\r\\n\\u00c5h, nei \\u2013 det var ikke meningen, men jeg er bare litt sulten. Eller hvis jeg skal si det som sant er, jeg er skrubbsulten.\\r\\nHun hadde helt glemt \\u00e5 spise, helt glemt at hun var sulten n\\u00e5r hun l\\u00f8p fra b\\u00e5t til tog i K\\u00f8benhavn, og i M\\u00fcnchen ble det akkurat tid nok til en p\\u00f8lse med sauerkraut.\\r\\nHaha! Mannen smiler til, det glimter i gull bakerst i munnen\\r\\n\\u2013 Du har kommet til rett sted. Kom bli med meg.\\r\\n-Unnskyld, jeg glemte meg helt bort. Hvor er mine manerer, uff , Werner heter jeg fr\\u00f8ken. &nbsp;Han strekker ut en h\\u00e5nd. Jossa griper den og kjenner det faste h\\u00e5ndtrykket. Jossa sier hun, og smiler.<\\/p>\\r\\n<p>De n\\u00e6rmest sm\\u00e5l\\u00f8per innover byen. Jossa klarer ikke f\\u00e5 med seg noe, hun tenker bare p\\u00e5 mat.\\r\\n\\u2013 Hva skal du her i Wien ?\\r\\n\\u2013 Jeg skal spise, jeg vil smake det som er \\u00f8sterisk. Det er det som er reisen min skj\\u00f8nner du, jeg vil finne ut av hva ting smaker p\\u00e5 forskjellige steder.\\r\\nWerner stopper litt, mens han tenker.\\r\\n\\u2013 S\\u00e5 du vil smake det som er mest Wiensk, ok, men da tar vi til h\\u00f8yre her.\\r\\nDu skal f\\u00e5 Sp\\u00e4tzle, og det er best p\\u00e5 et bitte lite sted rett her borte.<\\/p>\\r\\n<p>De sm\\u00e5l\\u00f8per videre, litt uten grunn, men drevet av sult og nysgjerrighet.&nbsp;Sp\\u00e4tzle, en slags urpasta, eller gnocchi, eller en blanding av de begge.&nbsp;N\\u00e5r Werner forteller om smaken, den smeltede osten og ikke minst vinen som skal drikkes til g\\u00e5r det nesten rundt for Jossa.<\\/p>\\r\\n<p>Endelig skal hun f\\u00e5 mat.\\r\\nWerner dumper ned i stolen ved siden av henne.\\r\\n\\u2013 S\\u00e5nn, vin og mat p\\u00e5 vei. Du er skikkelig sulten ? Jossa klarer knapt \\u00e5 ytre ja, hun venter bare p\\u00e5 noe \\u00e5 spise.\\r\\n\\u2013 Jeg bestillte litt forskjellig, s\\u00e5 du skal f\\u00e5 et raskt overblikk, det blir kanskje litt mye. Men det kommer noen andre venner av meg ogs\\u00e5, som kan mer om vin, s\\u00e5 da spiser han det vi ikke klarer. Ok? Werner har tatt kommandoen og ser ut til \\u00e5 kose seg i rollen som vertskap. \\u2013 Grillet kalvetunge med syltede gr\\u00f8nnsaker, Sp\\u00e4tzle med sopp og ost, Gresskarsuppe med krepse-dumplings, P\\u00f8lse med sauerkraut, Snitzel med potetsalat og sitron, R\\u00f8ye med k\\u00e5l, og til dessert f\\u00e5r du Schwartswaldkake med kirseb\\u00e6r ogs\\u00e5 kan du ikke unng\\u00e5 strudelen da. Den m\\u00e5 du smake n\\u00e5r du er i Wien .\\r\\nJossa rister p\\u00e5 hodet og ler.\\r\\n\\u2013 Jeg klarer jo ikke alt sammen, det er jo umulig.<\\/p>\"}}},\"19\":\"\",\"18\":\"\",\"16\":\"\"}}', '2018-01-10 14:07:06', '2018-01-10 14:07:06', '9b6e034c-ad4f-4b90-9cfa-8c076eb00b2d'),
 ('205', '192', '3', '49', 'en', '1', '', '{\"typeId\":null,\"authorId\":\"49\",\"title\":\"Jossa til Sverige\",\"slug\":\"jossa-til-sverige\",\"postDate\":1515593310,\"expiryDate\":null,\"enabled\":1,\"parentId\":null,\"fields\":{\"17\":[\"6\"],\"4\":[\"191\"],\"10\":\"<p>Jossa ser nedover dalen. Hun har vandret i et par dager fra Trondheim.&nbsp;N\\u00e5 har hun endelig m\\u00f8tt Tobias, en som er kjent i dalen.<\\/p>\",\"3\":{\"new0\":{\"modified\":\"1\",\"type\":\"text\",\"enabled\":\"1\",\"collapsed\":\"0\",\"level\":\"0\",\"fields\":{\"standardHeading\":\"\",\"standardBodyText\":\"<p>\\u2013 Jaha du, s\\u00e5 du er ute etter den svenske smaken du, sier Tobias p\\u00e5 slepent svensk m\\u00e5l.<br>Jossa har spurt og gravd for \\u00e5 finne den som lager den beste maten p\\u00e5 denne siden av grensen.<\\/p>\\r\\n<p>\\u2013 S\\u00e5 de sier det ja. Hehe.&nbsp;Tobias ler mens han plukker opp noe som kan virke som en vilk\\u00e5rlig blomst fra bakken.Han smaker og smatter.<br>\\u2013 At jeg er den du skal snakke med ja.<br>Jossa smiler oppr\\u00f8mt, og nikker.<br>\\u2013 Den kommer herfra. Det er i jorden alt starter, det er der alt opprinner. S\\u00e5 vi m\\u00e5 bevege oss litt rundt.<\\/p>\\r\\n<p>De fortsetter ferden nedover, mot et forgjettet sted, mot en g\\u00e5rd som det g\\u00e5r flotte ord om rundt i hele verden.<br>\\u2013 For at du skal forst\\u00e5 hva de gj\\u00f8r akkurat der, s\\u00e5 m\\u00e5 vi nesten spise et par ting p\\u00e5 veien.<\\/p>\\r\\n<p>Tobias lister opp hva Jossa skal smake&nbsp;-Raggmunk med Vesterbotten,&nbsp;Sild med egg, poteter, rug og r\\u00f8dbeter , sild ost og sm\\u00f8r,&nbsp;Falukorv,&nbsp;Flesk, rotmos, l\\u00f8k,&nbsp;Fisk med Skagensaus.&nbsp;<br>Dette er veldig kjente smaker, men Raggmunk, det er jeg usikker p\\u00e5.<br>Han ler, mens han henter ut en potet fra sekken. Raggmunk, det er nesten det beste du kan gj\\u00f8re med poteter.<br>Men kom n\\u00e5, s\\u00e5 spiser vi. S\\u00e5 f\\u00e5r du oppskriftenen p\\u00e5 alt, som du kan ta med deg hjem igjen.<\\/p><p><\\/p>\"}}},\"19\":\"\",\"18\":\"\",\"16\":\"\"}}', '2018-01-10 14:08:30', '2018-01-10 14:08:30', 'c1663806-ff10-49f8-94a5-23c84c08323b'),
 ('206', '195', '3', '49', 'en', '1', '', '{\"typeId\":null,\"authorId\":\"49\",\"title\":\"Jossa p\\u00e5 hjemmebane\",\"slug\":\"jossa-pa-hjemmebane\",\"postDate\":1515593400,\"expiryDate\":null,\"enabled\":1,\"parentId\":null,\"fields\":{\"17\":[\"6\"],\"4\":[\"194\"],\"10\":\"<p>Jossa ser utover Ripa p\\u00e5 den store b\\u00e5ten. Hun tar dype trekk av den friske lufta, helt inn. Det er som om lungene har lengtet etter den kj\\u00f8lige fuktige lufta.<\\/p>\",\"3\":{\"new0\":{\"modified\":\"1\",\"type\":\"text\",\"enabled\":\"1\",\"collapsed\":\"0\",\"level\":\"0\",\"fields\":{\"standardHeading\":\"\",\"standardBodyText\":\"<p><\\/p><p>Hun ser havnen i det fjerne, og tusler ned i kahytten.<br>\\u2013 Hjem. Jeg skal hjem en liten tur, hun smiler til seg selv og tenker p\\u00e5 hvordan hun plutselig savnet sild. Og akevitt.<\\/p>\\r\\n<p>Det har v\\u00e6rt en lang reise siden hun var i Bangkok, eller lille bangkokk da, gjemt inne i chinatown i london. Der hun fikk noen nye smaker, som aldri hadde v\\u00e6rt innom Trondheim, f\\u00f8r n\\u00e5. Hun klapper p\\u00e5 kofferten som er breddfull av urter, r\\u00f8tter, krydder og oppskrifter hun tar med seg hjem.<br>Men nam prik pao til side, selv om det kanskje er det beste hun hadde smakt, p\\u00e5 alt, hun er klar for sild. Og for svinekj\\u00f8tt. Hun har tenkt mye p\\u00e5 hvordan svinekj\\u00f8ttet fra nettopp tr\\u00f8ndelag vil passe til alle de thailandske smakene, som et avbrekk fra all julematen. Friskt, sterkt, morsomt.<\\/p>\\r\\n<p>Men n\\u00e5 er det r\\u00f8mme som st\\u00e5r i hodet. R\\u00f8mme p\\u00e5 vaffel, med l\\u00f8yrom. Og riskrem. Jossa klarer nesten ikke st\\u00e5 stille hun tripper opp og ned dekk mens de legger landgangen klar.<\\/p>\\r\\n<p>Hjemme, n\\u00e6rmest roper hun n\\u00e5r hun treffer brygga med foten.<\\/p>\\r\\n<p>N\\u00e5 skal det bli godt med gravet fisk.<\\/p>\"}}},\"19\":\"\",\"18\":\"\",\"16\":\"\"}}', '2018-01-10 14:10:01', '2018-01-10 14:10:01', 'a5dee7f7-d7ab-4644-a1e8-98ac0de49433'),
 ('207', '198', '3', '49', 'en', '1', '', '{\"typeId\":null,\"authorId\":\"49\",\"title\":\"Smak.no om Jossa i Venezuela\",\"slug\":\"smak-no-om-jossa-i-venezuela\",\"postDate\":1515593523,\"expiryDate\":null,\"enabled\":1,\"parentId\":null,\"fields\":{\"17\":[\"6\"],\"4\":[\"197\"],\"10\":\"<p>Smak.no, Dagens N\\u00e6ringslivs matportal har skrevet en flott<b>&nbsp;<a href=\\\"http:\\/\\/www.dn.no\\/smak\\/2016\\/02\\/17\\/1409\\/Restauranter\\/lag-lammebog-med-sramerikansk-vri\\\" target=\\\"_blank\\\">anmeldelse<\\/a>&nbsp;<\\/b>av f\\u00f8rste uken v\\u00e5r i Venezuela med Karlos Ponte. Selv om gjestekokken Ponte er tilbake p\\u00e5 hjemmebane i K\\u00f8benhavn, kj\\u00f8rer Jossa videre med meny fra Venezuela fremover! Les teksten<b>&nbsp;<a href=\\\"http:\\/\\/www.dn.no\\/smak\\/2016\\/02\\/17\\/1409\\/Restauranter\\/lag-lammebog-med-sramerikansk-vri\\\" target=\\\"_blank\\\">her<\\/a>.<\\/b><\\/p>\",\"3\":{\"new0\":{\"modified\":\"1\",\"type\":\"text\",\"enabled\":\"1\",\"collapsed\":\"0\",\"level\":\"0\",\"fields\":{\"standardHeading\":\"\",\"standardBodyText\":\"<p>Smak.no, Dagens N\\u00e6ringslivs matportal har skrevet en flott<strong>&nbsp;<a href=\\\"http:\\/\\/www.dn.no\\/smak\\/2016\\/02\\/17\\/1409\\/Restauranter\\/lag-lammebog-med-sramerikansk-vri\\\" target=\\\"_blank\\\">anmeldelse<\\/a>&nbsp;<\\/strong>av f\\u00f8rste uken v\\u00e5r i Venezuela med Karlos Ponte. Selv om gjestekokken Ponte er tilbake p\\u00e5 hjemmebane i K\\u00f8benhavn, kj\\u00f8rer Jossa videre med meny fra Venezuela fremover! Les teksten<strong>&nbsp;<a href=\\\"http:\\/\\/www.dn.no\\/smak\\/2016\\/02\\/17\\/1409\\/Restauranter\\/lag-lammebog-med-sramerikansk-vri\\\" target=\\\"_blank\\\">her<\\/a>.<\\/strong><\\/p>\"}}},\"19\":\"\",\"18\":\"\",\"16\":\"\"}}', '2018-01-10 14:12:03', '2018-01-10 14:12:03', '0c262b31-1773-47cf-8067-8dbd08919b22'),
 ('208', '198', '3', '49', 'en', '2', '', '{\"typeId\":\"3\",\"authorId\":\"49\",\"title\":\"Smak.no om Jossa i Venezuela\",\"slug\":\"smak-no-om-jossa-i-venezuela\",\"postDate\":1515593520,\"expiryDate\":null,\"enabled\":1,\"parentId\":null,\"fields\":{\"17\":[\"6\"],\"4\":[\"197\"],\"10\":\"<p>Smak.no, Dagens N\\u00e6ringslivs matportal har skrevet en flott<strong>&nbsp;<a href=\\\"http:\\/\\/www.dn.no\\/smak\\/2016\\/02\\/17\\/1409\\/Restauranter\\/lag-lammebog-med-sramerikansk-vri\\\" target=\\\"_blank\\\" rel=\\\"noreferrer noopener\\\">anmeldelse<\\/a>&nbsp;<\\/strong>av f\\u00f8rste uken v\\u00e5r i Venezuela med Karlos Ponte. Selv om gjestekokken Ponte er tilbake p\\u00e5 hjemmebane i K\\u00f8benhavn, kj\\u00f8rer Jossa videre med meny fra Venezuela fremover! Les teksten<strong>&nbsp;<a href=\\\"http:\\/\\/www.dn.no\\/smak\\/2016\\/02\\/17\\/1409\\/Restauranter\\/lag-lammebog-med-sramerikansk-vri\\\" target=\\\"_blank\\\" rel=\\\"noreferrer noopener\\\">her<\\/a>.<\\/strong><\\/p>\",\"3\":\"\",\"19\":\"\",\"18\":\"\",\"16\":\"\"}}', '2018-01-10 14:12:30', '2018-01-10 14:12:30', '19bd9415-37fa-4a38-974c-fa9f186b64c4'),
 ('209', '201', '3', '49', 'en', '1', '', '{\"typeId\":null,\"authorId\":\"49\",\"title\":\"Lokalt grogrunnlag\",\"slug\":\"lokalt-grogrunnlag\",\"postDate\":1515593779,\"expiryDate\":null,\"enabled\":1,\"parentId\":null,\"fields\":{\"17\":[\"6\"],\"4\":[\"200\"],\"10\":\"<p>Jossa setter seg opp i stolen, tar en slurk kaffe og tenker p\\u00e5 hva hun smakte i g\\u00e5r. Det er utvilsomt det beste i Norge sier hun h\\u00f8yt til seg selv. Men hvor g\\u00e5r egentlig grensene for smak, og hvem bestemmer hva som er godt og vondt, fortsetter hun mens koppen snart er tom. Med r\\u00e5varer fra tr\\u00f8ndelag, s\\u00e5 burde man kunne lag hva som helst, men hvem avgj\\u00f8r hva som er best akkurat her ?<\\/p>\",\"3\":{\"new0\":{\"modified\":\"1\",\"type\":\"text\",\"enabled\":\"1\",\"collapsed\":\"0\",\"level\":\"0\",\"fields\":{\"standardHeading\":\"\",\"standardBodyText\":\"<p>Jossa st\\u00e5r i gangen. Hun har pakket en sekk, tatt p\\u00e5 seg vandreskoene og ikledd seg den fineste turstasen.&nbsp;<\\/p>\\r\\n<p>Drevet av nysgjerrighet g\\u00e5r hun ut, l\\u00e5ser d\\u00f8ra, sjekker at ekstran\\u00f8kkelen ligger under potta, s\\u00e5nn i tilfelle noen skulle trenge noe, snur seg mot huset og sier \\u2013 Jeg g\\u00e5r en tur jeg. Jeg vil finne ut hvor smak kommer fra.&nbsp;<\\/p>\\r\\n<p>Det har med kultur \\u00e5 gj\\u00f8re. Gamle tradisjoner og overbevisninger. Selvsagt har det med lokale grogrunnlag ogs\\u00e5. Jossa tenker mens hun vandrer mot fjorden.<br>Hun setter kursen \\u00f8stover, til et sted som har b\\u00e5de v\\u00e6rt Sverige og Norge.<br>Og det har det v\\u00e6rt flere ganger.&nbsp;<\\/p>\\r\\n<p>Smaken er litt annerledes der. De gj\\u00f8r noe litt annet.&nbsp;<\\/p>\\r\\n<p>Jossa snur seg og ser seg over skulderen. Hun kan s\\u00e5 vidt se gatehj\\u00f8rnet der huset hennes ligger.<br>Ingen vei tilbake n\\u00e5 tenker hun.<\\/p>\"}}},\"19\":\"\",\"18\":\"\",\"16\":\"\"}}', '2018-01-10 14:16:19', '2018-01-10 14:16:19', 'f2ab2a23-cc55-4f59-aeda-fb99ec0190b6'),
 ('210', '9', '4', '49', 'en', '9', '', '{\"typeId\":\"4\",\"authorId\":\"1\",\"title\":\"Jossa\",\"slug\":\"jossa\",\"postDate\":1505469240,\"expiryDate\":null,\"enabled\":1,\"parentId\":\"\",\"fields\":{\"3\":{\"177\":{\"modified\":\"1\",\"type\":\"imageFullWidth\",\"enabled\":\"1\",\"collapsed\":\"0\",\"level\":\"0\",\"fields\":{\"standardHeading\":\"Credo p\\u00e5 tur\",\"standardImages\":[\"146\"],\"standardBodyText\":\"<p>Jossa er et&nbsp;rustikk alternativ til Credo, og endrer meny ut i fra hvor Jossa reiser.<\\/p>\",\"settingTextWhiteBox\":\"\"}},\"142\":{\"modified\":\"1\",\"type\":\"journal\",\"enabled\":\"1\",\"collapsed\":\"0\",\"level\":\"0\",\"fields\":{\"customChooseJournal\":[\"141\"],\"settingImagePosition\":\"left\",\"settingTextOverImage\":\"\"}},\"new0\":{\"modified\":\"1\",\"type\":\"journal\",\"enabled\":\"1\",\"collapsed\":\"0\",\"level\":\"0\",\"fields\":{\"customChooseJournal\":[\"189\"],\"settingImagePosition\":\"left\",\"settingTextOverImage\":\"\"}},\"new1\":{\"modified\":\"1\",\"type\":\"journal\",\"enabled\":\"1\",\"collapsed\":\"0\",\"level\":\"0\",\"fields\":{\"customChooseJournal\":[\"201\"],\"settingImagePosition\":\"left\",\"settingTextOverImage\":\"\"}},\"new2\":{\"modified\":\"1\",\"type\":\"journal\",\"enabled\":\"1\",\"collapsed\":\"0\",\"level\":\"0\",\"fields\":{\"customChooseJournal\":[\"198\"],\"settingImagePosition\":\"left\",\"settingTextOverImage\":\"\"}},\"new3\":{\"modified\":\"1\",\"type\":\"journal\",\"enabled\":\"1\",\"collapsed\":\"0\",\"level\":\"0\",\"fields\":{\"customChooseJournal\":[\"192\"],\"settingImagePosition\":\"left\",\"settingTextOverImage\":\"\"}},\"new4\":{\"modified\":\"1\",\"type\":\"journal\",\"enabled\":\"1\",\"collapsed\":\"0\",\"level\":\"0\",\"fields\":{\"customChooseJournal\":[\"195\"],\"settingImagePosition\":\"left\",\"settingTextOverImage\":\"\"}}},\"19\":\"\",\"18\":\"\"}}', '2018-01-10 14:32:39', '2018-01-10 14:32:39', 'cb382319-69f4-498f-a49b-94b5b9977797'),
 ('211', '9', '4', '49', 'en', '10', '', '{\"typeId\":\"4\",\"authorId\":\"1\",\"title\":\"Jossa\",\"slug\":\"jossa\",\"postDate\":1505469240,\"expiryDate\":null,\"enabled\":1,\"parentId\":\"\",\"fields\":{\"3\":{\"177\":{\"modified\":\"1\",\"type\":\"imageFullWidth\",\"enabled\":\"1\",\"collapsed\":\"0\",\"level\":\"0\",\"fields\":{\"standardHeading\":\"Credo p\\u00e5 tur\",\"standardImages\":[\"146\"],\"standardBodyText\":\"<p>Jossa er et&nbsp;rustikk alternativ til Credo, og endrer meny ut i fra hvor Jossa reiser.<\\/p>\",\"settingTextWhiteBox\":\"\"}},\"142\":{\"modified\":\"1\",\"type\":\"journal\",\"enabled\":\"1\",\"collapsed\":\"0\",\"level\":\"0\",\"fields\":{\"customChooseJournal\":[\"141\"],\"settingImagePosition\":\"left\",\"settingTextOverImage\":\"\"}},\"203\":{\"modified\":\"1\",\"type\":\"journal\",\"enabled\":\"1\",\"collapsed\":\"0\",\"level\":\"0\",\"fields\":{\"customChooseJournal\":[\"189\"],\"settingImagePosition\":\"right\",\"settingTextOverImage\":\"\"}},\"204\":{\"modified\":\"1\",\"type\":\"journal\",\"enabled\":\"1\",\"collapsed\":\"0\",\"level\":\"0\",\"fields\":{\"customChooseJournal\":[\"201\"],\"settingImagePosition\":\"left\",\"settingTextOverImage\":\"\"}},\"205\":{\"modified\":\"1\",\"type\":\"journal\",\"enabled\":\"1\",\"collapsed\":\"0\",\"level\":\"0\",\"fields\":{\"customChooseJournal\":[\"198\"],\"settingImagePosition\":\"right\",\"settingTextOverImage\":\"\"}},\"206\":{\"modified\":\"1\",\"type\":\"journal\",\"enabled\":\"1\",\"collapsed\":\"0\",\"level\":\"0\",\"fields\":{\"customChooseJournal\":[\"192\"],\"settingImagePosition\":\"left\",\"settingTextOverImage\":\"\"}},\"207\":{\"modified\":\"1\",\"type\":\"journal\",\"enabled\":\"1\",\"collapsed\":\"0\",\"level\":\"0\",\"fields\":{\"customChooseJournal\":[\"195\"],\"settingImagePosition\":\"right\",\"settingTextOverImage\":\"\"}}},\"19\":\"\",\"18\":\"\"}}', '2018-01-10 14:33:47', '2018-01-10 14:33:47', '9a86161f-8b61-4a28-825a-252d456fdf93');



DROP TABLE IF EXISTS `craft_fieldgroups`;


--
-- Schema for table `craft_fieldgroups`
--
CREATE TABLE `craft_fieldgroups` (
  `id` int(11) NOT NULL AUTO_INCREMENT,
  `name` varchar(255) COLLATE utf8_unicode_ci NOT NULL,
  `dateCreated` datetime NOT NULL,
  `dateUpdated` datetime NOT NULL,
  `uid` char(36) COLLATE utf8_unicode_ci NOT NULL DEFAULT '0',
  PRIMARY KEY (`id`),
  UNIQUE KEY `craft_fieldgroups_name_unq_idx` (`name`)
) ENGINE=InnoDB AUTO_INCREMENT=5 DEFAULT CHARSET=utf8 COLLATE=utf8_unicode_ci;

--
-- Data for table `craft_fieldgroups`
--

INSERT INTO `craft_fieldgroups` (`id`, `name`, `dateCreated`, `dateUpdated`, `uid`) VALUES
 ('2', 'Standard', '2017-09-15 09:22:16', '2017-09-15 09:22:16', 'f9d02e13-cb5d-47d6-9f74-e08d071548b3'),
 ('3', 'Settings', '2017-09-15 09:31:46', '2017-09-15 09:31:46', '50f3e4ac-79c6-426a-9d0a-3730825330c5'),
 ('4', 'Custom', '2017-09-15 09:35:05', '2017-09-15 09:35:05', '738c3a2e-d52b-4af9-84e9-616a68dcfd28');



DROP TABLE IF EXISTS `craft_fieldlayoutfields`;


--
-- Schema for table `craft_fieldlayoutfields`
--
CREATE TABLE `craft_fieldlayoutfields` (
  `id` int(11) NOT NULL AUTO_INCREMENT,
  `layoutId` int(11) NOT NULL,
  `tabId` int(11) NOT NULL,
  `fieldId` int(11) NOT NULL,
  `required` tinyint(1) unsigned NOT NULL DEFAULT '0',
  `sortOrder` smallint(6) unsigned DEFAULT NULL,
  `dateCreated` datetime NOT NULL,
  `dateUpdated` datetime NOT NULL,
  `uid` char(36) COLLATE utf8_unicode_ci NOT NULL DEFAULT '0',
  PRIMARY KEY (`id`),
  UNIQUE KEY `craft_fieldlayoutfields_layoutId_fieldId_unq_idx` (`layoutId`,`fieldId`),
  KEY `craft_fieldlayoutfields_sortOrder_idx` (`sortOrder`),
  KEY `craft_fieldlayoutfields_tabId_fk` (`tabId`),
  KEY `craft_fieldlayoutfields_fieldId_fk` (`fieldId`)
) ENGINE=InnoDB AUTO_INCREMENT=241 DEFAULT CHARSET=utf8 COLLATE=utf8_unicode_ci;

--
-- Data for table `craft_fieldlayoutfields`
--

INSERT INTO `craft_fieldlayoutfields` (`id`, `layoutId`, `tabId`, `fieldId`, `required`, `sortOrder`, `dateCreated`, `dateUpdated`, `uid`) VALUES
 ('5', '14', '4', '12', '0', '1', '2017-09-15 10:00:40', '2017-09-15 10:00:40', '79794098-1d52-4647-811a-8a4a41744e62'),
 ('6', '14', '4', '13', '0', '2', '2017-09-15 10:00:40', '2017-09-15 10:00:40', 'd1394c8a-d117-4dd2-be64-0df53a9285f9'),
 ('7', '14', '4', '14', '0', '3', '2017-09-15 10:00:40', '2017-09-15 10:00:40', '86fcfdd0-1a18-4acd-9d17-c962e37a1a7e'),
 ('200', '97', '96', '17', '0', '1', '2017-09-20 13:18:49', '2017-09-20 13:18:49', 'd3d9ae49-cb2d-49a2-a10f-7223bb86f1b4'),
 ('206', '99', '99', '9', '0', '1', '2017-09-21 08:56:42', '2017-09-21 08:56:42', '25f7d205-e47f-4569-af79-0f57de70c411'),
 ('207', '100', '100', '17', '0', '1', '2017-12-18 12:40:48', '2017-12-18 12:40:48', 'd6e6451d-9490-4f7e-9682-5651056a2b91'),
 ('208', '100', '100', '4', '0', '2', '2017-12-18 12:40:48', '2017-12-18 12:40:48', 'e7704f95-742b-4dfc-9f15-06fc964c2d18'),
 ('209', '100', '100', '10', '0', '3', '2017-12-18 12:40:48', '2017-12-18 12:40:48', '3ae68010-3cf8-45f8-b0c5-5173477d94bf'),
 ('210', '100', '100', '3', '0', '4', '2017-12-18 12:40:48', '2017-12-18 12:40:48', '84a50f22-643a-40dd-b528-2902536c8fdf'),
 ('211', '100', '101', '16', '0', '1', '2017-12-18 12:40:48', '2017-12-18 12:40:48', '72400ce4-547d-467f-b16f-b0435f5922af'),
 ('212', '100', '101', '18', '0', '2', '2017-12-18 12:40:48', '2017-12-18 12:40:48', '756798a3-6e55-44af-af24-ef81549d88b6'),
 ('213', '100', '101', '19', '0', '3', '2017-12-18 12:40:48', '2017-12-18 12:40:48', '0d3724a1-761a-4831-a13c-1b5a81f0ebd1'),
 ('214', '101', '102', '3', '0', '1', '2017-12-18 12:41:08', '2017-12-18 12:41:08', '79b963ef-24e3-40d1-acbf-c547dfeaa0e2'),
 ('215', '101', '103', '18', '0', '1', '2017-12-18 12:41:08', '2017-12-18 12:41:08', 'de2f9ae1-3e82-4604-8f79-5cdddebcec56'),
 ('216', '101', '103', '19', '0', '2', '2017-12-18 12:41:08', '2017-12-18 12:41:08', '537f0db2-ebd3-4de9-aea3-a4e4edb4d66f'),
 ('217', '103', '104', '4', '0', '1', '2018-01-10 11:57:19', '2018-01-10 11:57:19', '83499949-2e75-42c6-9459-2bb9db357d43'),
 ('218', '103', '104', '6', '0', '2', '2018-01-10 11:57:19', '2018-01-10 11:57:19', '7dfc5e86-b082-440e-a3d2-a9b6d99b01bc'),
 ('219', '103', '104', '5', '0', '3', '2018-01-10 11:57:19', '2018-01-10 11:57:19', '8deb4d94-3dda-4992-8165-49af75ba98ce'),
 ('220', '104', '105', '6', '0', '1', '2018-01-10 11:57:19', '2018-01-10 11:57:19', '44d95a67-b321-4128-9aa7-10a22af3c8fa'),
 ('221', '104', '105', '11', '0', '2', '2018-01-10 11:57:19', '2018-01-10 11:57:19', '33a5b4a8-0f6e-4b07-ba21-4f416177cfd6'),
 ('222', '105', '106', '4', '0', '1', '2018-01-10 11:57:19', '2018-01-10 11:57:19', 'de76421c-c8a2-4d86-8c49-739f98788a0e'),
 ('223', '105', '106', '6', '0', '2', '2018-01-10 11:57:19', '2018-01-10 11:57:19', '6b848562-eb0f-48fc-bd01-ee8b9c8603cc'),
 ('224', '105', '106', '5', '0', '3', '2018-01-10 11:57:19', '2018-01-10 11:57:19', 'db51e61b-c048-461e-8eb6-034200cc7a34'),
 ('225', '106', '107', '6', '0', '1', '2018-01-10 11:57:19', '2018-01-10 11:57:19', 'ebf8af79-cd97-4486-9b30-cc7f2d8954c2'),
 ('226', '106', '107', '5', '0', '2', '2018-01-10 11:57:19', '2018-01-10 11:57:19', '4d9a1c6d-918f-450f-9691-16235ed3539c'),
 ('227', '107', '108', '4', '0', '1', '2018-01-10 11:57:19', '2018-01-10 11:57:19', 'c20c369d-a110-4861-8f69-4d0c4785f27f'),
 ('228', '108', '109', '4', '0', '1', '2018-01-10 11:57:19', '2018-01-10 11:57:19', 'f925ba7e-3db4-4e81-8418-3a85b11ed932'),
 ('229', '108', '109', '5', '0', '2', '2018-01-10 11:57:19', '2018-01-10 11:57:19', '49600225-b259-40c5-9149-97daaf84ac9b'),
 ('230', '108', '110', '8', '0', '1', '2018-01-10 11:57:19', '2018-01-10 11:57:19', '73cb7bf6-1661-4214-a2ac-37ab6cb3d917'),
 ('231', '109', '111', '6', '0', '1', '2018-01-10 11:57:19', '2018-01-10 11:57:19', 'd35cb8fa-91cd-487d-baf1-6b6b146bcf3c'),
 ('232', '109', '111', '4', '0', '2', '2018-01-10 11:57:19', '2018-01-10 11:57:19', '062d4299-c80e-4857-b336-c26064c9cf3b'),
 ('233', '109', '111', '5', '0', '3', '2018-01-10 11:57:19', '2018-01-10 11:57:19', 'e79d8558-0fbc-4a4c-be40-87e24de9d5ed'),
 ('234', '109', '111', '20', '0', '4', '2018-01-10 11:57:19', '2018-01-10 11:57:19', '4188e3a0-16aa-4f1a-b210-dc31a3ff89f9'),
 ('235', '110', '112', '15', '0', '1', '2018-01-10 11:57:19', '2018-01-10 11:57:19', '5a303b14-a3c4-4915-95a3-b2e7acee011b'),
 ('236', '110', '113', '8', '0', '1', '2018-01-10 11:57:19', '2018-01-10 11:57:19', 'b065a2ec-3d9c-42b5-b14a-c2edaea97c7e'),
 ('237', '110', '113', '16', '0', '2', '2018-01-10 11:57:19', '2018-01-10 11:57:19', '6d496121-ca36-449e-9019-fc69426e873d'),
 ('238', '111', '114', '4', '0', '1', '2018-01-10 11:57:19', '2018-01-10 11:57:19', 'c1727566-c7bd-4806-ad37-08dd58a74e0e'),
 ('239', '111', '114', '5', '0', '2', '2018-01-10 11:57:19', '2018-01-10 11:57:19', '33dcc996-54d3-4779-b722-078be675e73c'),
 ('240', '111', '114', '7', '0', '3', '2018-01-10 11:57:19', '2018-01-10 11:57:19', '2d9bcbb9-5f4e-495f-8b10-e7d20915f1d4');



DROP TABLE IF EXISTS `craft_fieldlayouts`;


--
-- Schema for table `craft_fieldlayouts`
--
CREATE TABLE `craft_fieldlayouts` (
  `id` int(11) NOT NULL AUTO_INCREMENT,
  `type` varchar(150) COLLATE utf8_unicode_ci NOT NULL,
  `dateCreated` datetime NOT NULL,
  `dateUpdated` datetime NOT NULL,
  `uid` char(36) COLLATE utf8_unicode_ci NOT NULL DEFAULT '0',
  PRIMARY KEY (`id`),
  KEY `craft_fieldlayouts_type_idx` (`type`)
) ENGINE=InnoDB AUTO_INCREMENT=112 DEFAULT CHARSET=utf8 COLLATE=utf8_unicode_ci;

--
-- Data for table `craft_fieldlayouts`
--

INSERT INTO `craft_fieldlayouts` (`id`, `type`, `dateCreated`, `dateUpdated`, `uid`) VALUES
 ('1', 'Tag', '2017-09-15 09:15:46', '2017-09-15 09:15:46', '568f2d7f-8ae8-4b76-a539-09fde083fdee'),
 ('7', 'Category', '2017-09-15 09:20:42', '2017-09-15 09:20:42', '3cce13a2-aab0-4b16-9f84-eba680609e68'),
 ('14', 'MatrixBlock', '2017-09-15 10:00:40', '2017-09-15 10:00:40', '9ab311ac-b3ae-4b79-82b4-1edcba936149'),
 ('97', 'Entry', '2017-09-20 13:18:49', '2017-09-20 13:18:49', 'd96e41e5-9b56-468a-993d-dbf76740924a'),
 ('99', 'Category', '2017-09-21 08:56:42', '2017-09-21 08:56:42', 'f72b5d28-898a-4d08-8438-a1b3a14e67fd'),
 ('100', 'Entry', '2017-12-18 12:40:48', '2017-12-18 12:40:48', '3a6a065d-c4ef-4411-9741-24363e6f89ba'),
 ('101', 'Entry', '2017-12-18 12:41:08', '2017-12-18 12:41:08', '443c9622-1611-4ba7-8799-d6808a747ea9'),
 ('102', 'Asset', '2017-12-18 12:52:25', '2017-12-18 12:52:25', '7fc00f7f-a668-40dc-8615-014cdf69b587'),
 ('103', 'Neo_Block', '2018-01-10 11:57:19', '2018-01-10 11:57:19', 'b73c9238-2ec7-4c98-ad8f-3cc5244874e0'),
 ('104', 'Neo_Block', '2018-01-10 11:57:19', '2018-01-10 11:57:19', '2c6e9007-9d70-4a98-8cef-7d11f19947dd'),
 ('105', 'Neo_Block', '2018-01-10 11:57:19', '2018-01-10 11:57:19', 'a8f423b1-3095-4402-b9d3-455d4a884fb8'),
 ('106', 'Neo_Block', '2018-01-10 11:57:19', '2018-01-10 11:57:19', 'a302b9cd-9068-4ea1-a049-4dfd3792d54b'),
 ('107', 'Neo_Block', '2018-01-10 11:57:19', '2018-01-10 11:57:19', '99ab821c-3f2c-4f61-81b9-afd8e39a0ecd'),
 ('108', 'Neo_Block', '2018-01-10 11:57:19', '2018-01-10 11:57:19', '93f84e46-bf03-4e42-a8aa-791c306f0929'),
 ('109', 'Neo_Block', '2018-01-10 11:57:19', '2018-01-10 11:57:19', 'e836fead-3dd1-41b8-9ad0-3b0435c948bd'),
 ('110', 'Neo_Block', '2018-01-10 11:57:19', '2018-01-10 11:57:19', 'f499a9a8-53c1-499a-ac3c-4a6351c604f4'),
 ('111', 'Neo_Block', '2018-01-10 11:57:19', '2018-01-10 11:57:19', '13448863-dd30-426b-9079-99f36625e6a4');



DROP TABLE IF EXISTS `craft_fieldlayouttabs`;


--
-- Schema for table `craft_fieldlayouttabs`
--
CREATE TABLE `craft_fieldlayouttabs` (
  `id` int(11) NOT NULL AUTO_INCREMENT,
  `layoutId` int(11) NOT NULL,
  `name` varchar(255) COLLATE utf8_unicode_ci NOT NULL,
  `sortOrder` smallint(6) unsigned DEFAULT NULL,
  `dateCreated` datetime NOT NULL,
  `dateUpdated` datetime NOT NULL,
  `uid` char(36) COLLATE utf8_unicode_ci NOT NULL DEFAULT '0',
  PRIMARY KEY (`id`),
  KEY `craft_fieldlayouttabs_sortOrder_idx` (`sortOrder`),
  KEY `craft_fieldlayouttabs_layoutId_fk` (`layoutId`)
) ENGINE=InnoDB AUTO_INCREMENT=115 DEFAULT CHARSET=utf8 COLLATE=utf8_unicode_ci;

--
-- Data for table `craft_fieldlayouttabs`
--

INSERT INTO `craft_fieldlayouttabs` (`id`, `layoutId`, `name`, `sortOrder`, `dateCreated`, `dateUpdated`, `uid`) VALUES
 ('4', '14', 'Content', '1', '2017-09-15 10:00:40', '2017-09-15 10:00:40', '2e2efb2c-d0b6-46f8-ae3b-751923a810df'),
 ('96', '97', 'Innhold', '1', '2017-09-20 13:18:49', '2017-09-20 13:18:49', 'ecad1740-e8b0-4bdc-9b3b-35582937ed6a'),
 ('99', '99', 'Innhold', '1', '2017-09-21 08:56:42', '2017-09-21 08:56:42', '5675837c-c3e0-48e2-bd2d-094b0e110482'),
 ('100', '100', 'Innhold', '1', '2017-12-18 12:40:48', '2017-12-18 12:40:48', 'fb1ff24f-c118-4b65-aeef-a84f6790dcd7'),
 ('101', '100', 'Innstillinger', '2', '2017-12-18 12:40:48', '2017-12-18 12:40:48', '277672be-b1d1-4a8b-bae2-6080ea1ffd5f'),
 ('102', '101', 'Innhold', '1', '2017-12-18 12:41:08', '2017-12-18 12:41:08', 'a89ab574-70f4-442f-ba65-9382c88c6204'),
 ('103', '101', 'Innstillinger', '2', '2017-12-18 12:41:08', '2017-12-18 12:41:08', '3414cdcb-8b0b-4279-ba47-3cdd91a10c28'),
 ('104', '103', 'Innhold', '1', '2018-01-10 11:57:19', '2018-01-10 11:57:19', '9a8b2d17-f843-4884-9a18-68b35518fc57'),
 ('105', '104', 'Innhold', '1', '2018-01-10 11:57:19', '2018-01-10 11:57:19', '705edf4a-a1fd-461e-9824-1aabbad61e2c'),
 ('106', '105', 'Innhold', '1', '2018-01-10 11:57:19', '2018-01-10 11:57:19', 'dab74575-bc86-452b-b91b-38d93371b1bb'),
 ('107', '106', 'Innhold', '1', '2018-01-10 11:57:19', '2018-01-10 11:57:19', '9fb63c27-1e44-43c0-a66a-f46cc6768076'),
 ('108', '107', 'Innhold', '1', '2018-01-10 11:57:19', '2018-01-10 11:57:19', '6aab912b-d1c8-4d6a-819d-9ba53295677e'),
 ('109', '108', 'Innhold', '1', '2018-01-10 11:57:19', '2018-01-10 11:57:19', 'e5eae565-2771-4691-b413-de18e29a4984'),
 ('110', '108', 'Innstillinger', '2', '2018-01-10 11:57:19', '2018-01-10 11:57:19', '400a388a-af24-4e15-a3c6-f7cb0c85ca7c'),
 ('111', '109', 'Innhold', '1', '2018-01-10 11:57:19', '2018-01-10 11:57:19', '68253fff-65ed-4db9-bef4-ce7eb7fc8b08'),
 ('112', '110', 'Innhold', '1', '2018-01-10 11:57:19', '2018-01-10 11:57:19', '6a92ff88-2351-40b4-a8cf-79e3f1715a2f'),
 ('113', '110', 'Innstillinger', '2', '2018-01-10 11:57:19', '2018-01-10 11:57:19', '4f3f67a1-0b55-40c1-b35b-008807ef233b'),
 ('114', '111', 'Sitat med bilde', '1', '2018-01-10 11:57:19', '2018-01-10 11:57:19', '1e243f18-d8b3-475f-b84c-f717e850c43f');



DROP TABLE IF EXISTS `craft_fields`;


--
-- Schema for table `craft_fields`
--
CREATE TABLE `craft_fields` (
  `id` int(11) NOT NULL AUTO_INCREMENT,
  `groupId` int(11) DEFAULT NULL,
  `name` varchar(255) COLLATE utf8_unicode_ci NOT NULL,
  `handle` varchar(58) COLLATE utf8_unicode_ci NOT NULL,
  `context` varchar(255) COLLATE utf8_unicode_ci NOT NULL DEFAULT 'global',
  `instructions` text COLLATE utf8_unicode_ci,
  `translatable` tinyint(1) unsigned NOT NULL DEFAULT '0',
  `type` varchar(150) COLLATE utf8_unicode_ci NOT NULL,
  `settings` text COLLATE utf8_unicode_ci,
  `dateCreated` datetime NOT NULL,
  `dateUpdated` datetime NOT NULL,
  `uid` char(36) COLLATE utf8_unicode_ci NOT NULL DEFAULT '0',
  PRIMARY KEY (`id`),
  UNIQUE KEY `craft_fields_handle_context_unq_idx` (`handle`,`context`),
  KEY `craft_fields_context_idx` (`context`),
  KEY `craft_fields_groupId_fk` (`groupId`)
) ENGINE=InnoDB AUTO_INCREMENT=21 DEFAULT CHARSET=utf8 COLLATE=utf8_unicode_ci;

--
-- Data for table `craft_fields`
--

INSERT INTO `craft_fields` (`id`, `groupId`, `name`, `handle`, `context`, `instructions`, `translatable`, `type`, `settings`, `dateCreated`, `dateUpdated`, `uid`) VALUES
 ('3', '2', 'Innhold', 'standardContent', 'global', '', '0', 'Neo', '{\"maxBlocks\":null}', '2017-09-15 09:23:07', '2018-01-10 11:57:19', 'f1ef7d0f-9815-4729-84e5-d0a783fca41b'),
 ('4', '2', 'Bilder', 'standardImages', 'global', '', '0', 'Assets', '{\"useSingleFolder\":\"\",\"defaultUploadLocationSubpath\":\"\",\"singleUploadLocationSubpath\":\"\",\"restrictFiles\":\"1\",\"allowedKinds\":[\"image\"],\"limit\":\"\",\"viewMode\":\"list\",\"selectionLabel\":\"\"}', '2017-09-15 09:24:15', '2017-09-15 09:24:31', '66273c72-7ffa-425f-baeb-43474ec55cd6'),
 ('5', '2', 'Tekst', 'standardBodyText', 'global', '', '0', 'RichText', '{\"configFile\":\"Standard.json\",\"availableAssetSources\":\"*\",\"availableTransforms\":\"*\",\"cleanupHtml\":\"1\",\"purifyHtml\":\"1\",\"purifierConfig\":\"\",\"columnType\":\"text\"}', '2017-09-15 09:25:36', '2017-09-15 09:25:36', 'bdd1e0b9-e147-4c26-b32f-b8e46e6bc5fd'),
 ('6', '2', 'Overskrift', 'standardHeading', 'global', '', '0', 'PlainText', '{\"placeholder\":\"\",\"maxLength\":\"\",\"multiline\":\"1\",\"initialRows\":\"2\"}', '2017-09-15 09:25:54', '2017-09-15 09:25:54', '73570250-1187-479f-acb7-2ba3194a27b1'),
 ('7', '2', 'Underoverskrift', 'standardSubHeading', 'global', '', '0', 'PlainText', '{\"placeholder\":\"\",\"maxLength\":\"\",\"multiline\":\"\",\"initialRows\":\"4\"}', '2017-09-15 09:30:55', '2017-09-15 09:30:55', 'bd9eddbc-cb98-4cc1-88ab-a1470f90d446'),
 ('8', '3', 'Hvilken side skal bildet være på?', 'settingImagePosition', 'global', '', '0', 'ButtonBox_Buttons', '{\"displayAsGraphic\":\"\",\"displayFullwidth\":\"\",\"options\":[{\"label\":\"Venstre\",\"showLabel\":\"1\",\"value\":\"left\",\"imageUrl\":\"\",\"default\":\"1\"},{\"label\":\"H\\u00f8yre\",\"showLabel\":\"1\",\"value\":\"right\",\"imageUrl\":\"\",\"default\":\"\"}]}', '2017-09-15 09:31:39', '2017-09-20 12:16:34', '0a831e8f-5a1b-4874-b869-5318c126b1d0'),
 ('9', '4', 'Åpningstider', 'customOpeningHours', 'global', '', '0', 'Table', '{\"columns\":{\"col1\":{\"heading\":\"Dag\",\"handle\":\"dag\",\"width\":\"\",\"type\":\"singleline\"},\"col2\":{\"heading\":\"Tidspunkt\",\"handle\":\"tidspunkt\",\"width\":\"\",\"type\":\"singleline\"}},\"defaults\":{\"row1\":{\"col1\":\"Mandag\",\"col2\":\"\"},\"row2\":{\"col1\":\"Tirsdag\",\"col2\":\"\"},\"row3\":{\"col1\":\"Onsdag\",\"col2\":\"\"},\"row4\":{\"col1\":\"Torsdag\",\"col2\":\"\"},\"row5\":{\"col1\":\"Fredag\",\"col2\":\"\"},\"row6\":{\"col1\":\"L\\u00f8rdag\",\"col2\":\"\"},\"row7\":{\"col1\":\"S\\u00f8ndag\",\"col2\":\"\"}}}', '2017-09-15 09:37:03', '2017-09-15 09:37:03', '0eb01e0e-67a2-43c3-8719-fdc4e8ff3f22'),
 ('10', '2', 'Ingress', 'standardLeadText', 'global', '', '0', 'RichText', '{\"configFile\":\"Standard.json\",\"availableAssetSources\":\"*\",\"availableTransforms\":\"*\",\"cleanupHtml\":\"1\",\"purifyHtml\":\"1\",\"purifierConfig\":\"\",\"columnType\":\"text\"}', '2017-09-15 09:38:15', '2017-09-15 09:38:31', 'f970bc1d-4b80-420d-93b2-f7d3bb708c59'),
 ('11', '4', 'Introlinker', 'customIntroLinks', 'global', '', '0', 'Matrix', '{\"maxBlocks\":null}', '2017-09-15 10:00:40', '2017-09-15 10:00:40', '3d53a344-458a-472e-a215-a54ee2ace7f4'),
 ('12', NULL, 'Navn', 'navn', 'matrixBlockType:1', '', '0', 'PlainText', '{\"placeholder\":\"\",\"maxLength\":\"\",\"multiline\":\"\",\"initialRows\":\"4\"}', '2017-09-15 10:00:40', '2017-09-15 10:00:40', '5a71770d-bc7c-4633-8ba8-1ee2597cf473'),
 ('13', NULL, 'Intern link', 'internLink', 'matrixBlockType:1', '', '0', 'Entries', '{\"sources\":\"*\",\"limit\":\"\",\"selectionLabel\":\"\"}', '2017-09-15 10:00:40', '2017-09-15 10:00:40', '2af54bec-3acc-4c48-89a4-f920d2992c19'),
 ('14', NULL, 'Evt. ekstern link', 'externalLink', 'matrixBlockType:1', 'Husk http:// i starten av URL — Feil: www.vg.no — Riktig: http://www.vg.no', '0', 'PlainText', '{\"placeholder\":\"\",\"maxLength\":\"\",\"multiline\":\"\",\"initialRows\":\"4\"}', '2017-09-15 10:00:40', '2017-09-15 10:00:40', '6f086ed5-4e10-47ff-94a2-473d27aeb130'),
 ('15', '4', 'Velg journalentry', 'customChooseJournal', 'global', '', '0', 'Entries', '{\"sources\":\"*\",\"limit\":\"\",\"selectionLabel\":\"Velg journal\"}', '2017-09-15 10:03:02', '2017-09-15 10:03:10', '14afb50e-e2f0-4acd-9ece-5f677c7a2cf2'),
 ('16', '3', 'Skal tittelen ligge over bildet?', 'settingTextOverImage', 'global', '', '0', 'Lightswitch', '{\"default\":\"\"}', '2017-09-20 11:08:57', '2017-09-20 11:08:57', 'e1b043b5-8e38-4b90-a550-39fdc1483361'),
 ('17', '4', 'Avdeling', 'categoryDepartment', 'global', '', '0', 'Categories', '{\"source\":\"group:1\",\"limit\":\"\",\"selectionLabel\":\"\"}', '2017-09-20 13:17:49', '2017-09-20 13:17:49', '5720939b-fea6-4f1b-a209-a661f02b0dc7'),
 ('18', '4', 'Skal øverste bilde gå helt i topp?', 'settingHeaderAbsolute', 'global', '', '0', 'Lightswitch', '{\"default\":\"\"}', '2017-12-18 12:40:01', '2017-12-18 12:40:01', 'd5b0b7a0-73ce-4d23-856c-22c865360d59'),
 ('19', '4', 'Skal menyen inverteres?', 'settingHeaderInvert', 'global', 'All tekst og logoer blir hvit.', '0', 'Lightswitch', '{\"default\":\"\"}', '2017-12-18 12:40:32', '2017-12-18 12:40:32', '89d27d14-7730-4a58-9e47-8900ee73cbb0'),
 ('20', '3', 'Tekst i hvit boks over bildet', 'settingTextWhiteBox', 'global', '', '0', 'Lightswitch', '{\"default\":\"\"}', '2018-01-10 11:56:58', '2018-01-10 11:56:58', '06d3fe33-be8c-4ffb-ab99-ea79e95eeb10');



DROP TABLE IF EXISTS `craft_globalsets`;


--
-- Schema for table `craft_globalsets`
--
CREATE TABLE `craft_globalsets` (
  `id` int(11) NOT NULL,
  `name` varchar(255) COLLATE utf8_unicode_ci NOT NULL,
  `handle` varchar(255) COLLATE utf8_unicode_ci NOT NULL,
  `fieldLayoutId` int(10) DEFAULT NULL,
  `dateCreated` datetime NOT NULL,
  `dateUpdated` datetime NOT NULL,
  `uid` char(36) COLLATE utf8_unicode_ci NOT NULL DEFAULT '0',
  PRIMARY KEY (`id`),
  UNIQUE KEY `craft_globalsets_name_unq_idx` (`name`),
  UNIQUE KEY `craft_globalsets_handle_unq_idx` (`handle`),
  KEY `craft_globalsets_fieldLayoutId_fk` (`fieldLayoutId`)
) ENGINE=InnoDB DEFAULT CHARSET=utf8 COLLATE=utf8_unicode_ci;

DROP TABLE IF EXISTS `craft_info`;


--
-- Schema for table `craft_info`
--
CREATE TABLE `craft_info` (
  `id` int(11) NOT NULL AUTO_INCREMENT,
  `version` varchar(50) COLLATE utf8_unicode_ci NOT NULL,
  `schemaVersion` varchar(15) COLLATE utf8_unicode_ci NOT NULL,
  `edition` tinyint(1) unsigned NOT NULL DEFAULT '0',
  `siteName` varchar(100) COLLATE utf8_unicode_ci NOT NULL,
  `siteUrl` varchar(255) COLLATE utf8_unicode_ci NOT NULL,
  `timezone` varchar(30) COLLATE utf8_unicode_ci DEFAULT NULL,
  `on` tinyint(1) unsigned NOT NULL DEFAULT '0',
  `maintenance` tinyint(1) unsigned NOT NULL DEFAULT '0',
  `dateCreated` datetime NOT NULL,
  `dateUpdated` datetime NOT NULL,
  `uid` char(36) COLLATE utf8_unicode_ci NOT NULL DEFAULT '0',
  PRIMARY KEY (`id`)
) ENGINE=InnoDB AUTO_INCREMENT=2 DEFAULT CHARSET=utf8 COLLATE=utf8_unicode_ci;

--
-- Data for table `craft_info`
--

INSERT INTO `craft_info` (`id`, `version`, `schemaVersion`, `edition`, `siteName`, `siteUrl`, `timezone`, `on`, `maintenance`, `dateCreated`, `dateUpdated`, `uid`) VALUES
 ('1', '2.6.2989', '2.6.10', '2', 'Credo', 'http://credo.craft.dev', 'UTC', '1', '0', '2017-09-15 09:15:39', '2017-09-15 09:16:20', '590289a6-5f72-4404-908b-311f40252ecd');



DROP TABLE IF EXISTS `craft_locales`;


--
-- Schema for table `craft_locales`
--
CREATE TABLE `craft_locales` (
  `locale` char(12) COLLATE utf8_unicode_ci NOT NULL,
  `sortOrder` smallint(6) unsigned DEFAULT NULL,
  `dateCreated` datetime NOT NULL,
  `dateUpdated` datetime NOT NULL,
  `uid` char(36) COLLATE utf8_unicode_ci NOT NULL DEFAULT '0',
  PRIMARY KEY (`locale`),
  KEY `craft_locales_sortOrder_idx` (`sortOrder`)
) ENGINE=InnoDB DEFAULT CHARSET=utf8 COLLATE=utf8_unicode_ci;

--
-- Data for table `craft_locales`
--

INSERT INTO `craft_locales` (`locale`, `sortOrder`, `dateCreated`, `dateUpdated`, `uid`) VALUES
 ('en', '1', '2017-09-15 09:15:40', '2017-09-15 09:15:40', '43a0ae92-aeb7-4aaa-bda5-a0df09319c1c');



DROP TABLE IF EXISTS `craft_matrixblocks`;


--
-- Schema for table `craft_matrixblocks`
--
CREATE TABLE `craft_matrixblocks` (
  `id` int(11) NOT NULL,
  `ownerId` int(11) NOT NULL,
  `fieldId` int(11) NOT NULL,
  `typeId` int(11) DEFAULT NULL,
  `sortOrder` smallint(6) unsigned DEFAULT NULL,
  `ownerLocale` char(12) COLLATE utf8_unicode_ci DEFAULT NULL,
  `dateCreated` datetime NOT NULL,
  `dateUpdated` datetime NOT NULL,
  `uid` char(36) COLLATE utf8_unicode_ci NOT NULL DEFAULT '0',
  PRIMARY KEY (`id`),
  KEY `craft_matrixblocks_ownerId_idx` (`ownerId`),
  KEY `craft_matrixblocks_fieldId_idx` (`fieldId`),
  KEY `craft_matrixblocks_typeId_idx` (`typeId`),
  KEY `craft_matrixblocks_sortOrder_idx` (`sortOrder`),
  KEY `craft_matrixblocks_ownerLocale_fk` (`ownerLocale`)
) ENGINE=InnoDB DEFAULT CHARSET=utf8 COLLATE=utf8_unicode_ci;

--
-- Data for table `craft_matrixblocks`
--

INSERT INTO `craft_matrixblocks` (`id`, `ownerId`, `fieldId`, `typeId`, `sortOrder`, `ownerLocale`, `dateCreated`, `dateUpdated`, `uid`) VALUES
 ('76', '60', '11', '1', '1', NULL, '2017-12-15 10:25:25', '2018-01-10 11:57:30', '60ac43c8-7b69-4ff1-abac-30f22ba256e8'),
 ('77', '60', '11', '1', '2', NULL, '2017-12-15 10:25:25', '2018-01-10 11:57:30', '1483efd6-0b66-44b7-a793-fa149b5dadb1'),
 ('166', '165', '11', '1', '1', NULL, '2017-12-17 19:48:05', '2018-01-10 13:20:51', '292d8479-2f0c-4b58-850a-914349d30c93'),
 ('167', '165', '11', '1', '2', NULL, '2017-12-17 19:48:05', '2018-01-10 13:20:51', '0ba81d53-8666-4614-9f09-c51c624f4b79'),
 ('168', '165', '11', '1', '3', NULL, '2017-12-17 19:48:05', '2018-01-10 13:20:51', 'c60187e9-e45a-4c20-bd46-42d068698808');



DROP TABLE IF EXISTS `craft_matrixblocktypes`;


--
-- Schema for table `craft_matrixblocktypes`
--
CREATE TABLE `craft_matrixblocktypes` (
  `id` int(11) NOT NULL AUTO_INCREMENT,
  `fieldId` int(11) NOT NULL,
  `fieldLayoutId` int(11) DEFAULT NULL,
  `name` varchar(255) COLLATE utf8_unicode_ci NOT NULL,
  `handle` varchar(255) COLLATE utf8_unicode_ci NOT NULL,
  `sortOrder` smallint(6) unsigned DEFAULT NULL,
  `dateCreated` datetime NOT NULL,
  `dateUpdated` datetime NOT NULL,
  `uid` char(36) COLLATE utf8_unicode_ci NOT NULL DEFAULT '0',
  PRIMARY KEY (`id`),
  UNIQUE KEY `craft_matrixblocktypes_name_fieldId_unq_idx` (`name`,`fieldId`),
  UNIQUE KEY `craft_matrixblocktypes_handle_fieldId_unq_idx` (`handle`,`fieldId`),
  KEY `craft_matrixblocktypes_fieldId_fk` (`fieldId`),
  KEY `craft_matrixblocktypes_fieldLayoutId_fk` (`fieldLayoutId`)
) ENGINE=InnoDB AUTO_INCREMENT=2 DEFAULT CHARSET=utf8 COLLATE=utf8_unicode_ci;

--
-- Data for table `craft_matrixblocktypes`
--

INSERT INTO `craft_matrixblocktypes` (`id`, `fieldId`, `fieldLayoutId`, `name`, `handle`, `sortOrder`, `dateCreated`, `dateUpdated`, `uid`) VALUES
 ('1', '11', '14', 'Link', 'link', '1', '2017-09-15 10:00:40', '2017-09-15 10:00:40', '1b32c10d-22f9-4566-b70a-e2c49998bf57');



DROP TABLE IF EXISTS `craft_matrixcontent_customintrolinks`;


--
-- Schema for table `craft_matrixcontent_customintrolinks`
--
CREATE TABLE `craft_matrixcontent_customintrolinks` (
  `id` int(11) NOT NULL AUTO_INCREMENT,
  `elementId` int(11) NOT NULL,
  `locale` char(12) COLLATE utf8_unicode_ci NOT NULL,
  `field_link_navn` text COLLATE utf8_unicode_ci,
  `field_link_externalLink` text COLLATE utf8_unicode_ci,
  `dateCreated` datetime NOT NULL,
  `dateUpdated` datetime NOT NULL,
  `uid` char(36) COLLATE utf8_unicode_ci NOT NULL DEFAULT '0',
  PRIMARY KEY (`id`),
  UNIQUE KEY `craft_matrixcontent_customintrolinks_elementId_locale_unq_idx` (`elementId`,`locale`),
  KEY `craft_matrixcontent_customintrolinks_locale_fk` (`locale`)
) ENGINE=InnoDB AUTO_INCREMENT=11 DEFAULT CHARSET=utf8 COLLATE=utf8_unicode_ci;

--
-- Data for table `craft_matrixcontent_customintrolinks`
--

INSERT INTO `craft_matrixcontent_customintrolinks` (`id`, `elementId`, `locale`, `field_link_navn`, `field_link_externalLink`, `dateCreated`, `dateUpdated`, `uid`) VALUES
 ('6', '76', 'en', 'Historier fra Credo', 'http://credo.skogen.io/restaurant/journal', '2017-12-15 10:25:25', '2018-01-10 11:57:30', '9f0a588b-9ec3-499a-9044-2374925214d4'),
 ('7', '77', 'en', 'Lær om vår filosofi', '', '2017-12-15 10:25:25', '2018-01-10 11:57:30', '5bef8224-c30e-4c3d-ac7c-dfb5cf628b97'),
 ('8', '166', 'en', 'Lunsj meny', '', '2017-12-17 19:48:05', '2018-01-10 13:20:51', 'dc179a84-c5da-46db-adbf-6ea562f9c7c6'),
 ('9', '167', 'en', 'Kvelds meny', '', '2017-12-17 19:48:05', '2018-01-10 13:20:51', '386c8136-4c4f-496e-b163-52c7fb3d5d85'),
 ('10', '168', 'en', 'Vin meny', '', '2017-12-17 19:48:05', '2018-01-10 13:20:51', 'a4f6f120-df5b-4dd5-b6b3-7e852d2d095c');



DROP TABLE IF EXISTS `craft_migrations`;


--
-- Schema for table `craft_migrations`
--
CREATE TABLE `craft_migrations` (
  `id` int(11) NOT NULL AUTO_INCREMENT,
  `pluginId` int(11) DEFAULT NULL,
  `version` varchar(255) COLLATE utf8_unicode_ci NOT NULL,
  `applyTime` datetime NOT NULL,
  `dateCreated` datetime NOT NULL,
  `dateUpdated` datetime NOT NULL,
  `uid` char(36) COLLATE utf8_unicode_ci NOT NULL DEFAULT '0',
  PRIMARY KEY (`id`),
  UNIQUE KEY `craft_migrations_version_unq_idx` (`version`),
  KEY `craft_migrations_pluginId_fk` (`pluginId`)
) ENGINE=InnoDB AUTO_INCREMENT=53 DEFAULT CHARSET=utf8 COLLATE=utf8_unicode_ci;

--
-- Data for table `craft_migrations`
--

INSERT INTO `craft_migrations` (`id`, `pluginId`, `version`, `applyTime`, `dateCreated`, `dateUpdated`, `uid`) VALUES
 ('1', NULL, 'm000000_000000_base', '2017-09-15 09:15:39', '2017-09-15 09:15:39', '2017-09-15 09:15:39', '7d0ad9a4-c7f7-4840-a16c-17e19c7153df'),
 ('2', NULL, 'm140730_000001_add_filename_and_format_to_transformindex', '2017-09-15 09:15:39', '2017-09-15 09:15:39', '2017-09-15 09:15:39', 'fa947b0e-935c-4348-afcc-11c5487e2fb2'),
 ('3', NULL, 'm140815_000001_add_format_to_transforms', '2017-09-15 09:15:39', '2017-09-15 09:15:39', '2017-09-15 09:15:39', '956e116e-1553-493e-ac43-15731bd3d2bb'),
 ('4', NULL, 'm140822_000001_allow_more_than_128_items_per_field', '2017-09-15 09:15:39', '2017-09-15 09:15:39', '2017-09-15 09:15:39', 'e6652bba-60d5-4309-a562-5304c96cd81b'),
 ('5', NULL, 'm140829_000001_single_title_formats', '2017-09-15 09:15:39', '2017-09-15 09:15:39', '2017-09-15 09:15:39', '1c7aefa5-68a9-4696-86d4-82b50982bf3a'),
 ('6', NULL, 'm140831_000001_extended_cache_keys', '2017-09-15 09:15:39', '2017-09-15 09:15:39', '2017-09-15 09:15:39', 'd74e8615-41cf-4768-9e82-e961b3f6096d'),
 ('7', NULL, 'm140922_000001_delete_orphaned_matrix_blocks', '2017-09-15 09:15:39', '2017-09-15 09:15:39', '2017-09-15 09:15:39', '9ca96d0f-b2fd-4b82-9f2e-5c9c61931737'),
 ('8', NULL, 'm141008_000001_elements_index_tune', '2017-09-15 09:15:39', '2017-09-15 09:15:39', '2017-09-15 09:15:39', '67823190-727f-40c9-a2e4-44e8a7463639'),
 ('9', NULL, 'm141009_000001_assets_source_handle', '2017-09-15 09:15:39', '2017-09-15 09:15:39', '2017-09-15 09:15:39', '9981fb58-857e-49b2-8935-7bf1725e4aec'),
 ('10', NULL, 'm141024_000001_field_layout_tabs', '2017-09-15 09:15:39', '2017-09-15 09:15:39', '2017-09-15 09:15:39', '10b8aa84-a032-45ce-be63-05ecf2798080'),
 ('11', NULL, 'm141030_000000_plugin_schema_versions', '2017-09-15 09:15:39', '2017-09-15 09:15:39', '2017-09-15 09:15:39', 'b5996363-2a7d-4b1c-8cfc-fff8b9224f79'),
 ('12', NULL, 'm141030_000001_drop_structure_move_permission', '2017-09-15 09:15:39', '2017-09-15 09:15:39', '2017-09-15 09:15:39', 'cf93c33d-db5c-4966-a9fb-f473f2147cf8'),
 ('13', NULL, 'm141103_000001_tag_titles', '2017-09-15 09:15:39', '2017-09-15 09:15:39', '2017-09-15 09:15:39', '1a7dd6fb-49fa-4030-9367-45438ff59af0'),
 ('14', NULL, 'm141109_000001_user_status_shuffle', '2017-09-15 09:15:39', '2017-09-15 09:15:39', '2017-09-15 09:15:39', 'ab507ec8-1794-4893-9604-92243add656f'),
 ('15', NULL, 'm141126_000001_user_week_start_day', '2017-09-15 09:15:39', '2017-09-15 09:15:39', '2017-09-15 09:15:39', 'df40be04-7e08-4424-83a7-79e3f5f17bbc'),
 ('16', NULL, 'm150210_000001_adjust_user_photo_size', '2017-09-15 09:15:39', '2017-09-15 09:15:39', '2017-09-15 09:15:39', 'ce975f6a-b780-448b-a9c9-d5e396d3b3a2'),
 ('17', NULL, 'm150724_000001_adjust_quality_settings', '2017-09-15 09:15:39', '2017-09-15 09:15:39', '2017-09-15 09:15:39', 'a7548b69-ce24-4e65-90f3-68d54a76b12f'),
 ('18', NULL, 'm150827_000000_element_index_settings', '2017-09-15 09:15:39', '2017-09-15 09:15:39', '2017-09-15 09:15:39', '85a0a7b7-1c35-4f42-a4b0-8c4d09c92093'),
 ('19', NULL, 'm150918_000001_add_colspan_to_widgets', '2017-09-15 09:15:39', '2017-09-15 09:15:39', '2017-09-15 09:15:39', 'd70ca3dc-2a19-46dd-990f-7f4f03f4df3c'),
 ('20', NULL, 'm151007_000000_clear_asset_caches', '2017-09-15 09:15:39', '2017-09-15 09:15:39', '2017-09-15 09:15:39', '2e8a148b-f57a-4b63-8665-471a69fb5954'),
 ('21', NULL, 'm151109_000000_text_url_formats', '2017-09-15 09:15:39', '2017-09-15 09:15:39', '2017-09-15 09:15:39', '1a90f371-a3db-4132-9701-055820415230'),
 ('22', NULL, 'm151110_000000_move_logo', '2017-09-15 09:15:39', '2017-09-15 09:15:39', '2017-09-15 09:15:39', 'a57e52ba-f5fd-4e52-a3c5-248bb7a7cb73'),
 ('23', NULL, 'm151117_000000_adjust_image_widthheight', '2017-09-15 09:15:39', '2017-09-15 09:15:39', '2017-09-15 09:15:39', '9eff5a0e-04f4-4d1f-8072-631a3ac383a8'),
 ('24', NULL, 'm151127_000000_clear_license_key_status', '2017-09-15 09:15:39', '2017-09-15 09:15:39', '2017-09-15 09:15:39', 'd1be2c18-7f9e-4c37-95d5-bee3a4887e98'),
 ('25', NULL, 'm151127_000000_plugin_license_keys', '2017-09-15 09:15:39', '2017-09-15 09:15:39', '2017-09-15 09:15:39', '0379e633-60e1-470b-9bf8-cc1ad99e440a'),
 ('26', NULL, 'm151130_000000_update_pt_widget_feeds', '2017-09-15 09:15:39', '2017-09-15 09:15:39', '2017-09-15 09:15:39', '2d18a9c9-99d6-43da-b602-21b07c6891e4'),
 ('27', NULL, 'm160114_000000_asset_sources_public_url_default_true', '2017-09-15 09:15:39', '2017-09-15 09:15:39', '2017-09-15 09:15:39', '0446307f-d340-4381-be2b-875650a10c9a'),
 ('28', NULL, 'm160223_000000_sortorder_to_smallint', '2017-09-15 09:15:39', '2017-09-15 09:15:39', '2017-09-15 09:15:39', 'f457b216-cd9e-455d-b5e7-b64d9551a28f'),
 ('29', NULL, 'm160229_000000_set_default_entry_statuses', '2017-09-15 09:15:39', '2017-09-15 09:15:39', '2017-09-15 09:15:39', '6259831f-9923-42a6-8fb1-3936342af3fb'),
 ('30', NULL, 'm160304_000000_client_permissions', '2017-09-15 09:15:39', '2017-09-15 09:15:39', '2017-09-15 09:15:39', 'cf34525c-cc75-47fe-a1fa-58bc5dcc1290'),
 ('31', NULL, 'm160322_000000_asset_filesize', '2017-09-15 09:15:39', '2017-09-15 09:15:39', '2017-09-15 09:15:39', '710cbeb9-834e-4d23-8f7f-5361c569401d'),
 ('32', NULL, 'm160503_000000_orphaned_fieldlayouts', '2017-09-15 09:15:39', '2017-09-15 09:15:39', '2017-09-15 09:15:39', '705031af-7426-4df7-9f80-8901a8aceacb'),
 ('33', NULL, 'm160510_000000_tasksettings', '2017-09-15 09:15:39', '2017-09-15 09:15:40', '2017-09-15 09:15:40', '7c3b0f48-eecc-421f-ba26-a2242f318cd2'),
 ('34', NULL, 'm160829_000000_pending_user_content_cleanup', '2017-09-15 09:15:39', '2017-09-15 09:15:40', '2017-09-15 09:15:40', 'b62f8e66-797d-46b0-84ce-6c1f6bbf99a2'),
 ('35', NULL, 'm160830_000000_asset_index_uri_increase', '2017-09-15 09:15:39', '2017-09-15 09:15:40', '2017-09-15 09:15:40', '1df03ca1-2955-4509-90d4-b1139f07fac3'),
 ('36', NULL, 'm160919_000000_usergroup_handle_title_unique', '2017-09-15 09:15:39', '2017-09-15 09:15:40', '2017-09-15 09:15:40', '7f0e11f9-1109-43b6-89b7-3815690109d8'),
 ('37', NULL, 'm161108_000000_new_version_format', '2017-09-15 09:15:39', '2017-09-15 09:15:40', '2017-09-15 09:15:40', 'ee429928-f68a-4d3c-aaa4-586f6d5fe6ba'),
 ('38', NULL, 'm161109_000000_index_shuffle', '2017-09-15 09:15:39', '2017-09-15 09:15:40', '2017-09-15 09:15:40', '6099369b-1ff8-4341-a208-2c942e7bdbee'),
 ('39', NULL, 'm170612_000000_route_index_shuffle', '2017-09-15 09:15:39', '2017-09-15 09:15:40', '2017-09-15 09:15:40', '73eb0a2f-29e5-4b81-b3f5-228efd532065'),
 ('40', '2', 'm150314_144609_cpNav_addUrlSupport', '2017-09-15 09:17:50', '2017-09-15 09:17:50', '2017-09-15 09:17:50', 'f4b11925-04b4-4427-a870-6d211c3950ca'),
 ('41', '2', 'm150314_144610_cpNav_addPrevUrlSupport', '2017-09-15 09:17:50', '2017-09-15 09:17:50', '2017-09-15 09:17:50', 'bd9fce63-2229-4b28-8da6-a19b0564d1af'),
 ('42', '2', 'm150314_144611_cpNav_addManualNavItemSupport', '2017-09-15 09:17:50', '2017-09-15 09:17:50', '2017-09-15 09:17:50', '42a5b429-f6c9-4163-a4ff-6dffdf65d128'),
 ('43', '2', 'm150314_144615_cpNav_layouts', '2017-09-15 09:17:50', '2017-09-15 09:17:50', '2017-09-15 09:17:50', '753cf5a0-6f49-43af-9ffe-af944c913857'),
 ('44', '2', 'm150321_144616_cpNav_newWindow', '2017-09-15 09:17:50', '2017-09-15 09:17:50', '2017-09-15 09:17:50', '7d6e94c1-fb94-4ac8-82d8-6c0c9a30dc36'),
 ('45', '2', 'm151126_144611_cpNav_addIconSupport', '2017-09-15 09:17:50', '2017-09-15 09:17:50', '2017-09-15 09:17:50', 'e9b9fdbe-953d-47ab-9c20-9a269233dab1'),
 ('46', '2', 'm151224_144611_cpNav_populateIcons', '2017-09-15 09:17:50', '2017-09-15 09:17:50', '2017-09-15 09:17:50', '56a49979-4052-4350-97c8-40d1d791c8dd'),
 ('47', '2', 'm160625_000000_cpNav_addCustomIconSupport', '2017-09-15 09:17:50', '2017-09-15 09:17:50', '2017-09-15 09:17:50', '648c978a-c2ab-43d9-99a7-c02ae0ef6f2d'),
 ('48', '3', 'm160428_202308_Neo_UpdateBlockLevels', '2017-09-15 09:17:51', '2017-09-15 09:17:51', '2017-09-15 09:17:51', 'ae508d3e-9682-41ad-83d7-a45f1fcb8f22'),
 ('49', '3', 'm160515_005002_Neo_UpdateBlockStructure', '2017-09-15 09:17:51', '2017-09-15 09:17:51', '2017-09-15 09:17:51', 'a5c31b95-d5f0-43da-a7d8-18139849ee4d'),
 ('50', '3', 'm160605_191540_Neo_UpdateBlockStructureLocales', '2017-09-15 09:17:51', '2017-09-15 09:17:51', '2017-09-15 09:17:51', 'f2d0e24e-783c-44b0-8bc0-4ab79853b174'),
 ('51', '3', 'm161029_230849_Neo_AddMaxChildBlocksSetting', '2017-09-15 09:17:51', '2017-09-15 09:17:51', '2017-09-15 09:17:51', '65451d07-58c8-4103-9a6e-c3067513f391'),
 ('52', '4', 'm160117_000000_reasons_addFieldLayoutIdColumn', '2017-09-15 09:17:53', '2017-09-15 09:17:53', '2017-09-15 09:17:53', 'fe79a471-15c3-4d3b-ac29-af8d312e8dc0');



DROP TABLE IF EXISTS `craft_neoblocks`;


--
-- Schema for table `craft_neoblocks`
--
CREATE TABLE `craft_neoblocks` (
  `id` int(11) NOT NULL,
  `ownerId` int(11) NOT NULL,
  `fieldId` int(11) NOT NULL,
  `typeId` int(11) DEFAULT NULL,
  `collapsed` tinyint(1) unsigned NOT NULL DEFAULT '0',
  `ownerLocale` char(12) COLLATE utf8_unicode_ci DEFAULT NULL,
  `dateCreated` datetime NOT NULL,
  `dateUpdated` datetime NOT NULL,
  `uid` char(36) COLLATE utf8_unicode_ci NOT NULL DEFAULT '0',
  PRIMARY KEY (`id`),
  KEY `craft_neoblocks_ownerId_idx` (`ownerId`),
  KEY `craft_neoblocks_fieldId_idx` (`fieldId`),
  KEY `craft_neoblocks_typeId_idx` (`typeId`),
  KEY `craft_neoblocks_collapsed_idx` (`collapsed`),
  KEY `craft_neoblocks_ownerLocale_fk` (`ownerLocale`)
) ENGINE=InnoDB DEFAULT CHARSET=utf8 COLLATE=utf8_unicode_ci;

--
-- Data for table `craft_neoblocks`
--

INSERT INTO `craft_neoblocks` (`id`, `ownerId`, `fieldId`, `typeId`, `collapsed`, `ownerLocale`, `dateCreated`, `dateUpdated`, `uid`) VALUES
 ('53', '12', '3', '4', '0', NULL, '2017-09-21 09:53:14', '2017-12-17 19:33:54', '423ba705-29cd-47ed-b5a9-be76e88205cb'),
 ('56', '55', '3', '7', '0', NULL, '2017-09-21 10:14:10', '2017-09-21 10:14:10', 'cf81b40c-1287-4e8f-8c47-2e8c2a0d9250'),
 ('60', '7', '3', '2', '1', NULL, '2017-09-21 11:48:20', '2018-01-10 11:57:30', '89644232-4465-4486-9106-1e96b2c8130f'),
 ('62', '7', '3', '3', '0', NULL, '2017-09-21 11:48:20', '2018-01-10 11:57:30', '831e20ee-27b5-4b0d-9283-705884589eb4'),
 ('74', '17', '3', '6', '0', NULL, '2017-09-24 07:02:20', '2018-01-10 13:27:32', '77802c95-29ee-46d2-8ad3-3589ccd0860b'),
 ('80', '7', '3', '1', '1', NULL, '2017-12-15 11:38:07', '2018-01-10 11:57:30', '1443e3e2-3146-43ac-94e6-31243c042376'),
 ('84', '83', '3', '4', '0', NULL, '2017-12-15 11:58:11', '2017-12-17 13:35:05', '639b3ed6-4374-471f-9b9c-98f7275ed784'),
 ('85', '83', '3', '8', '0', NULL, '2017-12-15 11:58:11', '2017-12-17 13:35:05', '1a413d58-246d-465c-b139-ca4408a819d6'),
 ('86', '83', '3', '7', '0', NULL, '2017-12-15 12:04:13', '2017-12-17 13:35:05', '4acf9669-f4cc-40c2-8533-c819c4d557bb'),
 ('87', '83', '3', '6', '0', NULL, '2017-12-15 12:04:13', '2017-12-17 13:35:05', '77b34dbb-b052-4186-88c2-0b4f1efc63a0'),
 ('91', '90', '3', '4', '0', NULL, '2017-12-15 12:08:02', '2017-12-15 14:20:17', 'f49ff2ee-9d5e-43c2-a7d7-05517a384a10'),
 ('95', '94', '3', '4', '0', NULL, '2017-12-15 12:10:33', '2017-12-15 14:19:55', '20d1c419-bb5f-4b23-bb6a-ac7ff685359d'),
 ('97', '7', '3', '6', '0', NULL, '2017-12-15 12:12:59', '2018-01-10 11:57:30', '3cc901a0-9987-45d3-aef9-bef67fc36573'),
 ('102', '16', '3', '6', '0', NULL, '2017-12-15 12:34:47', '2018-01-10 12:12:03', '3870b73e-567c-4aea-88aa-7aac06a7f262'),
 ('103', '16', '3', '5', '1', NULL, '2017-12-15 12:34:47', '2018-01-10 12:12:03', '592fe1b1-dc1a-45b1-8885-7d97c136a710'),
 ('104', '16', '3', '4', '0', NULL, '2017-12-15 12:34:47', '2018-01-10 12:12:03', '57e57034-9efd-4758-bc93-ae64fc041d0b'),
 ('105', '16', '3', '8', '1', NULL, '2017-12-15 12:34:47', '2018-01-10 12:12:03', '06be9690-640e-42b8-a23e-988d392d62f2'),
 ('106', '16', '3', '4', '0', NULL, '2017-12-15 12:34:47', '2018-01-10 12:12:03', '79a76fd5-87ad-41fe-b76c-7f1d009a6598'),
 ('117', '69', '3', '6', '0', NULL, '2017-12-15 13:06:33', '2018-01-10 11:45:59', 'f2289fb9-b139-477d-a313-5d0acb0b8b8c'),
 ('118', '69', '3', '4', '0', NULL, '2017-12-15 13:06:34', '2018-01-10 11:45:59', '751521fb-f393-4684-9fdf-d3bb6e1113dc'),
 ('119', '69', '3', '7', '1', NULL, '2017-12-15 13:06:34', '2018-01-10 11:45:59', 'b4588af5-0d03-48b4-b5b9-685f7a3e426b'),
 ('121', '18', '3', '6', '0', NULL, '2017-12-15 13:10:47', '2018-01-10 11:46:17', '57bf4b0f-dc1b-44fb-8036-d1033b1e2acc'),
 ('123', '7', '3', '3', '1', NULL, '2017-12-15 13:48:22', '2018-01-10 11:57:30', '2b8feb17-7cba-43a2-a8d2-9d1166acd285'),
 ('124', '7', '3', '3', '1', NULL, '2017-12-15 13:48:22', '2018-01-10 11:57:30', 'a113adb9-e262-4892-bf3c-c5fed2c35e37'),
 ('133', '8', '3', '9', '0', NULL, '2017-12-15 14:45:50', '2018-01-10 13:17:26', 'b56ecf91-6ba9-4cb2-b99e-b432d5c81739'),
 ('134', '8', '3', '3', '0', NULL, '2017-12-15 14:45:50', '2018-01-10 13:17:26', 'ba3f00ef-7fb4-4e67-8d9b-53a401ade52d'),
 ('135', '8', '3', '3', '0', NULL, '2017-12-15 14:45:50', '2018-01-10 13:17:26', 'e26f15bc-dce6-458a-b613-9b24069f00e7'),
 ('142', '9', '3', '3', '0', NULL, '2017-12-15 15:18:20', '2018-01-10 14:33:47', '6ffd691a-78f4-49cf-8fa7-94bc303a64dc'),
 ('144', '20', '3', '6', '0', NULL, '2017-12-15 15:21:00', '2017-12-17 19:00:21', 'c914125c-92d6-4a34-9f72-f1b226bce7e1'),
 ('145', '20', '3', '7', '0', NULL, '2017-12-15 15:21:00', '2017-12-17 19:00:21', 'a80b2a57-5161-4b75-9061-4bea75a5e6a0'),
 ('153', '12', '3', '6', '0', NULL, '2017-12-17 19:27:46', '2017-12-17 19:33:54', '03d9ce4a-3c31-41bb-bf47-6e84d77125d1'),
 ('154', '12', '3', '7', '0', NULL, '2017-12-17 19:27:46', '2017-12-17 19:33:54', 'c99cb01a-bbb4-460c-98ce-48bd5ac5fd11'),
 ('156', '12', '3', '4', '1', NULL, '2017-12-17 19:27:46', '2017-12-17 19:33:54', 'deeda19f-44d1-4e79-a756-fedd0f1d2b3e'),
 ('158', '12', '3', '6', '0', NULL, '2017-12-17 19:33:54', '2017-12-17 19:33:54', '57ed0b1c-39df-46f5-990c-82ffa6b2e359'),
 ('161', '10', '3', '6', '0', NULL, '2017-12-17 19:41:26', '2017-12-17 19:41:26', '2c20c9a3-a846-4a48-bd42-619b9fdef674'),
 ('162', '10', '3', '6', '0', NULL, '2017-12-17 19:41:26', '2017-12-17 19:41:26', 'cf135d44-5db9-4635-80c0-d7f378ddd2e9'),
 ('165', '68', '3', '2', '1', NULL, '2017-12-17 19:48:05', '2018-01-10 13:20:51', '3008f527-9b09-4d4e-a7cf-8773517571c4'),
 ('172', '171', '3', '4', '0', NULL, '2018-01-10 11:28:00', '2018-01-10 11:31:56', 'a84fcd8a-e95b-4d03-bb17-d64d36c44cc8'),
 ('173', '7', '3', '3', '0', NULL, '2018-01-10 11:28:31', '2018-01-10 11:57:30', '006f87a8-419e-43cc-94e6-897d6d9c41e2'),
 ('177', '9', '3', '6', '0', NULL, '2018-01-10 12:42:22', '2018-01-10 14:33:47', '0e2bf376-5034-49c3-923d-18aaf5ad25eb'),
 ('179', '8', '3', '6', '0', NULL, '2018-01-10 12:45:56', '2018-01-10 13:17:26', 'e93f4778-3436-4247-928c-0f0ef59f3570'),
 ('180', '68', '3', '6', '0', NULL, '2018-01-10 12:50:19', '2018-01-10 13:20:51', '88cbefe4-b0f2-4915-a7e3-44352265e218'),
 ('182', '68', '3', '7', '0', NULL, '2018-01-10 13:19:36', '2018-01-10 13:20:51', 'e0a0be8f-db64-4ce5-8947-3a0baf548893'),
 ('183', '68', '3', '7', '0', NULL, '2018-01-10 13:20:51', '2018-01-10 13:20:51', '8451bb2f-e2fc-4cb7-a2df-f6278ae1be8e'),
 ('184', '68', '3', '7', '0', NULL, '2018-01-10 13:20:51', '2018-01-10 13:20:51', '5846b0d0-497d-4c69-b571-7ed489b66b22'),
 ('185', '22', '3', '6', '0', NULL, '2018-01-10 13:22:13', '2018-01-10 13:22:13', 'd832381f-6a6c-47f4-ac8c-e51b6e20b320'),
 ('186', '13', '3', '6', '0', NULL, '2018-01-10 13:23:24', '2018-01-10 13:23:24', '19c90810-7f79-4126-86b0-77beb23765a0'),
 ('190', '189', '3', '7', '0', NULL, '2018-01-10 14:07:06', '2018-01-10 14:07:06', '6313b1f6-91a0-44b6-b5cd-5d4e2c3144be'),
 ('193', '192', '3', '7', '0', NULL, '2018-01-10 14:08:30', '2018-01-10 14:08:30', 'f7cf6a16-a2c3-481c-88e5-896d06f7b304'),
 ('196', '195', '3', '7', '0', NULL, '2018-01-10 14:10:01', '2018-01-10 14:10:01', '0f51a380-d870-44cd-bd75-3609329c266c'),
 ('202', '201', '3', '7', '0', NULL, '2018-01-10 14:16:19', '2018-01-10 14:16:19', '81ea2aa4-f1eb-4a86-8bdc-bec53f8c4883'),
 ('203', '9', '3', '3', '0', NULL, '2018-01-10 14:32:39', '2018-01-10 14:33:47', 'd1c8ddb5-b8d6-4c13-b43e-3761fa10d28f'),
 ('204', '9', '3', '3', '0', NULL, '2018-01-10 14:32:39', '2018-01-10 14:33:47', '4181f18e-9dc7-4b40-bff6-08cbe41279f5'),
 ('205', '9', '3', '3', '0', NULL, '2018-01-10 14:32:39', '2018-01-10 14:33:47', '81be0972-e191-49c6-8d78-292cbbf4e915'),
 ('206', '9', '3', '3', '0', NULL, '2018-01-10 14:32:39', '2018-01-10 14:33:47', 'a1ed2d6b-4f61-48f7-96ba-aff1e986f636'),
 ('207', '9', '3', '3', '0', NULL, '2018-01-10 14:32:39', '2018-01-10 14:33:47', 'be15a639-bfe0-4bff-abf8-bc7f1b90641e');



DROP TABLE IF EXISTS `craft_neoblockstructures`;


--
-- Schema for table `craft_neoblockstructures`
--
CREATE TABLE `craft_neoblockstructures` (
  `id` int(11) NOT NULL AUTO_INCREMENT,
  `structureId` int(11) NOT NULL,
  `ownerId` int(11) NOT NULL,
  `fieldId` int(11) NOT NULL,
  `ownerLocale` char(12) COLLATE utf8_unicode_ci DEFAULT NULL,
  `dateCreated` datetime NOT NULL,
  `dateUpdated` datetime NOT NULL,
  `uid` char(36) COLLATE utf8_unicode_ci NOT NULL DEFAULT '0',
  PRIMARY KEY (`id`),
  KEY `craft_neoblockstructures_structureId_idx` (`structureId`),
  KEY `craft_neoblockstructures_ownerId_idx` (`ownerId`),
  KEY `craft_neoblockstructures_fieldId_idx` (`fieldId`),
  KEY `craft_neoblockstructures_ownerLocale_fk` (`ownerLocale`)
) ENGINE=InnoDB AUTO_INCREMENT=182 DEFAULT CHARSET=utf8 COLLATE=utf8_unicode_ci;

--
-- Data for table `craft_neoblockstructures`
--

INSERT INTO `craft_neoblockstructures` (`id`, `structureId`, `ownerId`, `fieldId`, `ownerLocale`, `dateCreated`, `dateUpdated`, `uid`) VALUES
 ('49', '52', '55', '3', NULL, '2017-09-21 10:14:10', '2017-09-21 10:14:10', 'e327b67f-a2ce-45d6-b1c3-1d33622c88ed'),
 ('57', '60', '14', '3', NULL, '2017-09-23 18:27:51', '2017-09-23 18:27:51', '951f9ba5-eb9a-4482-a446-674ae78f96b9'),
 ('58', '61', '21', '3', NULL, '2017-09-23 18:28:08', '2017-09-23 18:28:08', '3f5a7a38-c9cb-4a62-a7f1-9e0712798eac'),
 ('107', '110', '94', '3', NULL, '2017-12-15 14:19:55', '2017-12-15 14:19:55', 'c579f7dc-2852-4ce0-a1bd-ee2f3a1b2529'),
 ('108', '111', '90', '3', NULL, '2017-12-15 14:20:17', '2017-12-15 14:20:17', 'ae5f215d-6ec6-47d7-90dc-f6bbfe47a753'),
 ('112', '115', '141', '3', NULL, '2017-12-15 15:17:50', '2017-12-15 15:17:50', '115a17ba-34e2-4770-94d9-d62cada97ceb'),
 ('123', '126', '83', '3', NULL, '2017-12-17 13:35:05', '2017-12-17 13:35:05', 'ada74f14-3515-4212-b600-b2d77d3a302f'),
 ('125', '128', '20', '3', NULL, '2017-12-17 19:00:21', '2017-12-17 19:00:21', 'b4ba9823-159a-4074-9a18-cc71ac1a5852'),
 ('127', '130', '12', '3', NULL, '2017-12-17 19:33:54', '2017-12-17 19:33:54', '0b22b7d6-f23d-4ef8-9ff6-af2bb8c2299a'),
 ('128', '131', '10', '3', NULL, '2017-12-17 19:41:26', '2017-12-17 19:41:26', 'c15e1fe6-dd5a-4909-bd26-c149961311b6'),
 ('142', '145', '171', '3', NULL, '2018-01-10 11:31:56', '2018-01-10 11:31:56', 'ab5b2717-036f-41ca-91d8-d96908c03873'),
 ('150', '153', '69', '3', NULL, '2018-01-10 11:45:59', '2018-01-10 11:45:59', '59f7a7b3-69d1-4f75-95ef-5107103af2b5'),
 ('151', '154', '18', '3', NULL, '2018-01-10 11:46:17', '2018-01-10 11:46:17', 'a9cd247d-9725-4dff-9d5a-6add8c93f60d'),
 ('152', '155', '7', '3', NULL, '2018-01-10 11:57:30', '2018-01-10 11:57:30', '2504c4cf-d6a6-40d5-aea0-590a6e64f65c'),
 ('156', '159', '16', '3', NULL, '2018-01-10 12:12:03', '2018-01-10 12:12:03', 'ef19a78e-6d46-4126-9889-f913168f6869'),
 ('167', '170', '8', '3', NULL, '2018-01-10 13:17:26', '2018-01-10 13:17:26', 'c7bd17fb-e836-4623-aeab-72e45d7b0ae0'),
 ('170', '173', '68', '3', NULL, '2018-01-10 13:20:51', '2018-01-10 13:20:51', '61b9dd8a-431f-457e-91ba-d085859705f1'),
 ('171', '174', '22', '3', NULL, '2018-01-10 13:22:13', '2018-01-10 13:22:13', '08dd075e-4a89-4ce0-89a7-6a9a370426f7'),
 ('172', '175', '13', '3', NULL, '2018-01-10 13:23:24', '2018-01-10 13:23:24', '17b2f8e1-9bf2-4320-962b-35d618b85a24'),
 ('173', '176', '17', '3', NULL, '2018-01-10 13:27:32', '2018-01-10 13:27:32', 'cc4b982c-4b18-4eee-abc6-72d1ebcf52d0'),
 ('174', '177', '189', '3', NULL, '2018-01-10 14:07:06', '2018-01-10 14:07:06', '0b9ae682-a72b-4fd9-a604-650f0be93104'),
 ('175', '178', '192', '3', NULL, '2018-01-10 14:08:30', '2018-01-10 14:08:30', '9b5a772a-5db6-4e58-ac10-728276986dda'),
 ('176', '179', '195', '3', NULL, '2018-01-10 14:10:01', '2018-01-10 14:10:01', '75c6216e-d962-4cae-8256-7e22b3080560'),
 ('178', '181', '198', '3', NULL, '2018-01-10 14:12:30', '2018-01-10 14:12:30', 'f3750af4-9fa2-4c60-8b21-e615f2d737aa'),
 ('179', '182', '201', '3', NULL, '2018-01-10 14:16:19', '2018-01-10 14:16:19', 'adae6ad6-95a4-491b-8f7b-07a806f9e068'),
 ('181', '184', '9', '3', NULL, '2018-01-10 14:33:47', '2018-01-10 14:33:47', '35864c5f-23e0-4231-90d9-dbeaac7f2e99');



DROP TABLE IF EXISTS `craft_neoblocktypes`;


--
-- Schema for table `craft_neoblocktypes`
--
CREATE TABLE `craft_neoblocktypes` (
  `id` int(11) NOT NULL AUTO_INCREMENT,
  `fieldId` int(11) NOT NULL,
  `fieldLayoutId` int(11) DEFAULT NULL,
  `name` varchar(255) COLLATE utf8_unicode_ci NOT NULL,
  `handle` varchar(255) COLLATE utf8_unicode_ci NOT NULL,
  `maxBlocks` int(10) DEFAULT '0',
  `maxChildBlocks` int(10) DEFAULT '0',
  `childBlocks` text COLLATE utf8_unicode_ci,
  `topLevel` tinyint(1) unsigned NOT NULL DEFAULT '1',
  `sortOrder` smallint(6) unsigned DEFAULT NULL,
  `dateCreated` datetime NOT NULL,
  `dateUpdated` datetime NOT NULL,
  `uid` char(36) COLLATE utf8_unicode_ci NOT NULL DEFAULT '0',
  PRIMARY KEY (`id`),
  UNIQUE KEY `craft_neoblocktypes_name_fieldId_unq_idx` (`name`,`fieldId`),
  UNIQUE KEY `craft_neoblocktypes_handle_fieldId_unq_idx` (`handle`,`fieldId`),
  KEY `craft_neoblocktypes_fieldId_fk` (`fieldId`),
  KEY `craft_neoblocktypes_fieldLayoutId_fk` (`fieldLayoutId`)
) ENGINE=InnoDB AUTO_INCREMENT=10 DEFAULT CHARSET=utf8 COLLATE=utf8_unicode_ci;

--
-- Data for table `craft_neoblocktypes`
--

INSERT INTO `craft_neoblocktypes` (`id`, `fieldId`, `fieldLayoutId`, `name`, `handle`, `maxBlocks`, `maxChildBlocks`, `childBlocks`, `topLevel`, `sortOrder`, `dateCreated`, `dateUpdated`, `uid`) VALUES
 ('1', '3', '103', 'Introbokser', 'introBoxes', NULL, NULL, '', '1', '2', '2017-09-15 09:23:07', '2018-01-10 11:57:19', '19fcb817-9dbb-44b3-a8b3-1b5e5230dee2'),
 ('2', '3', '104', 'Introlinker', 'introLinks', NULL, NULL, '', '1', '3', '2017-09-15 09:23:56', '2018-01-10 11:57:19', '9735d030-b799-4abf-9d69-2b0d28503e65'),
 ('3', '3', '110', 'Journal', 'journal', NULL, NULL, '', '1', '10', '2017-09-15 10:02:21', '2018-01-10 11:57:19', '2b924d6b-553e-40d6-85f5-e702f9aad41f'),
 ('4', '3', '108', 'Bilde med tekst', 'imageWithText', NULL, NULL, '', '1', '8', '2017-09-15 10:06:57', '2018-01-10 11:57:19', '0c645b0c-bb48-4d47-8c95-28753c64f6ec'),
 ('5', '3', '111', 'Sitat', 'textQuote', NULL, NULL, '', '1', '11', '2017-09-15 10:06:57', '2018-01-10 11:57:19', '9db073ca-4b9f-4424-a4d6-decd9e8ddebe'),
 ('6', '3', '109', 'Heldekkende bilde med tekst', 'imageFullWidth', NULL, NULL, '', '1', '9', '2017-09-15 10:06:57', '2018-01-10 11:57:19', '40191e38-ffeb-4c00-b237-d6685f13b9b0'),
 ('7', '3', '106', 'Bare tekst', 'text', NULL, NULL, '', '1', '6', '2017-09-15 10:08:32', '2018-01-10 11:57:19', '6516ecd6-0714-48c2-92bf-9636679a81df'),
 ('8', '3', '107', 'Bare bilde', 'image', NULL, NULL, '', '1', '7', '2017-09-20 12:40:09', '2018-01-10 11:57:19', '8190279a-305b-4b87-b642-3d8d9a08043b'),
 ('9', '3', '105', 'Intro med åpningstider', 'introWithOpeningHours', NULL, NULL, '', '1', '4', '2017-09-20 12:40:09', '2018-01-10 11:57:19', 'da34e802-64fc-4a5b-be15-da3e9e40b054');



DROP TABLE IF EXISTS `craft_neogroups`;


--
-- Schema for table `craft_neogroups`
--
CREATE TABLE `craft_neogroups` (
  `id` int(11) NOT NULL AUTO_INCREMENT,
  `fieldId` int(11) NOT NULL,
  `name` varchar(255) COLLATE utf8_unicode_ci DEFAULT NULL,
  `sortOrder` smallint(6) unsigned DEFAULT NULL,
  `dateCreated` datetime NOT NULL,
  `dateUpdated` datetime NOT NULL,
  `uid` char(36) COLLATE utf8_unicode_ci NOT NULL DEFAULT '0',
  PRIMARY KEY (`id`),
  KEY `craft_neogroups_fieldId_fk` (`fieldId`)
) ENGINE=InnoDB AUTO_INCREMENT=19 DEFAULT CHARSET=utf8 COLLATE=utf8_unicode_ci;

--
-- Data for table `craft_neogroups`
--

INSERT INTO `craft_neogroups` (`id`, `fieldId`, `name`, `sortOrder`, `dateCreated`, `dateUpdated`, `uid`) VALUES
 ('17', '3', 'Intro', '1', '2018-01-10 11:57:19', '2018-01-10 11:57:19', 'a8814daa-4a26-4b2d-82be-8193558c246f'),
 ('18', '3', 'Tekst / bilde', '5', '2018-01-10 11:57:19', '2018-01-10 11:57:19', '18d7fd23-4007-447a-9a4b-d3e21250c793');



DROP TABLE IF EXISTS `craft_plugins`;


--
-- Schema for table `craft_plugins`
--
CREATE TABLE `craft_plugins` (
  `id` int(11) NOT NULL AUTO_INCREMENT,
  `class` varchar(150) COLLATE utf8_unicode_ci NOT NULL,
  `version` varchar(15) COLLATE utf8_unicode_ci NOT NULL,
  `schemaVersion` varchar(15) COLLATE utf8_unicode_ci DEFAULT NULL,
  `licenseKey` char(24) COLLATE utf8_unicode_ci DEFAULT NULL,
  `licenseKeyStatus` enum('valid','invalid','mismatched','unknown') COLLATE utf8_unicode_ci NOT NULL DEFAULT 'unknown',
  `enabled` tinyint(1) unsigned NOT NULL DEFAULT '0',
  `settings` text COLLATE utf8_unicode_ci,
  `installDate` datetime NOT NULL,
  `dateCreated` datetime NOT NULL,
  `dateUpdated` datetime NOT NULL,
  `uid` char(36) COLLATE utf8_unicode_ci NOT NULL DEFAULT '0',
  PRIMARY KEY (`id`)
) ENGINE=InnoDB AUTO_INCREMENT=8 DEFAULT CHARSET=utf8 COLLATE=utf8_unicode_ci;

--
-- Data for table `craft_plugins`
--

INSERT INTO `craft_plugins` (`id`, `class`, `version`, `schemaVersion`, `licenseKey`, `licenseKeyStatus`, `enabled`, `settings`, `installDate`, `dateCreated`, `dateUpdated`, `uid`) VALUES
 ('1', 'ButtonBox', '1.3.2', NULL, NULL, 'unknown', '1', NULL, '2017-09-15 09:17:48', '2017-09-15 09:17:48', '2018-01-09 21:35:32', '4015ceaf-b271-4016-bd71-f4d8935cf60d'),
 ('2', 'CpNav', '1.7.7', '1.1.0', NULL, 'unknown', '1', NULL, '2017-09-15 09:17:50', '2017-09-15 09:17:50', '2018-01-09 21:35:32', '548f6500-46eb-49f0-93be-5abf4d58993d'),
 ('3', 'Neo', '1.4.1', '1.4.1', NULL, 'unknown', '1', NULL, '2017-09-15 09:17:51', '2017-09-15 09:17:51', '2018-01-09 21:35:32', 'cb89b178-6be4-4644-8d37-22c351cfab62'),
 ('4', 'Reasons', '1.0.10', '1.1', NULL, 'unknown', '1', NULL, '2017-09-15 09:17:53', '2017-09-15 09:17:53', '2018-01-09 21:35:32', '2bbe2126-e2c0-46cc-a5b0-67dd42e134c9'),
 ('5', 'redactorExtras', '1.3.2', NULL, NULL, 'unknown', '1', NULL, '2017-09-15 09:17:55', '2017-09-15 09:17:55', '2018-01-09 21:35:32', '415b8a86-3549-49f2-b29f-42d80baed5ef'),
 ('6', 'Relabel', '0.1.3', '1.0.0', NULL, 'unknown', '1', NULL, '2017-09-15 09:17:57', '2017-09-15 09:17:57', '2018-01-09 21:35:32', '0bb83548-76d0-4b99-a0ac-ae11538324b3'),
 ('7', 'Imager', '1.6.4', '1.0.0', NULL, 'unknown', '1', NULL, '2017-12-18 10:06:24', '2017-12-18 10:06:24', '2018-01-09 21:35:32', 'c844c6d5-7204-4530-8a74-6c72135b5856');



DROP TABLE IF EXISTS `craft_rackspaceaccess`;


--
-- Schema for table `craft_rackspaceaccess`
--
CREATE TABLE `craft_rackspaceaccess` (
  `id` int(11) NOT NULL AUTO_INCREMENT,
  `connectionKey` varchar(255) COLLATE utf8_unicode_ci NOT NULL,
  `token` varchar(255) COLLATE utf8_unicode_ci NOT NULL,
  `storageUrl` varchar(255) COLLATE utf8_unicode_ci NOT NULL,
  `cdnUrl` varchar(255) COLLATE utf8_unicode_ci NOT NULL,
  `dateCreated` datetime NOT NULL,
  `dateUpdated` datetime NOT NULL,
  `uid` char(36) COLLATE utf8_unicode_ci NOT NULL DEFAULT '0',
  PRIMARY KEY (`id`),
  UNIQUE KEY `craft_rackspaceaccess_connectionKey_unq_idx` (`connectionKey`)
) ENGINE=InnoDB DEFAULT CHARSET=utf8 COLLATE=utf8_unicode_ci;

DROP TABLE IF EXISTS `craft_reasons`;


--
-- Schema for table `craft_reasons`
--
CREATE TABLE `craft_reasons` (
  `id` int(11) NOT NULL AUTO_INCREMENT,
  `fieldLayoutId` int(10) DEFAULT NULL,
  `conditionals` text COLLATE utf8_unicode_ci,
  `dateCreated` datetime NOT NULL,
  `dateUpdated` datetime NOT NULL,
  `uid` char(36) COLLATE utf8_unicode_ci NOT NULL DEFAULT '0',
  PRIMARY KEY (`id`),
  KEY `craft_reasons_fieldLayoutId_fk` (`fieldLayoutId`)
) ENGINE=InnoDB DEFAULT CHARSET=utf8 COLLATE=utf8_unicode_ci;

DROP TABLE IF EXISTS `craft_relabel`;


--
-- Schema for table `craft_relabel`
--
CREATE TABLE `craft_relabel` (
  `id` int(11) NOT NULL AUTO_INCREMENT,
  `fieldId` int(11) DEFAULT NULL,
  `fieldLayoutId` int(11) DEFAULT NULL,
  `name` varchar(255) COLLATE utf8_unicode_ci DEFAULT NULL,
  `instructions` varchar(255) COLLATE utf8_unicode_ci DEFAULT NULL,
  `dateCreated` datetime NOT NULL,
  `dateUpdated` datetime NOT NULL,
  `uid` char(36) COLLATE utf8_unicode_ci NOT NULL DEFAULT '0',
  PRIMARY KEY (`id`),
  KEY `craft_relabel_fieldId_fk` (`fieldId`),
  KEY `craft_relabel_fieldLayoutId_fk` (`fieldLayoutId`)
) ENGINE=InnoDB AUTO_INCREMENT=42 DEFAULT CHARSET=utf8 COLLATE=utf8_unicode_ci;

--
-- Data for table `craft_relabel`
--

INSERT INTO `craft_relabel` (`id`, `fieldId`, `fieldLayoutId`, `name`, `instructions`, `dateCreated`, `dateUpdated`, `uid`) VALUES
 ('35', '4', '97', 'Hovedbilde', NULL, '2017-09-20 13:18:49', '2017-09-20 13:18:49', '6fdf6b06-cd53-4884-ac15-6d571e27d592'),
 ('37', '4', '100', 'Hovedbilde', NULL, '2017-12-18 12:40:48', '2017-12-18 12:40:48', '0dd7eaf3-4573-454b-b443-a7f70da8ae44'),
 ('38', '4', '107', 'Bilde', NULL, '2018-01-10 11:57:19', '2018-01-10 11:57:19', '2ed9f8ff-313a-4e6d-ad00-c016d848c473'),
 ('39', '4', '109', 'Bilde', NULL, '2018-01-10 11:57:19', '2018-01-10 11:57:19', 'a7b86565-738e-41df-8319-62384b5d969d'),
 ('40', '4', '111', 'Bilde', NULL, '2018-01-10 11:57:19', '2018-01-10 11:57:19', '6ed403d1-641d-4576-a862-386294d87fe7'),
 ('41', '7', '111', NULL, 'For eksempel et navn', '2018-01-10 11:57:19', '2018-01-10 11:57:19', 'cf41f487-01ce-4c33-9e9a-fac3040855c0');



DROP TABLE IF EXISTS `craft_relations`;


--
-- Schema for table `craft_relations`
--
CREATE TABLE `craft_relations` (
  `id` int(11) NOT NULL AUTO_INCREMENT,
  `fieldId` int(11) NOT NULL,
  `sourceId` int(11) NOT NULL,
  `sourceLocale` char(12) COLLATE utf8_unicode_ci DEFAULT NULL,
  `targetId` int(11) NOT NULL,
  `sortOrder` smallint(6) DEFAULT NULL,
  `dateCreated` datetime NOT NULL,
  `dateUpdated` datetime NOT NULL,
  `uid` char(36) COLLATE utf8_unicode_ci NOT NULL DEFAULT '0',
  PRIMARY KEY (`id`),
  UNIQUE KEY `craft_relations_fieldId_sourceId_sourceLocale_targetId_unq_idx` (`fieldId`,`sourceId`,`sourceLocale`,`targetId`),
  KEY `craft_relations_sourceId_fk` (`sourceId`),
  KEY `craft_relations_sourceLocale_fk` (`sourceLocale`),
  KEY `craft_relations_targetId_fk` (`targetId`)
) ENGINE=InnoDB AUTO_INCREMENT=701 DEFAULT CHARSET=utf8 COLLATE=utf8_unicode_ci;

--
-- Data for table `craft_relations`
--

INSERT INTO `craft_relations` (`id`, `fieldId`, `sourceId`, `sourceLocale`, `targetId`, `sortOrder`, `dateCreated`, `dateUpdated`, `uid`) VALUES
 ('172', '17', '55', NULL, '5', '1', '2017-09-21 10:14:10', '2017-09-21 10:14:10', '9ba87df0-67ed-47ab-ad11-7fef3a58f85a'),
 ('173', '4', '55', NULL, '54', '1', '2017-09-21 10:14:10', '2017-09-21 10:14:10', '14ed0bb3-9146-43a4-9011-21fcdb7b17d7'),
 ('184', '17', '11', NULL, '5', '1', '2017-09-23 18:04:12', '2017-09-23 18:04:12', 'aad5cf26-4556-48f1-9f91-d9db1a6b9eb1'),
 ('185', '17', '19', NULL, '6', '1', '2017-09-23 18:04:25', '2017-09-23 18:04:25', '703bab0d-f871-48d7-9667-06d99a4a47dc'),
 ('190', '17', '15', NULL, '4', '1', '2017-12-11 12:22:08', '2017-12-11 12:22:08', '31e52be1-fe1b-4e04-8b4f-a0c32034ed0d'),
 ('393', '17', '94', NULL, '4', '1', '2017-12-15 14:19:55', '2017-12-15 14:19:55', '214c9051-f35a-4d0f-9cc5-8248eb170349'),
 ('394', '4', '94', NULL, '92', '1', '2017-12-15 14:19:55', '2017-12-15 14:19:55', 'abdeb45f-62d5-47d4-a929-fcb139901442'),
 ('395', '4', '95', NULL, '93', '1', '2017-12-15 14:19:55', '2017-12-15 14:19:55', 'db2ab999-d7a5-4f1b-b779-d73ff930cf91'),
 ('396', '17', '90', NULL, '4', '1', '2017-12-15 14:20:17', '2017-12-15 14:20:17', 'dba94721-b782-406a-9e02-9dd29f3cf678'),
 ('397', '4', '90', NULL, '125', '1', '2017-12-15 14:20:17', '2017-12-15 14:20:17', 'a375a725-af13-4d17-9059-6869c7374331'),
 ('398', '4', '91', NULL, '89', '1', '2017-12-15 14:20:17', '2017-12-15 14:20:17', '547b6e9c-7c9a-4c46-87cf-f03009c93d2e'),
 ('411', '17', '141', NULL, '6', '1', '2017-12-15 15:17:50', '2017-12-15 15:17:50', '24aa932a-9fbc-46df-803b-f958bc204c1f'),
 ('412', '4', '141', NULL, '120', '1', '2017-12-15 15:17:50', '2017-12-15 15:17:50', 'ba83a961-12dd-4d0e-a80b-c0c0b721307b'),
 ('474', '17', '83', NULL, '4', '1', '2017-12-17 13:35:05', '2017-12-17 13:35:05', '04578e72-83f6-4b71-ad6f-5471bc598293'),
 ('475', '17', '83', NULL, '5', '2', '2017-12-17 13:35:05', '2017-12-17 13:35:05', 'bef5c986-c511-4f63-adfa-247faee7e430'),
 ('476', '17', '83', NULL, '6', '3', '2017-12-17 13:35:05', '2017-12-17 13:35:05', '1624d0de-6c8b-4aa4-9801-8c40ef55f8da'),
 ('477', '4', '83', NULL, '81', '1', '2017-12-17 13:35:05', '2017-12-17 13:35:05', 'c5bc96a3-f019-45d2-8bc8-966813b64791'),
 ('478', '4', '84', NULL, '57', '1', '2017-12-17 13:35:05', '2017-12-17 13:35:05', '8163d646-d145-4e8b-9179-aa5ba295d1db'),
 ('479', '4', '85', NULL, '54', '1', '2017-12-17 13:35:05', '2017-12-17 13:35:05', 'd5a81941-65cb-4252-952d-0a4297e90199'),
 ('480', '4', '87', NULL, '79', '1', '2017-12-17 13:35:05', '2017-12-17 13:35:05', 'a0ab0fd9-3156-4e4a-b275-3d8b24383328'),
 ('482', '4', '144', NULL, '148', '1', '2017-12-17 19:00:21', '2017-12-17 19:00:21', '477abe2b-d2ec-46fe-aac6-42717c398f30'),
 ('487', '4', '153', NULL, '149', '1', '2017-12-17 19:33:54', '2017-12-17 19:33:54', '29100bd1-183b-4f8f-a930-f23f70f2aa9a'),
 ('488', '4', '53', NULL, '122', '1', '2017-12-17 19:33:54', '2017-12-17 19:33:54', '0d5b092e-26ac-42d5-bbf8-e4aad18da505'),
 ('489', '4', '158', NULL, '71', '1', '2017-12-17 19:33:54', '2017-12-17 19:33:54', '02ad118b-a009-4b11-bbd2-e9e513aa0730'),
 ('490', '4', '156', NULL, '152', '1', '2017-12-17 19:33:54', '2017-12-17 19:33:54', '8d7ce362-84ce-4807-82fd-9bfe9cc0c13f'),
 ('491', '4', '161', NULL, '159', '1', '2017-12-17 19:41:26', '2017-12-17 19:41:26', 'be7757ff-24ac-4c83-9c03-3a26c73f7152'),
 ('492', '4', '162', NULL, '160', '1', '2017-12-17 19:41:26', '2017-12-17 19:41:26', '7679bf1a-b580-4aa3-8787-a43713edab0d'),
 ('581', '17', '171', NULL, '4', '1', '2018-01-10 11:31:56', '2018-01-10 11:31:56', 'b97ca92e-e78d-49d0-a5a8-e9b4e7b18e17'),
 ('582', '4', '171', NULL, '174', '1', '2018-01-10 11:31:56', '2018-01-10 11:31:56', '6521acca-f0ba-42b7-850d-a4698399902c'),
 ('583', '4', '172', NULL, '101', '1', '2018-01-10 11:31:56', '2018-01-10 11:31:56', '8ea42727-eaf1-4a44-88a7-c07fbc8c7317'),
 ('632', '4', '117', NULL, '96', '1', '2018-01-10 11:45:59', '2018-01-10 11:45:59', '8bd3c24a-84cd-46c5-a704-878445aafdfb'),
 ('633', '4', '118', NULL, '88', '1', '2018-01-10 11:45:59', '2018-01-10 11:45:59', '4f8af7ad-8208-4136-8eb5-f7a9af239ecb'),
 ('634', '4', '121', NULL, '122', '1', '2018-01-10 11:46:17', '2018-01-10 11:46:17', 'bb29cd6c-178d-44df-862c-addf1912b2ba'),
 ('635', '4', '97', NULL, '82', '1', '2018-01-10 11:57:30', '2018-01-10 11:57:30', '8b2163c6-dfbb-4995-82f9-2885ea8bafe6'),
 ('636', '4', '80', NULL, '131', '1', '2018-01-10 11:57:30', '2018-01-10 11:57:30', 'a6fb33cb-c996-4ce9-99f7-636becf54d53'),
 ('637', '4', '80', NULL, '130', '2', '2018-01-10 11:57:30', '2018-01-10 11:57:30', 'c70e9d2c-5c68-4318-a2af-ef80772fae76'),
 ('638', '13', '77', NULL, '16', '1', '2018-01-10 11:57:30', '2018-01-10 11:57:30', 'bd66adf7-e6e9-42a9-bd3e-07fe4b7caca8'),
 ('639', '15', '62', NULL, '83', '1', '2018-01-10 11:57:30', '2018-01-10 11:57:30', '5f8413b7-5ab8-4ea1-8fb6-0705b8c414f1'),
 ('640', '15', '173', NULL, '171', '1', '2018-01-10 11:57:30', '2018-01-10 11:57:30', 'e5ce1d08-690b-417d-9598-9b71d659e482'),
 ('641', '15', '123', NULL, '90', '1', '2018-01-10 11:57:30', '2018-01-10 11:57:30', 'ea42f484-c073-4b84-becc-8ddef394c94d'),
 ('642', '15', '124', NULL, '94', '1', '2018-01-10 11:57:30', '2018-01-10 11:57:30', '1ab86bb2-b4cf-4ae4-abff-27b29ea575cb'),
 ('646', '4', '102', NULL, '175', '1', '2018-01-10 12:12:03', '2018-01-10 12:12:03', '836af3dd-e52c-4df7-a727-dcc1cfbbb899'),
 ('647', '4', '103', NULL, '81', '1', '2018-01-10 12:12:03', '2018-01-10 12:12:03', 'f5b37556-7615-48dd-b028-565239ffbf77'),
 ('648', '4', '104', NULL, '98', '1', '2018-01-10 12:12:03', '2018-01-10 12:12:03', '07a6e3cb-52be-45d2-84e3-2b184cad28e7'),
 ('649', '4', '105', NULL, '99', '1', '2018-01-10 12:12:03', '2018-01-10 12:12:03', '3affd99d-0e7a-42fa-bf68-c23ec9a9f7ee'),
 ('650', '4', '106', NULL, '79', '1', '2018-01-10 12:12:03', '2018-01-10 12:12:03', '64b4b2f8-e92a-4ffb-98a7-228f1b26a45c'),
 ('666', '4', '179', NULL, '181', '1', '2018-01-10 13:17:26', '2018-01-10 13:17:26', 'fb6811b4-d333-4a29-8e17-4e98cd9ffcfa'),
 ('667', '15', '134', NULL, '55', '1', '2018-01-10 13:17:26', '2018-01-10 13:17:26', 'eefc6a4c-5940-47c1-b9bb-fab6a359a6a7'),
 ('668', '15', '135', NULL, '83', '1', '2018-01-10 13:17:26', '2018-01-10 13:17:26', 'f3f5392d-07ac-4b3a-9ae9-711d89bed16c'),
 ('671', '4', '180', NULL, '163', '1', '2018-01-10 13:20:51', '2018-01-10 13:20:51', '80771e99-2581-4066-ac94-2e4b2af4eaee'),
 ('672', '4', '185', NULL, '160', '1', '2018-01-10 13:22:13', '2018-01-10 13:22:13', '9ccc29cc-88ec-4d89-b828-f32e41805a29'),
 ('673', '4', '186', NULL, '160', '1', '2018-01-10 13:23:24', '2018-01-10 13:23:24', '6318b589-801b-4c73-9e11-9c657f4183e2'),
 ('674', '4', '74', NULL, '176', '1', '2018-01-10 13:27:32', '2018-01-10 13:27:32', 'c83e1551-8b9e-4ffe-9df3-601011137636'),
 ('675', '17', '189', NULL, '6', '1', '2018-01-10 14:07:06', '2018-01-10 14:07:06', '16b2d1ee-32d5-4535-89fe-48251cc289c4'),
 ('676', '4', '189', NULL, '188', '1', '2018-01-10 14:07:06', '2018-01-10 14:07:06', 'ffe9b065-f8c4-484d-96fc-6623a7be1f4d'),
 ('677', '17', '192', NULL, '6', '1', '2018-01-10 14:08:30', '2018-01-10 14:08:30', '412ad2e0-6300-472b-a0b5-885526222dd8'),
 ('678', '4', '192', NULL, '191', '1', '2018-01-10 14:08:30', '2018-01-10 14:08:30', 'e73f2251-1266-4ab0-b2be-b9e119f50318'),
 ('679', '17', '195', NULL, '6', '1', '2018-01-10 14:10:01', '2018-01-10 14:10:01', '4de595f1-bb07-43ac-b55d-5dc39ccebbc9'),
 ('680', '4', '195', NULL, '194', '1', '2018-01-10 14:10:01', '2018-01-10 14:10:01', '48040f5b-ea43-4c55-b1cf-0b743d942ae4'),
 ('683', '17', '198', NULL, '6', '1', '2018-01-10 14:12:30', '2018-01-10 14:12:30', 'b7cf7200-00cc-4012-a1e5-5c5faeed7ad3'),
 ('684', '4', '198', NULL, '197', '1', '2018-01-10 14:12:30', '2018-01-10 14:12:30', 'faaab1a4-2471-4f03-a496-6015c50966e2'),
 ('685', '17', '201', NULL, '6', '1', '2018-01-10 14:16:19', '2018-01-10 14:16:19', '8ff81634-da30-4a01-bad7-9048eac533bb'),
 ('686', '4', '201', NULL, '200', '1', '2018-01-10 14:16:19', '2018-01-10 14:16:19', '4309eeec-0296-4251-a8bc-2b2810ccbc60'),
 ('694', '4', '177', NULL, '146', '1', '2018-01-10 14:33:47', '2018-01-10 14:33:47', 'd65313f5-d13d-4a1e-b036-300d0cd59802'),
 ('695', '15', '142', NULL, '141', '1', '2018-01-10 14:33:47', '2018-01-10 14:33:47', '9a1bea0e-ad32-4e81-8bfd-9bfa8120183d'),
 ('696', '15', '203', NULL, '189', '1', '2018-01-10 14:33:47', '2018-01-10 14:33:47', 'aae66403-1b45-4005-9814-d7200fed95e5'),
 ('697', '15', '204', NULL, '201', '1', '2018-01-10 14:33:47', '2018-01-10 14:33:47', '8787e535-ef2c-4d1c-8aea-2c87440b1c85'),
 ('698', '15', '205', NULL, '198', '1', '2018-01-10 14:33:47', '2018-01-10 14:33:47', 'dd53f38b-98a4-4ed3-9a25-98b75b6645a4'),
 ('699', '15', '206', NULL, '192', '1', '2018-01-10 14:33:47', '2018-01-10 14:33:47', '65f8b9d6-0745-49d4-8c50-897355230ffa'),
 ('700', '15', '207', NULL, '195', '1', '2018-01-10 14:33:47', '2018-01-10 14:33:47', '65187056-4ba1-4c9d-bc9b-4bd0e0f6eee7');



DROP TABLE IF EXISTS `craft_routes`;


--
-- Schema for table `craft_routes`
--
CREATE TABLE `craft_routes` (
  `id` int(11) NOT NULL AUTO_INCREMENT,
  `locale` char(12) COLLATE utf8_unicode_ci DEFAULT NULL,
  `urlParts` varchar(255) COLLATE utf8_unicode_ci NOT NULL,
  `urlPattern` varchar(255) COLLATE utf8_unicode_ci NOT NULL,
  `template` varchar(255) COLLATE utf8_unicode_ci NOT NULL,
  `sortOrder` smallint(6) unsigned DEFAULT NULL,
  `dateCreated` datetime NOT NULL,
  `dateUpdated` datetime NOT NULL,
  `uid` char(36) COLLATE utf8_unicode_ci NOT NULL DEFAULT '0',
  PRIMARY KEY (`id`),
  KEY `craft_routes_locale_idx` (`locale`),
  KEY `craft_routes_urlPattern_idx` (`urlPattern`)
) ENGINE=InnoDB DEFAULT CHARSET=utf8 COLLATE=utf8_unicode_ci;

DROP TABLE IF EXISTS `craft_searchindex`;


--
-- Schema for table `craft_searchindex`
--
CREATE TABLE `craft_searchindex` (
  `elementId` int(11) NOT NULL,
  `attribute` varchar(25) COLLATE utf8_unicode_ci NOT NULL,
  `fieldId` int(11) NOT NULL,
  `locale` char(12) COLLATE utf8_unicode_ci NOT NULL,
  `keywords` text COLLATE utf8_unicode_ci NOT NULL,
  PRIMARY KEY (`elementId`,`attribute`,`fieldId`,`locale`),
  FULLTEXT KEY `craft_searchindex_keywords_idx` (`keywords`)
) ENGINE=MyISAM DEFAULT CHARSET=utf8 COLLATE=utf8_unicode_ci;

--
-- Data for table `craft_searchindex`
--

INSERT INTO `craft_searchindex` (`elementId`, `attribute`, `fieldId`, `locale`, `keywords`) VALUES
 ('1', 'username', '0', 'en', ' magnus skogen io '),
 ('1', 'firstname', '0', 'en', ''),
 ('1', 'lastname', '0', 'en', ''),
 ('1', 'fullname', '0', 'en', ''),
 ('1', 'email', '0', 'en', ' magnus skogen io '),
 ('1', 'slug', '0', 'en', ''),
 ('19', 'slug', '0', 'en', ' journal '),
 ('14', 'title', '0', 'en', ' omtale '),
 ('15', 'slug', '0', 'en', ' journal '),
 ('15', 'title', '0', 'en', ' historier '),
 ('16', 'slug', '0', 'en', ' om oss '),
 ('16', 'title', '0', 'en', ' om oss '),
 ('17', 'slug', '0', 'en', ' kontakt '),
 ('17', 'title', '0', 'en', ' karriere '),
 ('18', 'slug', '0', 'en', ' presse '),
 ('18', 'title', '0', 'en', ' omtale '),
 ('14', 'slug', '0', 'en', ' presse '),
 ('8', 'title', '0', 'en', ' finnes '),
 ('9', 'slug', '0', 'en', ' jossa '),
 ('9', 'title', '0', 'en', ' jossa '),
 ('10', 'slug', '0', 'en', ' meny '),
 ('10', 'title', '0', 'en', ' meny '),
 ('11', 'slug', '0', 'en', ' journal '),
 ('11', 'title', '0', 'en', ' historier '),
 ('12', 'slug', '0', 'en', ' om oss '),
 ('12', 'title', '0', 'en', ' om oss '),
 ('13', 'slug', '0', 'en', ' kontakt '),
 ('13', 'title', '0', 'en', ' karriere '),
 ('8', 'slug', '0', 'en', ' finnes '),
 ('7', 'slug', '0', 'en', ' restaurant '),
 ('7', 'title', '0', 'en', ' credo '),
 ('4', 'slug', '0', 'en', ' credo '),
 ('4', 'title', '0', 'en', ' credo '),
 ('5', 'slug', '0', 'en', ' finnes '),
 ('5', 'title', '0', 'en', ' finnes '),
 ('6', 'slug', '0', 'en', ' jossa '),
 ('6', 'title', '0', 'en', ' jossa '),
 ('19', 'title', '0', 'en', ' historier '),
 ('20', 'slug', '0', 'en', ' om oss '),
 ('20', 'title', '0', 'en', ' om oss '),
 ('21', 'slug', '0', 'en', ' prsse '),
 ('21', 'title', '0', 'en', ' omtale '),
 ('22', 'slug', '0', 'en', ' kontakt '),
 ('22', 'title', '0', 'en', ' karriere '),
 ('7', 'field', '3', 'en', ''),
 ('8', 'field', '3', 'en', ''),
 ('9', 'field', '3', 'en', ''),
 ('10', 'field', '3', 'en', ''),
 ('11', 'field', '3', 'en', ''),
 ('12', 'field', '3', 'en', ''),
 ('13', 'field', '3', 'en', ''),
 ('14', 'field', '3', 'en', ''),
 ('15', 'field', '3', 'en', ''),
 ('16', 'field', '3', 'en', ''),
 ('17', 'field', '3', 'en', ''),
 ('18', 'field', '3', 'en', ''),
 ('19', 'field', '3', 'en', ''),
 ('20', 'field', '3', 'en', ''),
 ('21', 'field', '3', 'en', ''),
 ('22', 'field', '3', 'en', ''),
 ('54', 'extension', '0', 'en', ' jpg '),
 ('49', 'slug', '0', 'en', ''),
 ('50', 'username', '0', 'en', ' havard skogen io '),
 ('49', 'firstname', '0', 'en', ''),
 ('49', 'username', '0', 'en', ' aasmund skogen io '),
 ('54', 'kind', '0', 'en', ' image '),
 ('54', 'slug', '0', 'en', ' 21366932 726196667580983 5094451678688575757 o '),
 ('54', 'title', '0', 'en', ' 21366932 726196667580983 5094451678688575757 o '),
 ('51', 'kind', '0', 'en', ' image '),
 ('51', 'extension', '0', 'en', ' jpg '),
 ('51', 'filename', '0', 'en', ' 21886692_10159392533680584_1810545768_o jpg '),
 ('53', 'field', '4', 'en', ' b5 a1435 2 1 '),
 ('157', 'filename', '0', 'en', ' b5a7178 edit_171217_193252 jpg '),
 ('157', 'extension', '0', 'en', ' jpg '),
 ('51', 'slug', '0', 'en', ' 21886692 10159392533680584 1810545768 o '),
 ('51', 'title', '0', 'en', ' 21886692 10159392533680584 1810545768 o '),
 ('49', 'fullname', '0', 'en', ''),
 ('49', 'lastname', '0', 'en', ''),
 ('49', 'email', '0', 'en', ' aasmund skogen io '),
 ('157', 'kind', '0', 'en', ' image '),
 ('157', 'slug', '0', 'en', ' b5 a7178 edit '),
 ('54', 'filename', '0', 'en', ' 21366932_726196667580983_5094451678688575757_o jpg '),
 ('15', 'field', '17', 'en', ' credo '),
 ('11', 'field', '17', 'en', ' finnes '),
 ('19', 'field', '17', 'en', ' jossa '),
 ('53', 'field', '5', 'en', ' en raffinert men avslappet kafe finnes er et sted som tilbyr en meny med like stort fokus pa menneskene som maten bondene og dyrene med kjott og fisk tilberedt i samme mal mening og over samme kullgrill som credo tenk lakrismuffins surdeigsbrod andebryst stekte torskehoder og rabarbraslush '),
 ('53', 'field', '8', 'en', ' left '),
 ('53', 'slug', '0', 'en', ''),
 ('42', 'field', '6', 'en', ''),
 ('42', 'field', '5', 'en', ' lorem ipsum dolor sit amet consectetur adipiscing elit nulla placerat elit nec eleifend blandit vivamus consectetur risus at efficitur eleifend pellentesque eros magna fermentum sed eros vel convallis tempus massa vestibulum ante ipsum primis in faucibus orci luctus et ultrices posuere cubilia curae integer vitae congue ante integer ultrices nibh sem a cursus diam eleifend eu cras non tincidunt risus phasellus gravida ipsum ut ultrices iaculis tortor est vestibulum nibh vel blandit nulla sem ac ipsum proin blandit risus a mattis tristique ex ipsum convallis ex at fringilla dolor urna nec nibh phasellus vel nisl eu sem suscipit viverra ut vitae magna fusce facilisis eros at quam rutrum ac ullamcorper nunc commodo sed eget felis ligula ut interdum auctor mauris a feugiat nam in sagittis lacus a semper nisl praesent ut nulla lacus proin id justo eu lorem accumsan varius in a sem sed malesuada nunc convallis nisl convallis placerat eget a elit pellentesque elementum auctor metus eget lacinia aenean non aliquet elit sed consequat turpis maecenas condimentum ultrices lobortis mauris diam nisl facilisis non interdum sed ultricies in justo nunc aliquet volutpat augue ac dictum mauris facilisis vulputate in arcu lacus malesuada nec porta et commodo et velit curabitur magna felis pulvinar nec risus id vestibulum pulvinar lectus aenean hendrerit mattis sem ut vehicula proin sollicitudin dictum neque nec ultricies vestibulum vehicula metus et ullamcorper facilisis justo risus blandit augue sit amet maximus libero est id dui pellentesque id lorem vitae felis lobortis mattis cras dui nulla dapibus in arcu euismod elementum venenatis dolor nulla condimentum justo in purus varius ullamcorper curabitur auctor sem nisi in rhoncus tellus suscipit ut sed eu lectus felis morbi pulvinar mi non urna sodales non placerat ipsum accumsan nam risus erat condimentum vitae purus eu ultrices pellentesque massa class aptent taciti sociosqu ad litora torquent per conubia nostra per inceptos himenaeos proin nec sapien elit cras lectus justo semper ut purus sed aliquam facilisis metus proin vehicula lobortis pellentesque donec laoreet vitae odio non eleifend morbi interdum ornare tincidunt aenean consectetur luctus augue a imperdiet est bibendum sed sed dignissim in ex pretium pellentesque cras eget erat neque nullam malesuada quam massa et imperdiet sapien pellentesque id sed sit amet venenatis ipsum at bibendum ante donec consectetur urna enim in porttitor ante pulvinar quis nulla euismod nisl ac sem ullamcorper blandit mauris gravida eros eget arcu suscipit sed dignissim justo aliquam sed eu nulla volutpat elementum ligula lacinia maximus elit nullam hendrerit ultricies finibus in egestas eros magna sit amet laoreet dolor placerat vel sed viverra ex eget diam ultrices faucibus fusce et arcu quis ipsum tincidunt condimentum '),
 ('42', 'slug', '0', 'en', ''),
 ('50', 'firstname', '0', 'en', ''),
 ('50', 'lastname', '0', 'en', ''),
 ('50', 'fullname', '0', 'en', ''),
 ('50', 'email', '0', 'en', ' havard skogen io '),
 ('50', 'slug', '0', 'en', ''),
 ('55', 'field', '17', 'en', ' finnes '),
 ('55', 'field', '4', 'en', ' 21366932 726196667580983 5094451678688575757 o '),
 ('55', 'field', '10', 'en', ' finnes kafe is serving ramen again on the 21st of september and this time we ll make sure that we have enough noodles to serve everyone who visits us '),
 ('55', 'field', '3', 'en', '');
INSERT INTO `craft_searchindex` (`elementId`, `attribute`, `fieldId`, `locale`, `keywords`) VALUES
 ('55', 'field', '16', 'en', ' 0 '),
 ('55', 'slug', '0', 'en', ' ramen pa finnes torsdag 21 september '),
 ('55', 'title', '0', 'en', ' ramen pa finnes torsdag 21 september '),
 ('56', 'field', '6', 'en', ''),
 ('56', 'field', '5', 'en', ' ramen will be served from 12pm 8pm and the price will be 150nok no reservation is needed and we are looking forward to welcome you all '),
 ('56', 'slug', '0', 'en', ''),
 ('57', 'filename', '0', 'en', ' 41z3800 edit jpg '),
 ('57', 'extension', '0', 'en', ' jpg '),
 ('57', 'kind', '0', 'en', ' image '),
 ('57', 'slug', '0', 'en', ' 41 z3800 edit '),
 ('57', 'title', '0', 'en', ' 41 z3800 edit '),
 ('123', 'field', '16', 'en', ' 0 '),
 ('59', 'username', '0', 'en', ' karolinekaspersen gmail com '),
 ('59', 'firstname', '0', 'en', ' karoline '),
 ('59', 'lastname', '0', 'en', ' kaspersen '),
 ('59', 'fullname', '0', 'en', ' karoline kaspersen '),
 ('59', 'email', '0', 'en', ' karolinekaspersen gmail com '),
 ('59', 'slug', '0', 'en', ''),
 ('60', 'field', '6', 'en', ''),
 ('60', 'field', '11', 'en', ' http credo skogen io restaurant journal historier fra credo om oss laer om var filosofi '),
 ('60', 'slug', '0', 'en', ''),
 ('147', 'extension', '0', 'en', ' jpg '),
 ('147', 'filename', '0', 'en', ' b5a1236 1 jpg '),
 ('62', 'field', '15', 'en', ' forvandlingen pa lilleby '),
 ('62', 'field', '8', 'en', ' right '),
 ('62', 'field', '16', 'en', ' 0 '),
 ('62', 'slug', '0', 'en', ''),
 ('98', 'title', '0', 'en', ' b5 a6903 '),
 ('98', 'slug', '0', 'en', ' b5 a6903 '),
 ('98', 'kind', '0', 'en', ' image '),
 ('98', 'filename', '0', 'en', ' b5a6903 jpg '),
 ('65', 'filename', '0', 'en', ' img_3059 jpg '),
 ('65', 'extension', '0', 'en', ' jpg '),
 ('65', 'kind', '0', 'en', ' image '),
 ('65', 'slug', '0', 'en', ' img 3059 '),
 ('65', 'title', '0', 'en', ' img 3059 '),
 ('98', 'extension', '0', 'en', ' jpg '),
 ('66', 'username', '0', 'en', ' credo restaurantcredo no '),
 ('66', 'firstname', '0', 'en', ''),
 ('66', 'lastname', '0', 'en', ''),
 ('66', 'fullname', '0', 'en', ''),
 ('66', 'email', '0', 'en', ' credo restaurantcredo no '),
 ('66', 'slug', '0', 'en', ''),
 ('69', 'title', '0', 'en', ' meny '),
 ('69', 'slug', '0', 'en', ' meny '),
 ('69', 'field', '3', 'en', ''),
 ('68', 'field', '3', 'en', ''),
 ('68', 'slug', '0', 'en', ' meny '),
 ('68', 'title', '0', 'en', ' meny '),
 ('120', 'title', '0', 'en', ' b5 a1077 '),
 ('121', 'field', '6', 'en', ' omtale '),
 ('121', 'field', '4', 'en', ' b5 a1435 2 1 '),
 ('121', 'field', '5', 'en', ' her legger vi ut pressesaker og pressebilder '),
 ('121', 'slug', '0', 'en', ''),
 ('122', 'filename', '0', 'en', ' b5a1435_2 1 jpg '),
 ('122', 'extension', '0', 'en', ' jpg '),
 ('122', 'kind', '0', 'en', ' image '),
 ('122', 'slug', '0', 'en', ' b5 a1435 2 1 '),
 ('122', 'title', '0', 'en', ' b5 a1435 2 1 '),
 ('123', 'field', '15', 'en', ' skjolberg sondre svorkmo '),
 ('123', 'field', '8', 'en', ' right '),
 ('120', 'filename', '0', 'en', ' b5a1077 jpg '),
 ('71', 'filename', '0', 'en', ' 41z5249 edit jpg '),
 ('71', 'extension', '0', 'en', ' jpg '),
 ('71', 'kind', '0', 'en', ' image '),
 ('71', 'slug', '0', 'en', ' 41 z5249 edit '),
 ('71', 'title', '0', 'en', ' 41 z5249 edit '),
 ('9', 'field', '18', 'en', ' 0 '),
 ('9', 'field', '19', 'en', ' 0 '),
 ('177', 'field', '6', 'en', ' credo pa tur '),
 ('177', 'field', '4', 'en', ' 41 z9983 '),
 ('177', 'field', '5', 'en', ' jossa er et rustikk alternativ til credo og endrer meny ut i fra hvor jossa reiser '),
 ('102', 'field', '20', 'en', ' 1 '),
 ('74', 'field', '6', 'en', ' karriere '),
 ('74', 'field', '4', 'en', ' b5 a3150 '),
 ('74', 'field', '5', 'en', ' vi er alltid pa utkikk etter nye engasjerte ansatte som onsker a bli en del av credo familien hvis du onsker a soke en stilling eller har noen sporsmal ta kontakt med administrasjonskoordinator career restaurantcredo no '),
 ('74', 'slug', '0', 'en', ''),
 ('109', 'extension', '0', 'en', ' jpg '),
 ('109', 'kind', '0', 'en', ' image '),
 ('109', 'slug', '0', 'en', ' b5 a7193 '),
 ('109', 'title', '0', 'en', ' b5 a7193 '),
 ('110', 'filename', '0', 'en', ' b5a7794_bw jpg '),
 ('110', 'extension', '0', 'en', ' jpg '),
 ('110', 'kind', '0', 'en', ' image '),
 ('110', 'slug', '0', 'en', ' b5 a7794 bw '),
 ('110', 'title', '0', 'en', ' b5 a7794 bw '),
 ('178', 'title', '0', 'en', ' finnes barnehjem 1024x647 '),
 ('177', 'field', '20', 'en', ' 0 '),
 ('177', 'slug', '0', 'en', ''),
 ('178', 'extension', '0', 'en', ' jpg '),
 ('178', 'kind', '0', 'en', ' image '),
 ('178', 'slug', '0', 'en', ' finnes barnehjem 1024x647 '),
 ('109', 'filename', '0', 'en', ' b5a7193 jpg '),
 ('120', 'extension', '0', 'en', ' jpg '),
 ('120', 'kind', '0', 'en', ' image '),
 ('120', 'slug', '0', 'en', ' b5 a1077 '),
 ('76', 'field', '12', 'en', ' historier fra credo '),
 ('76', 'field', '13', 'en', ''),
 ('76', 'field', '14', 'en', ' http credo skogen io restaurant journal '),
 ('76', 'slug', '0', 'en', '');
INSERT INTO `craft_searchindex` (`elementId`, `attribute`, `fieldId`, `locale`, `keywords`) VALUES
 ('77', 'field', '12', 'en', ' laer om var filosofi '),
 ('77', 'field', '13', 'en', ' om oss '),
 ('77', 'field', '14', 'en', ''),
 ('77', 'slug', '0', 'en', ''),
 ('78', 'filename', '0', 'en', ' skjermbilde 2017 12 15 11 34 14 png '),
 ('78', 'extension', '0', 'en', ' png '),
 ('78', 'kind', '0', 'en', ' image '),
 ('78', 'slug', '0', 'en', ' skjermbilde 2017 12 15 11 34 14 '),
 ('78', 'title', '0', 'en', ' skjermbilde 2017 12 15 11 34 14 '),
 ('79', 'filename', '0', 'en', ' gulrotter jpg '),
 ('79', 'extension', '0', 'en', ' jpg '),
 ('79', 'kind', '0', 'en', ' image '),
 ('79', 'slug', '0', 'en', ' gulrotter '),
 ('79', 'title', '0', 'en', ' gulrotter '),
 ('80', 'field', '4', 'en', ' fiskeskoyte heidi grisebinge crop2 '),
 ('80', 'field', '6', 'en', ' kjaerlighet til ravaren '),
 ('80', 'field', '5', 'en', ' credo er en ravare drevet restaurant som apnet i credoveita i trondheim i 1998 februar 2018 gjenapner vi pa lilleby i nye lokaler '),
 ('80', 'slug', '0', 'en', ''),
 ('81', 'filename', '0', 'en', ' bergs maskinhall eksterior jpg '),
 ('81', 'extension', '0', 'en', ' jpg '),
 ('81', 'kind', '0', 'en', ' image '),
 ('81', 'slug', '0', 'en', ' bergs maskinhall eksterior '),
 ('81', 'title', '0', 'en', ' bergs maskinhall eksterior '),
 ('82', 'filename', '0', 'en', ' b5a6794 jpg '),
 ('82', 'extension', '0', 'en', ' jpg '),
 ('82', 'kind', '0', 'en', ' image '),
 ('82', 'slug', '0', 'en', ' b5 a6794 '),
 ('82', 'title', '0', 'en', ' b5 a6794 '),
 ('83', 'field', '17', 'en', ' credo finnes jossa '),
 ('83', 'field', '4', 'en', ' bergs maskinhall eksterior '),
 ('83', 'field', '10', 'en', ' credo er en ravare drevet restaurant som apnet i credoveita i trondheim i 1998 februar 2018 gjenapner vi pa lilleby i nye lokaler '),
 ('83', 'field', '3', 'en', ''),
 ('83', 'field', '16', 'en', ' 0 '),
 ('83', 'slug', '0', 'en', ' vi gjenapner pa lilleby '),
 ('83', 'title', '0', 'en', ' forvandlingen pa lilleby '),
 ('84', 'field', '4', 'en', ' 41 z3800 edit '),
 ('84', 'field', '5', 'en', ' credo onsker a ta deg gjennom flerfoldige smaker teksturer og folelser vi onsker a vise deg gardene vare fra dyrene deres fra jorda og fra havet vi bruker tid pa a finne ravarer som best viser egenskapene til tiden vi er i og til stedet vi er menyen er basert pa det mest interessante og beste vi far levert fra dag til dag vi setter ogsa sammen en drikkemeny som pa beste mulige mate komplementerer og lofter frem hver enkelt rett har du spesielle onsker kan du gjerne bestille fra var rikholdige vinkjeller bestaende av flere tusen viner '),
 ('84', 'field', '8', 'en', ' left '),
 ('84', 'slug', '0', 'en', ''),
 ('85', 'field', '4', 'en', ' 21366932 726196667580983 5094451678688575757 o '),
 ('85', 'slug', '0', 'en', ''),
 ('86', 'field', '6', 'en', ' en liten mellomtittel '),
 ('86', 'field', '5', 'en', ' credo onsker a ta deg gjennom flerfoldige smaker teksturer og folelser vi onsker a vise deg gardene vare fra dyrene deres fra jorda og fra havet vi bruker tid pa a finne ravarer som best viser egenskapene til tiden vi er i og til stedet vi er menyen er basert pa det mest interessante og beste vi far levert fra dag til dag vi setter ogsa sammen en drikkemeny som pa beste mulige mate komplementerer og lofter frem hver enkelt rett har du spesielle onsker kan du gjerne bestille fra var rikholdige vinkjeller bestaende av flere tusen viner '),
 ('86', 'slug', '0', 'en', ''),
 ('87', 'field', '6', 'en', ' vegen videre '),
 ('87', 'field', '4', 'en', ' gulrotter '),
 ('87', 'field', '5', 'en', ' ravarene er motivasjonen var hvorfor skulle vi ellers betale 260 kroner per kilo smor med rent handverk kan vi som kokker utfolde oss med en oppmerksomhet rettet utad pa gjesten som en del av et system vi tror at ethvert komponent er gjeldende dyrene skogen jorden manen sjoen kroppen '),
 ('87', 'slug', '0', 'en', ''),
 ('88', 'filename', '0', 'en', ' b5a6477 jpg '),
 ('88', 'extension', '0', 'en', ' jpg '),
 ('88', 'kind', '0', 'en', ' image '),
 ('88', 'slug', '0', 'en', ' b5 a6477 '),
 ('88', 'title', '0', 'en', ' b5 a6477 '),
 ('89', 'filename', '0', 'en', ' b5a7178 edit jpg '),
 ('89', 'extension', '0', 'en', ' jpg '),
 ('89', 'kind', '0', 'en', ' image '),
 ('89', 'slug', '0', 'en', ' b5 a7178 edit '),
 ('89', 'title', '0', 'en', ' b5 a7178 edit '),
 ('90', 'field', '17', 'en', ' credo '),
 ('90', 'field', '4', 'en', ' b5 a2315 '),
 ('90', 'field', '10', 'en', ' skjolberg sondre er en biodynamisk kretslopsgard som drives av elin oestlund og carl erik skjolberg '),
 ('90', 'field', '3', 'en', ''),
 ('90', 'field', '16', 'en', ' 0 '),
 ('90', 'slug', '0', 'en', ' skjolberg sondre '),
 ('90', 'title', '0', 'en', ' skjolberg sondre svorkmo '),
 ('91', 'field', '4', 'en', ' b5 a7178 edit '),
 ('91', 'field', '5', 'en', ' her arbeider de med jordbrukskulturer hvor mangfold smak opplevelser og nysgjerrighet for naturens orden er det sentrale a plukke rene aerlige gronnsaker og urter med egne hender er et hoydepunkt for oss som kokker og vi setter svaert stor pris pa kunnskapen som skjolberg sondre viser oss om agro okologisk jordbruk www skjolbergsondre no '),
 ('91', 'field', '8', 'en', ' left '),
 ('91', 'slug', '0', 'en', ''),
 ('92', 'filename', '0', 'en', ' b5a7375 jpg '),
 ('92', 'extension', '0', 'en', ' jpg '),
 ('92', 'kind', '0', 'en', ' image '),
 ('92', 'slug', '0', 'en', ' b5 a7375 '),
 ('92', 'title', '0', 'en', ' b5 a7375 '),
 ('93', 'filename', '0', 'en', ' 41z4231 edit jpg '),
 ('93', 'extension', '0', 'en', ' jpg '),
 ('93', 'kind', '0', 'en', ' image '),
 ('93', 'slug', '0', 'en', ' 41 z4231 edit '),
 ('93', 'title', '0', 'en', ' 41 z4231 edit '),
 ('94', 'field', '17', 'en', ' credo '),
 ('94', 'field', '4', 'en', ' b5 a7375 '),
 ('94', 'field', '10', 'en', ' smakka pa historien pa fannremsgarden '),
 ('94', 'field', '3', 'en', ''),
 ('94', 'field', '16', 'en', ' 0 '),
 ('94', 'slug', '0', 'en', ' fannremsgarden '),
 ('94', 'title', '0', 'en', ' fannremsgarden orkdal '),
 ('95', 'field', '4', 'en', ' 41 z4231 edit '),
 ('95', 'field', '5', 'en', ' credo jobber svaert tett med historiker og gardbruker jon fredrik skauge blant flere ravarer henter vi ukentlig nykinnet smor fersk melk romme og kjott alt fra gardens sidete tronderfe de ulike sesongene gir ravarer som endrer smak hele tiden til var store begeistring '),
 ('95', 'field', '8', 'en', ' left '),
 ('95', 'slug', '0', 'en', ''),
 ('96', 'filename', '0', 'en', ' 41z0093 jpg '),
 ('96', 'extension', '0', 'en', ' jpg '),
 ('96', 'kind', '0', 'en', ' image '),
 ('96', 'slug', '0', 'en', ' 41 z0093 '),
 ('96', 'title', '0', 'en', ' 41 z0093 '),
 ('97', 'field', '6', 'en', ' kjaerlighet til ravaren '),
 ('97', 'field', '4', 'en', ' b5 a6794 '),
 ('97', 'field', '5', 'en', ' credo er en ravare drevet restaurant som apnet i credoveita i trondheim i 1998 februar 2018 gjenapner vi pa lilleby i nye lokaler '),
 ('97', 'slug', '0', 'en', ''),
 ('99', 'filename', '0', 'en', ' ere8482 jpg ');
INSERT INTO `craft_searchindex` (`elementId`, `attribute`, `fieldId`, `locale`, `keywords`) VALUES
 ('99', 'extension', '0', 'en', ' jpg '),
 ('99', 'kind', '0', 'en', ' image '),
 ('99', 'slug', '0', 'en', ' ere8482 '),
 ('99', 'title', '0', 'en', ' ere8482 '),
 ('100', 'filename', '0', 'en', ' b5a6629 jpg '),
 ('100', 'extension', '0', 'en', ' jpg '),
 ('100', 'kind', '0', 'en', ' image '),
 ('100', 'slug', '0', 'en', ' b5 a6629 '),
 ('100', 'title', '0', 'en', ' b5 a6629 '),
 ('101', 'filename', '0', 'en', ' traena_034 jpg '),
 ('101', 'extension', '0', 'en', ' jpg '),
 ('101', 'kind', '0', 'en', ' image '),
 ('101', 'slug', '0', 'en', ' traena 034 '),
 ('101', 'title', '0', 'en', ' traena 034 '),
 ('102', 'field', '6', 'en', ' credos hjerte ligger der ravarene produseres '),
 ('102', 'field', '4', 'en', ' ere2362 '),
 ('102', 'field', '5', 'en', ' pa credo skal du fa mat laget pa ravarer dyrket i regionen fisket i havet utenfor og meieriprodukter kultivert pa mater der smak og baerekraft er viktige elementer '),
 ('102', 'slug', '0', 'en', ''),
 ('103', 'field', '4', 'en', ' bergs maskinhall eksterior '),
 ('103', 'field', '5', 'en', ' credo apnet i credoveita i trondheim i 1998 februar 2018 gjenapner vi pa lilleby i nye lokaler '),
 ('103', 'field', '7', 'en', ''),
 ('103', 'slug', '0', 'en', ''),
 ('104', 'field', '4', 'en', ' b5 a6903 '),
 ('104', 'field', '5', 'en', ' credo onsker a ta deg gjennom flerfoldige smaker teksturer og folelser vi onsker a vise deg gardene vare fra dyrene deres fra jorda og fra havet vi bruker tid pa a finne ravarer som best viser egenskapene til tiden vi er i og til stedet vi er menyen er basert pa det mest interessante og beste vi far levert fra dag til dag vi setter ogsa sammen en drikkemeny som pa beste mulige mate komplementerer og lofter frem hver enkelt rett har du spesielle onsker kan du gjerne bestille fra var rikholdige vinkjeller bestaende av flere tusen viner med naer kontakt til produsentene vare og med en etisk tilnaerming til det vi gjor soker vi kontinuerlig utvikling mot baerekraft vi tror veldig pa at dette gjenspeiler seg i smak '),
 ('104', 'field', '8', 'en', ' left '),
 ('104', 'slug', '0', 'en', ''),
 ('105', 'field', '4', 'en', ' ere8482 '),
 ('105', 'slug', '0', 'en', ''),
 ('106', 'field', '4', 'en', ' gulrotter '),
 ('106', 'field', '5', 'en', ' ravarene er motivasjonen var hvorfor skulle vi ellers betale 260 kroner per kilo smor med rent handverk kan vi som kokker utfolde oss med en oppmerksomhet rettet utad pa gjesten som en del av et system vi tror at ethvert komponent er gjeldende dyrene skogen jorden manen sjoen kroppen vi tar deg naert til smaker teksturer og folelser vi onsker a integrere deg og kretslopene som gardene vare representerer fra dyrene deres fra jorda og fra havet vi bruker tid pa a finne ravarer som best viser egenskapene til tiden vi er i og til stedet vi er pa '),
 ('106', 'field', '8', 'en', ' right '),
 ('106', 'slug', '0', 'en', ''),
 ('187', 'slug', '0', 'en', ' b5 a1697 '),
 ('187', 'title', '0', 'en', ' b5 a1697 '),
 ('188', 'filename', '0', 'en', ' austria1 1000x600 jpg '),
 ('188', 'extension', '0', 'en', ' jpg '),
 ('187', 'kind', '0', 'en', ' image '),
 ('180', 'slug', '0', 'en', ''),
 ('8', 'field', '19', 'en', ' 0 '),
 ('179', 'field', '6', 'en', ' velkommen til oss '),
 ('179', 'field', '4', 'en', ' finnes kafe1 stortsidebilde '),
 ('179', 'field', '5', 'en', ' innkvartert i lillebys historiske gamle barnehjem er finnes kafe det siste kulinariske tillegget til heidi bjerkans voksende spisestue '),
 ('179', 'field', '20', 'en', ' 1 '),
 ('179', 'slug', '0', 'en', ''),
 ('181', 'filename', '0', 'en', ' finnes_kafe1 stortsidebilde jpg '),
 ('180', 'field', '6', 'en', ' dagens meny '),
 ('180', 'field', '4', 'en', ' ere8763 '),
 ('180', 'field', '5', 'en', ''),
 ('180', 'field', '20', 'en', ' 1 '),
 ('8', 'field', '18', 'en', ' 0 '),
 ('69', 'field', '19', 'en', ' 0 '),
 ('176', 'kind', '0', 'en', ' image '),
 ('176', 'slug', '0', 'en', ' b5 a3150 '),
 ('176', 'title', '0', 'en', ' b5 a3150 '),
 ('17', 'field', '18', 'en', ' 0 '),
 ('17', 'field', '19', 'en', ' 0 '),
 ('74', 'field', '20', 'en', ' 1 '),
 ('69', 'field', '18', 'en', ' 0 '),
 ('115', 'filename', '0', 'en', ' b5a6881 jpg '),
 ('115', 'extension', '0', 'en', ' jpg '),
 ('115', 'kind', '0', 'en', ' image '),
 ('115', 'slug', '0', 'en', ' b5 a6881 '),
 ('115', 'title', '0', 'en', ' b5 a6881 '),
 ('117', 'field', '5', 'en', ' credo meny 1050 med vinpakke 2100 vi tilrettelegger menyer innenfor statens regulativ '),
 ('18', 'field', '18', 'en', ' 0 '),
 ('18', 'field', '19', 'en', ' 0 '),
 ('97', 'field', '20', 'en', ' 1 '),
 ('176', 'filename', '0', 'en', ' b5a3150_180110_120839 jpg '),
 ('176', 'extension', '0', 'en', ' jpg '),
 ('117', 'field', '4', 'en', ' 41 z0093 '),
 ('117', 'field', '6', 'en', ' meny '),
 ('117', 'slug', '0', 'en', ''),
 ('118', 'field', '4', 'en', ' b5 a6477 '),
 ('118', 'field', '5', 'en', ' vi setter ogsa sammen en drikkemeny som pa beste mulige mate komplementerer og lofter frem hver enkelt rett har du spesielle onsker kan du gjerne bestille fra var rikholdige vinkjeller bestaende av flere tusen viner '),
 ('118', 'field', '8', 'en', ' right '),
 ('118', 'slug', '0', 'en', ''),
 ('119', 'field', '6', 'en', ' credo meny 1050 med vinpakke 2100 liten credo meny 830 med vinpakke 1660 vi tilrettelegger menyer innenfor statens regulativ ​​ '),
 ('119', 'field', '5', 'en', ''),
 ('119', 'slug', '0', 'en', ''),
 ('123', 'slug', '0', 'en', ''),
 ('124', 'field', '15', 'en', ' fannremsgarden orkdal '),
 ('124', 'field', '8', 'en', ' left '),
 ('124', 'field', '16', 'en', ' 0 '),
 ('124', 'slug', '0', 'en', ''),
 ('125', 'filename', '0', 'en', ' b5a2315 jpg '),
 ('125', 'extension', '0', 'en', ' jpg '),
 ('125', 'kind', '0', 'en', ' image '),
 ('125', 'slug', '0', 'en', ' b5 a2315 '),
 ('125', 'title', '0', 'en', ' b5 a2315 '),
 ('126', 'filename', '0', 'en', ' b5a2523 jpg '),
 ('126', 'extension', '0', 'en', ' jpg '),
 ('126', 'kind', '0', 'en', ' image '),
 ('126', 'slug', '0', 'en', ' b5 a2523 '),
 ('126', 'title', '0', 'en', ' b5 a2523 '),
 ('127', 'filename', '0', 'en', ' b5a2044 jpg '),
 ('127', 'extension', '0', 'en', ' jpg '),
 ('127', 'kind', '0', 'en', ' image '),
 ('127', 'slug', '0', 'en', ' b5 a2044 '),
 ('127', 'title', '0', 'en', ' b5 a2044 '),
 ('129', 'kind', '0', 'en', ' image ');
INSERT INTO `craft_searchindex` (`elementId`, `attribute`, `fieldId`, `locale`, `keywords`) VALUES
 ('129', 'slug', '0', 'en', ' heidi grisebinge crop '),
 ('129', 'extension', '0', 'en', ' jpg '),
 ('129', 'filename', '0', 'en', ' heidi_grisebinge_crop jpg '),
 ('129', 'title', '0', 'en', ' heidi grisebinge crop '),
 ('130', 'filename', '0', 'en', ' heidi_grisebinge_crop2 jpg '),
 ('130', 'extension', '0', 'en', ' jpg '),
 ('130', 'kind', '0', 'en', ' image '),
 ('130', 'slug', '0', 'en', ' heidi grisebinge crop2 '),
 ('130', 'title', '0', 'en', ' heidi grisebinge crop2 '),
 ('131', 'filename', '0', 'en', ' fiskeskoyte jpg '),
 ('131', 'extension', '0', 'en', ' jpg '),
 ('131', 'kind', '0', 'en', ' image '),
 ('131', 'slug', '0', 'en', ' fiskeskoyte '),
 ('131', 'title', '0', 'en', ' fiskeskoyte '),
 ('132', 'filename', '0', 'en', ' finnes_skisse jpg '),
 ('132', 'extension', '0', 'en', ' jpg '),
 ('132', 'kind', '0', 'en', ' image '),
 ('132', 'slug', '0', 'en', ' finnes skisse '),
 ('132', 'title', '0', 'en', ' finnes skisse '),
 ('133', 'field', '4', 'en', ''),
 ('133', 'field', '6', 'en', ''),
 ('133', 'field', '5', 'en', ''),
 ('68', 'field', '18', 'en', ' 0 '),
 ('68', 'field', '19', 'en', ' 0 '),
 ('133', 'slug', '0', 'en', ''),
 ('134', 'field', '15', 'en', ' ramen pa finnes torsdag 21 september '),
 ('134', 'field', '8', 'en', ' left '),
 ('134', 'field', '16', 'en', ' 0 '),
 ('134', 'slug', '0', 'en', ''),
 ('135', 'field', '15', 'en', ' forvandlingen pa lilleby '),
 ('135', 'field', '8', 'en', ' right '),
 ('135', 'field', '16', 'en', ' 0 '),
 ('135', 'slug', '0', 'en', ''),
 ('147', 'kind', '0', 'en', ' image '),
 ('136', 'filename', '0', 'en', ' jossa_bilde_forside_skisse jpg '),
 ('136', 'extension', '0', 'en', ' jpg '),
 ('136', 'kind', '0', 'en', ' image '),
 ('136', 'slug', '0', 'en', ' jossa bilde forside skisse '),
 ('136', 'title', '0', 'en', ' jossa bilde forside skisse '),
 ('137', 'filename', '0', 'en', ' jossa_bilde_forside_skisse2 jpg '),
 ('137', 'extension', '0', 'en', ' jpg '),
 ('137', 'kind', '0', 'en', ' image '),
 ('137', 'slug', '0', 'en', ' jossa bilde forside skisse2 '),
 ('137', 'title', '0', 'en', ' jossa bilde forside skisse2 '),
 ('139', 'kind', '0', 'en', ' image '),
 ('139', 'slug', '0', 'en', ' jossa bilde forside skisse3 '),
 ('139', 'extension', '0', 'en', ' jpg '),
 ('139', 'filename', '0', 'en', ' jossa_bilde_forside_skisse3 jpg '),
 ('139', 'title', '0', 'en', ' jossa bilde forside skisse3 '),
 ('178', 'filename', '0', 'en', ' finnes barnehjem 1024x647 jpg '),
 ('141', 'field', '17', 'en', ' jossa '),
 ('141', 'field', '4', 'en', ' b5 a1077 '),
 ('141', 'field', '10', 'en', ' pa midten av 1900 tallet bodde det en nysgjerrig ujalete og raus dame i credoveita josefine halvorsen selv om trondheim sto hjertet henne naermest hadde hun en umettelig utfartstrang i verden hva trigget henne vi tror det var jakten pa de rene smakene og mat som ingen hun kjente hadde hort om for rettene matte ha jordnaer betydning for a smake det lille ekstra i folge jossa '),
 ('141', 'field', '3', 'en', ''),
 ('141', 'field', '16', 'en', ' 0 '),
 ('141', 'slug', '0', 'en', ' pa tur til peru '),
 ('141', 'title', '0', 'en', ' pa tur til peru '),
 ('142', 'field', '15', 'en', ' pa tur til peru '),
 ('142', 'field', '8', 'en', ' left '),
 ('142', 'field', '16', 'en', ' 0 '),
 ('142', 'slug', '0', 'en', ''),
 ('143', 'filename', '0', 'en', ' b5a1231 jpg '),
 ('143', 'extension', '0', 'en', ' jpg '),
 ('143', 'kind', '0', 'en', ' image '),
 ('143', 'slug', '0', 'en', ' b5 a1231 '),
 ('143', 'title', '0', 'en', ' b5 a1231 '),
 ('144', 'field', '6', 'en', ' jossa '),
 ('144', 'field', '4', 'en', ' jossa crop '),
 ('144', 'field', '5', 'en', ' pa midten av 1900 tallet bodde det en nysgjerrig ujalete og raus dame i credoveita josefine halvorsen selv om trondheim sto hjertet henne naermest hadde hun en umettelig utfartstrang i verden hva trigget henne vi tror det var jakten pa de rene smakene og mat som ingen hun kjente hadde hort om for rettene matte ha jordnaer betydning for a smake det lille ekstra i folge jossa hun onsket a forsta seg pa verden gjennom mat vi er derfor veldig glad og takknemlig for a fa fortsette historiene hennes videre gjennom jossa mat og drikke her i credoveita '),
 ('144', 'slug', '0', 'en', ''),
 ('145', 'field', '6', 'en', ' vi apner i starten av 2018 sa meld deg pa nyhetsbrevet vart for a motta oppdateringer '),
 ('145', 'field', '5', 'en', ''),
 ('145', 'slug', '0', 'en', ''),
 ('146', 'filename', '0', 'en', ' 41z9983 jpg '),
 ('146', 'extension', '0', 'en', ' jpg '),
 ('146', 'kind', '0', 'en', ' image '),
 ('146', 'slug', '0', 'en', ' 41 z9983 '),
 ('146', 'title', '0', 'en', ' 41 z9983 '),
 ('147', 'slug', '0', 'en', ' b5 a1236 1 '),
 ('147', 'title', '0', 'en', ' b5 a1236 1 '),
 ('148', 'filename', '0', 'en', ' jossa crop jpg '),
 ('148', 'extension', '0', 'en', ' jpg '),
 ('148', 'kind', '0', 'en', ' image '),
 ('148', 'slug', '0', 'en', ' jossa crop '),
 ('148', 'title', '0', 'en', ' jossa crop '),
 ('149', 'filename', '0', 'en', ' b5a3135 jpg '),
 ('149', 'extension', '0', 'en', ' jpg '),
 ('149', 'kind', '0', 'en', ' image '),
 ('149', 'slug', '0', 'en', ' b5 a3135 '),
 ('149', 'title', '0', 'en', ' b5 a3135 '),
 ('150', 'filename', '0', 'en', ' b5a3098 jpg '),
 ('150', 'extension', '0', 'en', ' jpg '),
 ('150', 'kind', '0', 'en', ' image '),
 ('150', 'slug', '0', 'en', ' b5 a3098 '),
 ('150', 'title', '0', 'en', ' b5 a3098 '),
 ('151', 'filename', '0', 'en', ' b5a1841 jpg '),
 ('151', 'extension', '0', 'en', ' jpg '),
 ('151', 'kind', '0', 'en', ' image '),
 ('151', 'slug', '0', 'en', ' b5 a1841 '),
 ('151', 'title', '0', 'en', ' b5 a1841 ');
INSERT INTO `craft_searchindex` (`elementId`, `attribute`, `fieldId`, `locale`, `keywords`) VALUES
 ('152', 'filename', '0', 'en', ' b5a3275_2 jpg '),
 ('152', 'extension', '0', 'en', ' jpg '),
 ('152', 'kind', '0', 'en', ' image '),
 ('152', 'slug', '0', 'en', ' b5 a3275 2 '),
 ('152', 'title', '0', 'en', ' b5 a3275 2 '),
 ('153', 'field', '6', 'en', ' finnes kafe '),
 ('153', 'field', '4', 'en', ' b5 a3135 '),
 ('153', 'field', '5', 'en', ' innkvartert i lillebys historiske gamle barnehjem er finnes kafe det siste kulinariske tillegget til heidi bjerkans voksende spisestue '),
 ('153', 'slug', '0', 'en', ''),
 ('154', 'field', '6', 'en', ' historien '),
 ('154', 'field', '5', 'en', ' en raffinert men avslappet kafe finnes er et sted som tilbyr en meny med like stort fokus pa menneskene som maten bondene og dyrene med kjott og fisk tilberedt i samme mal mening og over samme kullgrill som credo tenk lakrismuffins surdeigsbrod andebryst stekte torskehoder og rabarbraslush '),
 ('154', 'slug', '0', 'en', ''),
 ('159', 'filename', '0', 'en', ' b5a2954 jpg '),
 ('156', 'field', '4', 'en', ' b5 a3275 2 '),
 ('156', 'field', '5', 'en', ' tekst om heidi en raffinert men avslappet kafe finnes er et sted som tilbyr en meny med like stort fokus pa menneskene som maten bondene og dyrene med kjott og fisk tilberedt i samme mal mening og over samme kullgrill som credo tenk lakrismuffins surdeigsbrod andebryst stekte torskehoder og rabarbraslush '),
 ('156', 'field', '8', 'en', ' right '),
 ('156', 'slug', '0', 'en', ''),
 ('157', 'title', '0', 'en', ' b5 a7178 edit '),
 ('158', 'field', '6', 'en', ' menneskene '),
 ('158', 'field', '4', 'en', ' 41 z5249 edit '),
 ('158', 'field', '5', 'en', ' en raffinert men avslappet kafe finnes er et sted som tilbyr en meny med like stort fokus pa menneskene som maten bondene og dyrene med kjott og fisk tilberedt i samme mal mening og over samme kullgrill som credo tenk lakrismuffins surdeigsbrod andebryst stekte torskehoder og rabarbraslush '),
 ('158', 'slug', '0', 'en', ''),
 ('159', 'extension', '0', 'en', ' jpg '),
 ('159', 'kind', '0', 'en', ' image '),
 ('159', 'slug', '0', 'en', ' b5 a2954 '),
 ('159', 'title', '0', 'en', ' b5 a2954 '),
 ('160', 'filename', '0', 'en', ' b5a3150 jpg '),
 ('160', 'extension', '0', 'en', ' jpg '),
 ('160', 'kind', '0', 'en', ' image '),
 ('160', 'slug', '0', 'en', ' b5 a3150 '),
 ('160', 'title', '0', 'en', ' b5 a3150 '),
 ('161', 'field', '6', 'en', ' frokost '),
 ('161', 'field', '4', 'en', ' b5 a2954 '),
 ('161', 'field', '5', 'en', ' navnet pa retten 130 neste navnet 150 '),
 ('161', 'slug', '0', 'en', ''),
 ('162', 'field', '6', 'en', ' lunsj '),
 ('162', 'field', '4', 'en', ' b5 a3150 '),
 ('162', 'field', '5', 'en', ' navnet pa retten 130 neste navnet 150 '),
 ('162', 'slug', '0', 'en', ''),
 ('163', 'filename', '0', 'en', ' ere8763 jpg '),
 ('163', 'extension', '0', 'en', ' jpg '),
 ('163', 'kind', '0', 'en', ' image '),
 ('163', 'slug', '0', 'en', ' ere8763 '),
 ('163', 'title', '0', 'en', ' ere8763 '),
 ('186', 'field', '20', 'en', ' 1 '),
 ('186', 'slug', '0', 'en', ''),
 ('187', 'filename', '0', 'en', ' b5a1697 jpg '),
 ('187', 'extension', '0', 'en', ' jpg '),
 ('186', 'field', '5', 'en', ' vi er alltid pa utkikk etter nye engasjerte ansatte som onsker a bli en del av credo familien hvis du onsker a soke en stilling eller har noen sporsmal ta kontakt med administrasjonskoordinator career restaurantcredo no '),
 ('165', 'field', '6', 'en', ''),
 ('165', 'field', '11', 'en', ' lunsj meny kvelds meny vin meny '),
 ('22', 'field', '18', 'en', ' 0 '),
 ('22', 'field', '19', 'en', ' 0 '),
 ('185', 'field', '6', 'en', ' karriere '),
 ('185', 'field', '4', 'en', ' b5 a3150 '),
 ('185', 'field', '5', 'en', ' vi er alltid pa utkikk etter nye engasjerte ansatte som onsker a bli en del av credo familien hvis du onsker a soke en stilling eller har noen sporsmal ta kontakt med administrasjonskoordinator career restaurantcredo no '),
 ('185', 'field', '20', 'en', ' 1 '),
 ('185', 'slug', '0', 'en', ''),
 ('13', 'field', '18', 'en', ' 0 '),
 ('13', 'field', '19', 'en', ' 0 '),
 ('186', 'field', '6', 'en', ' karrierere '),
 ('186', 'field', '4', 'en', ' b5 a3150 '),
 ('165', 'slug', '0', 'en', ''),
 ('166', 'field', '12', 'en', ' lunsj meny '),
 ('166', 'field', '13', 'en', ''),
 ('166', 'field', '14', 'en', ''),
 ('183', 'field', '5', 'en', ' 16 00 22 00 '),
 ('183', 'slug', '0', 'en', ''),
 ('184', 'field', '6', 'en', ' vinmeny '),
 ('184', 'field', '5', 'en', ''),
 ('184', 'slug', '0', 'en', ''),
 ('166', 'slug', '0', 'en', ''),
 ('167', 'field', '12', 'en', ' kvelds meny '),
 ('167', 'field', '13', 'en', ''),
 ('167', 'field', '14', 'en', ''),
 ('182', 'field', '6', 'en', ' lunsjmeny '),
 ('182', 'field', '5', 'en', ' 12 00 16 00 '),
 ('182', 'slug', '0', 'en', ''),
 ('183', 'field', '6', 'en', ' kveldsmeny '),
 ('167', 'slug', '0', 'en', ''),
 ('168', 'field', '12', 'en', ' vin meny '),
 ('168', 'field', '13', 'en', ''),
 ('168', 'field', '14', 'en', ''),
 ('181', 'extension', '0', 'en', ' jpg '),
 ('181', 'kind', '0', 'en', ' image '),
 ('181', 'slug', '0', 'en', ' finnes kafe1 stortsidebilde '),
 ('181', 'title', '0', 'en', ' finnes kafe1 stortsidebilde '),
 ('168', 'slug', '0', 'en', ''),
 ('16', 'field', '18', 'en', ' 1 '),
 ('16', 'field', '19', 'en', ' 1 '),
 ('7', 'field', '18', 'en', ' 1 '),
 ('7', 'field', '19', 'en', ' 1 '),
 ('175', 'filename', '0', 'en', ' ere2362 jpg '),
 ('170', 'extension', '0', 'en', ' jpg '),
 ('170', 'filename', '0', 'en', ' 41z4010 edit 3 jpg '),
 ('170', 'kind', '0', 'en', ' image '),
 ('170', 'slug', '0', 'en', ' 41 z4010 edit 3 '),
 ('170', 'title', '0', 'en', ' 41 z4010 edit 3 '),
 ('171', 'field', '17', 'en', ' credo '),
 ('171', 'field', '4', 'en', ' heidi kyr crop ');
INSERT INTO `craft_searchindex` (`elementId`, `attribute`, `fieldId`, `locale`, `keywords`) VALUES
 ('171', 'field', '10', 'en', ' heidi bjerkan er en norsk kokk kjokkensjef og medeier hun apnet credo restaurant i credoveita trondheim i 1997 '),
 ('171', 'field', '3', 'en', ''),
 ('171', 'field', '16', 'en', ' 0 '),
 ('171', 'field', '18', 'en', ' 0 '),
 ('171', 'field', '19', 'en', ' 0 '),
 ('171', 'slug', '0', 'en', ' heidi '),
 ('171', 'title', '0', 'en', ' heidi '),
 ('172', 'field', '4', 'en', ' traena 034 '),
 ('172', 'field', '5', 'en', ' heidi bjerkan vokste opp i trondheim og i baten til bestefaren pa garten trondelagskysten her knyttet hun sterke band til jord og vann som siden er a se i hennes matlaging for heidi bjerkan er det bondene som er heltene og det er produsentene som skal skinne gjennom maltidet pa credo tar hun med alle gjestene pa hennes tur gjennom gardene sjoen og skogen der ravarene kommer fra heidi bjerkan engasjerer seg for mer kunnskap for bedre landbruk og for storre interesse for tradisjoner og heidi bjerkan fikk i ar matprisen for sitt engasjement for bedre mat og et bedre landbruk '),
 ('172', 'field', '8', 'en', ' left '),
 ('172', 'slug', '0', 'en', ''),
 ('173', 'field', '15', 'en', ' heidi '),
 ('173', 'field', '8', 'en', ' left '),
 ('173', 'field', '16', 'en', ' 0 '),
 ('173', 'slug', '0', 'en', ''),
 ('174', 'filename', '0', 'en', ' heidi_kyr_crop jpg '),
 ('174', 'extension', '0', 'en', ' jpg '),
 ('174', 'kind', '0', 'en', ' image '),
 ('174', 'slug', '0', 'en', ' heidi kyr crop '),
 ('174', 'title', '0', 'en', ' heidi kyr crop '),
 ('175', 'extension', '0', 'en', ' jpg '),
 ('175', 'kind', '0', 'en', ' image '),
 ('175', 'slug', '0', 'en', ' ere2362 '),
 ('175', 'title', '0', 'en', ' ere2362 '),
 ('188', 'kind', '0', 'en', ' image '),
 ('188', 'slug', '0', 'en', ' austria1 1000x600 '),
 ('188', 'title', '0', 'en', ' austria1 1000x600 '),
 ('189', 'field', '17', 'en', ' jossa '),
 ('189', 'field', '4', 'en', ' austria1 1000x600 '),
 ('189', 'field', '10', 'en', ' jossa star pa stasjonen med sekken full av tjaerepastiller og kandisert angelicastang en god porsjon med isterban en falukorv og en limpa '),
 ('189', 'field', '3', 'en', ''),
 ('189', 'field', '16', 'en', ' 0 '),
 ('189', 'field', '18', 'en', ' 0 '),
 ('189', 'field', '19', 'en', ' 0 '),
 ('189', 'slug', '0', 'en', ' jossa til osterike '),
 ('189', 'title', '0', 'en', ' jossa til osterike '),
 ('190', 'field', '6', 'en', ''),
 ('190', 'field', '5', 'en', ' tobias har sagt farvel for kort tid siden han takket for selskapet ga henne en god klem og trykket en gave ned i sekken du ma ikke apne den pakken for du er fremme tobias sa pa jossa og smilte god tur og hils til werner jossa klatrer om bord i toget og finner kupeen sin nattoget til malmo en behagelig mate a reise pa og fra malmo er det ikke langt til kontinentet hun bryter av skalken pa brodet og legger seg pa den oppredde senga fottene er more etter all vandringen hun forsvinner inn i sovnen samtidig med togets startende bevegelser som et barn blir hun dysset i sovn for hun selv hadde tenkt det er morkt varmt og behagelig det spraker i en hoyttaler plinger i en bjelle og det bankes pa doren det foles som om det er samtidig men hun tar det pa oppvakingsfasen at hun har duppet av mellom lydene bare fortrengt det litt malmo den kom raskere enn hun trodde hele byen ligger der foran henne flat som den er hun har borstet av seg smulene fra brodskalken skiftet tatt en kattevask og provd a legge haret stramt slik det sommer seg for hun gikk av toget baten venter baten til kontinentet star i havna noen hundre meter bortenfor stasjonen fra kobenhavn ble det tog til wien med bytte i muenchen jossa var utmattet men merket seg at kobenhavn var en by hun skulle utforske men da pa vei hjem brosteinen og kumlokkene de er fine jossa ser ned mens hun tusler ut av stasjonsbygget i wien men jeg er sulten sier hun hoyt til seg selv sa den dosige mannen som sto rett ved siden av i sin egen verden skvetter til og ser pa henne unnskyld sier han ah nei det var ikke meningen men jeg er bare litt sulten eller hvis jeg skal si det som sant er jeg er skrubbsulten hun hadde helt glemt a spise helt glemt at hun var sulten nar hun lop fra bat til tog i kobenhavn og i muenchen ble det akkurat tid nok til en polse med sauerkraut haha mannen smiler til det glimter i gull bakerst i munnen du har kommet til rett sted kom bli med meg unnskyld jeg glemte meg helt bort hvor er mine manerer uff werner heter jeg froken han strekker ut en hand jossa griper den og kjenner det faste handtrykket jossa sier hun og smiler de naermest smaloper innover byen jossa klarer ikke fa med seg noe hun tenker bare pa mat hva skal du her i wien jeg skal spise jeg vil smake det som er osterisk det er det som er reisen min skjonner du jeg vil finne ut av hva ting smaker pa forskjellige steder werner stopper litt mens han tenker sa du vil smake det som er mest wiensk ok men da tar vi til hoyre her du skal fa spaetzle og det er best pa et bitte lite sted rett her borte de smaloper videre litt uten grunn men drevet av sult og nysgjerrighet spaetzle en slags urpasta eller gnocchi eller en blanding av de begge nar werner forteller om smaken den smeltede osten og ikke minst vinen som skal drikkes til gar det nesten rundt for jossa endelig skal hun fa mat werner dumper ned i stolen ved siden av henne sann vin og mat pa vei du er skikkelig sulten jossa klarer knapt a ytre ja hun venter bare pa noe a spise jeg bestillte litt forskjellig sa du skal fa et raskt overblikk det blir kanskje litt mye men det kommer noen andre venner av meg ogsa som kan mer om vin sa da spiser han det vi ikke klarer ok werner har tatt kommandoen og ser ut til a kose seg i rollen som vertskap grillet kalvetunge med syltede gronnsaker spaetzle med sopp og ost gresskarsuppe med krepse dumplings polse med sauerkraut snitzel med potetsalat og sitron roye med kal og til dessert far du schwartswaldkake med kirsebaer ogsa kan du ikke unnga strudelen da den ma du smake nar du er i wien jossa rister pa hodet og ler jeg klarer jo ikke alt sammen det er jo umulig '),
 ('190', 'slug', '0', 'en', ''),
 ('191', 'filename', '0', 'en', ' p nordiskkonst 1000x600 jpg '),
 ('191', 'extension', '0', 'en', ' jpg '),
 ('191', 'kind', '0', 'en', ' image '),
 ('191', 'slug', '0', 'en', ' p nordiskkonst 1000x600 '),
 ('191', 'title', '0', 'en', ' p nordiskkonst 1000x600 '),
 ('192', 'field', '17', 'en', ' jossa '),
 ('192', 'field', '4', 'en', ' p nordiskkonst 1000x600 '),
 ('192', 'field', '10', 'en', ' jossa ser nedover dalen hun har vandret i et par dager fra trondheim na har hun endelig mott tobias en som er kjent i dalen '),
 ('192', 'field', '3', 'en', ''),
 ('192', 'field', '16', 'en', ' 0 '),
 ('192', 'field', '18', 'en', ' 0 '),
 ('192', 'field', '19', 'en', ' 0 '),
 ('192', 'slug', '0', 'en', ' jossa til sverige '),
 ('192', 'title', '0', 'en', ' jossa til sverige '),
 ('193', 'field', '6', 'en', ''),
 ('193', 'field', '5', 'en', ' jaha du sa du er ute etter den svenske smaken du sier tobias pa slepent svensk mal jossa har spurt og gravd for a finne den som lager den beste maten pa denne siden av grensen sa de sier det ja hehe tobias ler mens han plukker opp noe som kan virke som en vilkarlig blomst fra bakken han smaker og smatter at jeg er den du skal snakke med ja jossa smiler oppromt og nikker den kommer herfra det er i jorden alt starter det er der alt opprinner sa vi ma bevege oss litt rundt de fortsetter ferden nedover mot et forgjettet sted mot en gard som det gar flotte ord om rundt i hele verden for at du skal forsta hva de gjor akkurat der sa ma vi nesten spise et par ting pa veien tobias lister opp hva jossa skal smake raggmunk med vesterbotten sild med egg poteter rug og rodbeter sild ost og smor falukorv flesk rotmos lok fisk med skagensaus dette er veldig kjente smaker men raggmunk det er jeg usikker pa han ler mens han henter ut en potet fra sekken raggmunk det er nesten det beste du kan gjore med poteter men kom na sa spiser vi sa far du oppskriftenen pa alt som du kan ta med deg hjem igjen '),
 ('193', 'slug', '0', 'en', ''),
 ('194', 'filename', '0', 'en', ' traena_127 web 1000x600 jpg '),
 ('194', 'extension', '0', 'en', ' jpg '),
 ('194', 'kind', '0', 'en', ' image '),
 ('194', 'slug', '0', 'en', ' traena 127 web 1000x600 '),
 ('194', 'title', '0', 'en', ' traena 127 web 1000x600 '),
 ('195', 'field', '17', 'en', ' jossa '),
 ('195', 'field', '4', 'en', ' traena 127 web 1000x600 '),
 ('195', 'field', '10', 'en', ' jossa ser utover ripa pa den store baten hun tar dype trekk av den friske lufta helt inn det er som om lungene har lengtet etter den kjolige fuktige lufta '),
 ('195', 'field', '3', 'en', ''),
 ('195', 'field', '16', 'en', ' 0 '),
 ('195', 'field', '18', 'en', ' 0 '),
 ('195', 'field', '19', 'en', ' 0 '),
 ('195', 'slug', '0', 'en', ' jossa pa hjemmebane '),
 ('195', 'title', '0', 'en', ' jossa pa hjemmebane '),
 ('196', 'field', '6', 'en', ''),
 ('196', 'field', '5', 'en', ' hun ser havnen i det fjerne og tusler ned i kahytten hjem jeg skal hjem en liten tur hun smiler til seg selv og tenker pa hvordan hun plutselig savnet sild og akevitt det har vaert en lang reise siden hun var i bangkok eller lille bangkokk da gjemt inne i chinatown i london der hun fikk noen nye smaker som aldri hadde vaert innom trondheim for na hun klapper pa kofferten som er breddfull av urter rotter krydder og oppskrifter hun tar med seg hjem men nam prik pao til side selv om det kanskje er det beste hun hadde smakt pa alt hun er klar for sild og for svinekjott hun har tenkt mye pa hvordan svinekjottet fra nettopp trondelag vil passe til alle de thailandske smakene som et avbrekk fra all julematen friskt sterkt morsomt men na er det romme som star i hodet romme pa vaffel med loyrom og riskrem jossa klarer nesten ikke sta stille hun tripper opp og ned dekk mens de legger landgangen klar hjemme naermest roper hun nar hun treffer brygga med foten na skal det bli godt med gravet fisk '),
 ('196', 'slug', '0', 'en', ''),
 ('197', 'filename', '0', 'en', ' 20160216 _dsc3947 1000x600 jpg '),
 ('197', 'extension', '0', 'en', ' jpg '),
 ('197', 'kind', '0', 'en', ' image '),
 ('197', 'slug', '0', 'en', ' 20160216 dsc3947 1000x600 '),
 ('197', 'title', '0', 'en', ' 20160216 dsc3947 1000x600 '),
 ('198', 'field', '17', 'en', ' jossa '),
 ('198', 'field', '4', 'en', ' 20160216 dsc3947 1000x600 '),
 ('198', 'field', '10', 'en', ' smak no dagens naeringslivs matportal har skrevet en flott anmeldelse av forste uken var i venezuela med karlos ponte selv om gjestekokken ponte er tilbake pa hjemmebane i kobenhavn kjorer jossa videre med meny fra venezuela fremover les teksten her '),
 ('198', 'field', '3', 'en', ''),
 ('198', 'field', '16', 'en', ' 0 '),
 ('198', 'field', '18', 'en', ' 0 '),
 ('198', 'field', '19', 'en', ' 0 '),
 ('198', 'slug', '0', 'en', ' smak no om jossa i venezuela '),
 ('198', 'title', '0', 'en', ' smak no om jossa i venezuela '),
 ('200', 'extension', '0', 'en', ' jpg '),
 ('200', 'kind', '0', 'en', ' image '),
 ('200', 'slug', '0', 'en', ' b5 a1163 1000x600 '),
 ('200', 'title', '0', 'en', ' b5 a1163 1000x600 '),
 ('201', 'field', '17', 'en', ' jossa '),
 ('200', 'filename', '0', 'en', ' b5a1163 1000x600 jpg '),
 ('201', 'field', '4', 'en', ' b5 a1163 1000x600 '),
 ('201', 'field', '10', 'en', ' jossa setter seg opp i stolen tar en slurk kaffe og tenker pa hva hun smakte i gar det er utvilsomt det beste i norge sier hun hoyt til seg selv men hvor gar egentlig grensene for smak og hvem bestemmer hva som er godt og vondt fortsetter hun mens koppen snart er tom med ravarer fra trondelag sa burde man kunne lag hva som helst men hvem avgjor hva som er best akkurat her '),
 ('201', 'field', '3', 'en', ''),
 ('201', 'field', '16', 'en', ' 0 '),
 ('201', 'field', '18', 'en', ' 0 '),
 ('201', 'field', '19', 'en', ' 0 '),
 ('201', 'slug', '0', 'en', ' lokalt grogrunnlag ');
INSERT INTO `craft_searchindex` (`elementId`, `attribute`, `fieldId`, `locale`, `keywords`) VALUES
 ('201', 'title', '0', 'en', ' lokalt grogrunnlag '),
 ('202', 'field', '6', 'en', ''),
 ('202', 'field', '5', 'en', ' jossa star i gangen hun har pakket en sekk tatt pa seg vandreskoene og ikledd seg den fineste turstasen drevet av nysgjerrighet gar hun ut laser dora sjekker at ekstranokkelen ligger under potta sann i tilfelle noen skulle trenge noe snur seg mot huset og sier jeg gar en tur jeg jeg vil finne ut hvor smak kommer fra det har med kultur a gjore gamle tradisjoner og overbevisninger selvsagt har det med lokale grogrunnlag ogsa jossa tenker mens hun vandrer mot fjorden hun setter kursen ostover til et sted som har bade vaert sverige og norge og det har det vaert flere ganger smaken er litt annerledes der de gjor noe litt annet jossa snur seg og ser seg over skulderen hun kan sa vidt se gatehjornet der huset hennes ligger ingen vei tilbake na tenker hun '),
 ('202', 'slug', '0', 'en', ''),
 ('203', 'field', '15', 'en', ' jossa til osterike '),
 ('203', 'field', '8', 'en', ' right '),
 ('203', 'field', '16', 'en', ' 0 '),
 ('203', 'slug', '0', 'en', ''),
 ('204', 'field', '15', 'en', ' lokalt grogrunnlag '),
 ('204', 'field', '8', 'en', ' left '),
 ('204', 'field', '16', 'en', ' 0 '),
 ('204', 'slug', '0', 'en', ''),
 ('205', 'field', '15', 'en', ' smak no om jossa i venezuela '),
 ('205', 'field', '8', 'en', ' right '),
 ('205', 'field', '16', 'en', ' 0 '),
 ('205', 'slug', '0', 'en', ''),
 ('206', 'field', '15', 'en', ' jossa til sverige '),
 ('206', 'field', '8', 'en', ' left '),
 ('206', 'field', '16', 'en', ' 0 '),
 ('206', 'slug', '0', 'en', ''),
 ('207', 'field', '15', 'en', ' jossa pa hjemmebane '),
 ('207', 'field', '8', 'en', ' right '),
 ('207', 'field', '16', 'en', ' 0 '),
 ('207', 'slug', '0', 'en', '');



DROP TABLE IF EXISTS `craft_sections`;


--
-- Schema for table `craft_sections`
--
CREATE TABLE `craft_sections` (
  `id` int(11) NOT NULL AUTO_INCREMENT,
  `structureId` int(11) DEFAULT NULL,
  `name` varchar(255) COLLATE utf8_unicode_ci NOT NULL,
  `handle` varchar(255) COLLATE utf8_unicode_ci NOT NULL,
  `type` enum('single','channel','structure') COLLATE utf8_unicode_ci NOT NULL DEFAULT 'channel',
  `hasUrls` tinyint(1) unsigned NOT NULL DEFAULT '1',
  `template` varchar(500) COLLATE utf8_unicode_ci DEFAULT NULL,
  `enableVersioning` tinyint(1) unsigned NOT NULL DEFAULT '0',
  `dateCreated` datetime NOT NULL,
  `dateUpdated` datetime NOT NULL,
  `uid` char(36) COLLATE utf8_unicode_ci NOT NULL DEFAULT '0',
  PRIMARY KEY (`id`),
  UNIQUE KEY `craft_sections_name_unq_idx` (`name`),
  UNIQUE KEY `craft_sections_handle_unq_idx` (`handle`),
  KEY `craft_sections_structureId_fk` (`structureId`)
) ENGINE=InnoDB AUTO_INCREMENT=5 DEFAULT CHARSET=utf8 COLLATE=utf8_unicode_ci;

--
-- Data for table `craft_sections`
--

INSERT INTO `craft_sections` (`id`, `structureId`, `name`, `handle`, `type`, `hasUrls`, `template`, `enableVersioning`, `dateCreated`, `dateUpdated`, `uid`) VALUES
 ('3', NULL, 'Journal', 'journal', 'channel', '1', '_pages/journal', '1', '2017-09-15 09:53:17', '2017-09-20 13:27:48', '5458b372-6603-41ee-8ddc-f718e6465a2c'),
 ('4', '3', 'Sider', 'sider', 'structure', '1', '_pages/content', '1', '2017-09-15 09:53:34', '2017-09-20 09:04:44', 'e2ed03a5-b0a8-4be0-9f32-d616f9f142ff');



DROP TABLE IF EXISTS `craft_sections_i18n`;


--
-- Schema for table `craft_sections_i18n`
--
CREATE TABLE `craft_sections_i18n` (
  `id` int(11) NOT NULL AUTO_INCREMENT,
  `sectionId` int(11) NOT NULL,
  `locale` char(12) COLLATE utf8_unicode_ci NOT NULL,
  `enabledByDefault` tinyint(1) unsigned NOT NULL DEFAULT '1',
  `urlFormat` text COLLATE utf8_unicode_ci,
  `nestedUrlFormat` text COLLATE utf8_unicode_ci,
  `dateCreated` datetime NOT NULL,
  `dateUpdated` datetime NOT NULL,
  `uid` char(36) COLLATE utf8_unicode_ci NOT NULL DEFAULT '0',
  PRIMARY KEY (`id`),
  UNIQUE KEY `craft_sections_i18n_sectionId_locale_unq_idx` (`sectionId`,`locale`),
  KEY `craft_sections_i18n_locale_fk` (`locale`)
) ENGINE=InnoDB AUTO_INCREMENT=5 DEFAULT CHARSET=utf8 COLLATE=utf8_unicode_ci;

--
-- Data for table `craft_sections_i18n`
--

INSERT INTO `craft_sections_i18n` (`id`, `sectionId`, `locale`, `enabledByDefault`, `urlFormat`, `nestedUrlFormat`, `dateCreated`, `dateUpdated`, `uid`) VALUES
 ('3', '3', 'en', '1', 'journal/{slug}', NULL, '2017-09-15 09:53:17', '2017-09-15 09:53:17', '2f972dfa-3335-446e-a471-b5c80e45d3ec'),
 ('4', '4', 'en', '1', '{slug}', '{parent.uri}/{slug}', '2017-09-15 09:53:34', '2017-09-20 09:04:44', '7e2320f5-3483-4da3-b5bb-e48f91103745');



DROP TABLE IF EXISTS `craft_sessions`;


--
-- Schema for table `craft_sessions`
--
CREATE TABLE `craft_sessions` (
  `id` int(11) NOT NULL AUTO_INCREMENT,
  `userId` int(11) NOT NULL,
  `token` char(100) COLLATE utf8_unicode_ci NOT NULL,
  `dateCreated` datetime NOT NULL,
  `dateUpdated` datetime NOT NULL,
  `uid` char(36) COLLATE utf8_unicode_ci NOT NULL DEFAULT '0',
  PRIMARY KEY (`id`),
  KEY `craft_sessions_uid_idx` (`uid`),
  KEY `craft_sessions_token_idx` (`token`),
  KEY `craft_sessions_dateUpdated_idx` (`dateUpdated`),
  KEY `craft_sessions_userId_fk` (`userId`)
) ENGINE=InnoDB AUTO_INCREMENT=48 DEFAULT CHARSET=utf8 COLLATE=utf8_unicode_ci;

DROP TABLE IF EXISTS `craft_shunnedmessages`;


--
-- Schema for table `craft_shunnedmessages`
--
CREATE TABLE `craft_shunnedmessages` (
  `id` int(11) NOT NULL AUTO_INCREMENT,
  `userId` int(11) NOT NULL,
  `message` varchar(255) COLLATE utf8_unicode_ci NOT NULL,
  `expiryDate` datetime DEFAULT NULL,
  `dateCreated` datetime NOT NULL,
  `dateUpdated` datetime NOT NULL,
  `uid` char(36) COLLATE utf8_unicode_ci NOT NULL DEFAULT '0',
  PRIMARY KEY (`id`),
  UNIQUE KEY `craft_shunnedmessages_userId_message_unq_idx` (`userId`,`message`)
) ENGINE=InnoDB DEFAULT CHARSET=utf8 COLLATE=utf8_unicode_ci;

DROP TABLE IF EXISTS `craft_structureelements`;


--
-- Schema for table `craft_structureelements`
--
CREATE TABLE `craft_structureelements` (
  `id` int(11) NOT NULL AUTO_INCREMENT,
  `structureId` int(11) NOT NULL,
  `elementId` int(11) DEFAULT NULL,
  `root` int(11) unsigned DEFAULT NULL,
  `lft` int(11) unsigned NOT NULL,
  `rgt` int(11) unsigned NOT NULL,
  `level` smallint(6) unsigned NOT NULL,
  `dateCreated` datetime NOT NULL,
  `dateUpdated` datetime NOT NULL,
  `uid` char(36) COLLATE utf8_unicode_ci NOT NULL DEFAULT '0',
  PRIMARY KEY (`id`),
  UNIQUE KEY `craft_structureelements_structureId_elementId_unq_idx` (`structureId`,`elementId`),
  KEY `craft_structureelements_root_idx` (`root`),
  KEY `craft_structureelements_lft_idx` (`lft`),
  KEY `craft_structureelements_rgt_idx` (`rgt`),
  KEY `craft_structureelements_level_idx` (`level`),
  KEY `craft_structureelements_elementId_fk` (`elementId`)
) ENGINE=InnoDB AUTO_INCREMENT=996 DEFAULT CHARSET=utf8 COLLATE=utf8_unicode_ci;

--
-- Data for table `craft_structureelements`
--

INSERT INTO `craft_structureelements` (`id`, `structureId`, `elementId`, `root`, `lft`, `rgt`, `level`, `dateCreated`, `dateUpdated`, `uid`) VALUES
 ('1', '1', NULL, '1', '1', '8', '0', '2017-09-15 09:20:14', '2017-09-15 09:20:14', 'd7c26b16-d9a5-4625-803a-0c32e2769c73'),
 ('2', '1', '4', '1', '2', '3', '1', '2017-09-15 09:20:14', '2017-09-15 09:20:14', '06943098-b98e-46b9-87a4-7a65e312f07e'),
 ('3', '1', '5', '1', '4', '5', '1', '2017-09-15 09:20:20', '2017-09-15 09:20:20', '08246b21-4709-4a22-8ccf-771759ec4d9f'),
 ('4', '1', '6', '1', '6', '7', '1', '2017-09-15 09:20:24', '2017-09-15 09:20:24', 'f22a73f3-80b8-4d8e-a567-5f0fc88f9aab'),
 ('5', '3', NULL, '5', '1', '38', '0', '2017-09-15 09:53:53', '2017-09-15 09:53:53', '55815b27-6d30-4e3f-9b57-96a7cb478871'),
 ('6', '3', '7', '5', '2', '13', '1', '2017-09-15 09:53:53', '2017-09-15 09:53:53', 'd97d7f73-be3a-4db1-b133-9169712be7fa'),
 ('7', '3', '8', '5', '26', '37', '1', '2017-09-15 09:53:59', '2017-09-15 09:53:59', '80ed4c90-e689-48a2-aab7-08fb020af050'),
 ('8', '3', '9', '5', '14', '25', '1', '2017-09-15 09:54:03', '2017-09-15 09:54:03', 'e929431b-f359-4977-a80e-cdea631c2208'),
 ('9', '3', '10', '5', '29', '30', '2', '2017-09-15 09:55:04', '2017-09-15 09:55:04', '7c77ab6f-c7b8-4622-8e34-aa8b0df86a23'),
 ('10', '3', '11', '5', '31', '32', '2', '2017-09-15 09:55:10', '2017-09-15 09:55:10', 'ce749462-3818-4ca2-b26d-97d612687bd9'),
 ('11', '3', '12', '5', '27', '28', '2', '2017-09-15 09:55:19', '2017-09-15 09:55:19', 'eac896d3-1f2c-4d68-879b-862cc73a03a0'),
 ('12', '3', '13', '5', '35', '36', '2', '2017-09-15 09:55:23', '2017-09-15 09:55:23', '60983c58-a611-4043-ab07-72da38ee2072'),
 ('13', '3', '14', '5', '33', '34', '2', '2017-09-15 09:55:28', '2017-09-15 09:55:28', '02954332-1093-4341-99f7-ca0db647163e'),
 ('14', '3', '15', '5', '7', '8', '2', '2017-09-15 09:55:44', '2017-09-15 09:55:44', '840b6103-e8d3-49c3-912d-051fe8971f0b'),
 ('15', '3', '16', '5', '3', '4', '2', '2017-09-15 09:56:09', '2017-09-15 09:56:09', 'd258210d-ab52-4a0d-a07d-58a6a2a4352e'),
 ('16', '3', '17', '5', '11', '12', '2', '2017-09-15 09:56:17', '2017-09-15 09:56:17', '18784a88-ebda-4dfa-9fbe-30ca82464f1f'),
 ('17', '3', '18', '5', '9', '10', '2', '2017-09-15 09:56:22', '2017-09-15 09:56:22', 'f28bc2a9-d0aa-4695-910c-ef5954272e96'),
 ('18', '3', '19', '5', '19', '20', '2', '2017-09-15 09:56:38', '2017-09-15 09:56:38', '04c74e79-7b14-489a-a1a4-d25a2bbaaf57'),
 ('19', '3', '20', '5', '15', '16', '2', '2017-09-15 09:56:42', '2017-09-15 09:56:42', '66b6f96f-cb38-4c3e-bd32-9d8645c05bee'),
 ('20', '3', '21', '5', '21', '22', '2', '2017-09-15 09:56:47', '2017-09-15 09:56:47', '9e8e314a-21f0-457d-b74b-6514568052e7'),
 ('21', '3', '22', '5', '23', '24', '2', '2017-09-15 09:56:57', '2017-09-15 09:56:57', '6b50c3bc-1ee1-4079-afae-b4f93fcc28a9'),
 ('329', '39', NULL, '329', '1', '4', '0', '2017-09-21 08:27:56', '2017-09-21 08:27:56', 'd3061a9e-fd48-45e1-945e-7ab1f9769f7e'),
 ('330', '39', '42', '329', '2', '3', '1', '2017-09-21 08:27:56', '2017-09-21 08:27:56', '1c7a1243-34c1-4783-acc7-56f15be669e3'),
 ('391', '52', NULL, '391', '1', '4', '0', '2017-09-21 10:14:10', '2017-09-21 10:14:10', '197ff68f-ad09-49d6-8b88-2ff6fa79011d'),
 ('392', '52', '56', '391', '2', '3', '1', '2017-09-21 10:14:10', '2017-09-21 10:14:10', '96f681bb-8b2b-4808-8e2d-8980727376af'),
 ('405', '3', '68', '5', '17', '18', '2', '2017-09-23 18:29:10', '2017-09-23 18:29:10', '176bb44b-fcfc-4ef8-bc69-7032fcb9423f'),
 ('406', '3', '69', '5', '5', '6', '2', '2017-09-24 06:24:06', '2017-09-24 06:24:06', 'e157db10-b1cc-4e15-94c5-8ce8da2ff54e'),
 ('608', '110', NULL, '608', '1', '4', '0', '2017-12-15 14:19:55', '2017-12-15 14:19:55', 'e09a7f56-ae1b-4e14-971f-d9253f4f45ad'),
 ('609', '110', '95', '608', '2', '3', '1', '2017-12-15 14:19:55', '2017-12-15 14:19:55', '38c38087-e138-4f95-aec5-ea1df059161e'),
 ('610', '111', NULL, '610', '1', '4', '0', '2017-12-15 14:20:17', '2017-12-15 14:20:17', '766e2a45-7329-4976-9026-d9fc33728cfc'),
 ('611', '111', '91', '610', '2', '3', '1', '2017-12-15 14:20:17', '2017-12-15 14:20:17', '7599a774-e3df-430b-a8a3-fdf473696fe8'),
 ('693', '126', NULL, '693', '1', '10', '0', '2017-12-17 13:35:05', '2017-12-17 13:35:05', 'daa8ac46-51f5-4abc-958f-86e32b0c885d'),
 ('694', '126', '84', '693', '2', '3', '1', '2017-12-17 13:35:05', '2017-12-17 13:35:05', '161b9230-d1ae-4617-aad8-f504b7c0a953'),
 ('695', '126', '85', '693', '4', '5', '1', '2017-12-17 13:35:05', '2017-12-17 13:35:05', 'ee432c89-cf26-4509-a65b-0b6b625027f9'),
 ('696', '126', '86', '693', '6', '7', '1', '2017-12-17 13:35:05', '2017-12-17 13:35:05', '731f651f-3c3e-41c4-864e-4eeb64c6af42'),
 ('697', '126', '87', '693', '8', '9', '1', '2017-12-17 13:35:05', '2017-12-17 13:35:05', 'f01a15b9-370f-414d-bdb5-90f0602919ec'),
 ('701', '128', NULL, '701', '1', '6', '0', '2017-12-17 19:00:21', '2017-12-17 19:00:21', 'e6d34643-4990-4fbd-912b-b20e04d64e84'),
 ('702', '128', '144', '701', '2', '3', '1', '2017-12-17 19:00:21', '2017-12-17 19:00:21', '747ba25c-9b46-48e4-bda0-77c2f3170ad5'),
 ('703', '128', '145', '701', '4', '5', '1', '2017-12-17 19:00:21', '2017-12-17 19:00:21', '66997384-e901-45de-805e-2ce26a875a93'),
 ('710', '130', NULL, '710', '1', '12', '0', '2017-12-17 19:33:54', '2017-12-17 19:33:54', '8bde4334-fc54-4dc9-9556-c757554cf36c'),
 ('711', '130', '153', '710', '2', '3', '1', '2017-12-17 19:33:54', '2017-12-17 19:33:54', '85ee669d-4865-49df-be35-2069fd1f50c0'),
 ('712', '130', '53', '710', '4', '5', '1', '2017-12-17 19:33:54', '2017-12-17 19:33:54', 'c63d3e2b-a1ac-4fb1-93f4-7a51d4d4f2af'),
 ('713', '130', '154', '710', '6', '7', '1', '2017-12-17 19:33:54', '2017-12-17 19:33:54', '00b0a5cc-f928-4868-8d7f-626e8f738d2c'),
 ('714', '130', '158', '710', '8', '9', '1', '2017-12-17 19:33:54', '2017-12-17 19:33:54', '4fa14293-c650-4b11-a69c-2e7a047f94fc'),
 ('715', '130', '156', '710', '10', '11', '1', '2017-12-17 19:33:54', '2017-12-17 19:33:54', '13a52284-357c-4b08-b6ca-5dc3cc739736'),
 ('716', '131', NULL, '716', '1', '6', '0', '2017-12-17 19:41:26', '2017-12-17 19:41:26', 'a00c2dee-115e-40e6-bd2f-257bff7abe95'),
 ('717', '131', '161', '716', '2', '3', '1', '2017-12-17 19:41:26', '2017-12-17 19:41:26', 'c4246d80-037b-4e22-82e8-15c8ef78241b'),
 ('718', '131', '162', '716', '4', '5', '1', '2017-12-17 19:41:26', '2017-12-17 19:41:26', '83fa69b8-4dfe-4c60-ae54-d8fa41903217'),
 ('826', '145', NULL, '826', '1', '4', '0', '2018-01-10 11:31:56', '2018-01-10 11:31:56', 'ad1b1bcb-ee90-4fdf-a119-3c00e63da27a'),
 ('827', '145', '172', '826', '2', '3', '1', '2018-01-10 11:31:56', '2018-01-10 11:31:56', '5e049195-6ccb-4ae4-afb7-c20bcf5b3de0'),
 ('882', '153', NULL, '882', '1', '8', '0', '2018-01-10 11:45:59', '2018-01-10 11:45:59', '374f9efe-2a59-45ac-8ffd-8239d69ea1d8'),
 ('883', '153', '117', '882', '2', '3', '1', '2018-01-10 11:45:59', '2018-01-10 11:45:59', 'ca55785a-e521-4c5c-9860-fde9c165586e'),
 ('884', '153', '118', '882', '4', '5', '1', '2018-01-10 11:45:59', '2018-01-10 11:45:59', 'cc6dde7c-1822-49b4-9c15-493cee65fc44'),
 ('885', '153', '119', '882', '6', '7', '1', '2018-01-10 11:45:59', '2018-01-10 11:45:59', '1d344874-16f5-4392-9ee4-95b89d54cf7e'),
 ('886', '154', NULL, '886', '1', '4', '0', '2018-01-10 11:46:17', '2018-01-10 11:46:17', 'f3639153-3abc-48ba-8e0c-08bf2bef7797'),
 ('887', '154', '121', '886', '2', '3', '1', '2018-01-10 11:46:17', '2018-01-10 11:46:17', '51510163-923a-4b83-b83a-bbb10c7a6409'),
 ('888', '155', NULL, '888', '1', '16', '0', '2018-01-10 11:57:30', '2018-01-10 11:57:30', 'ae1d926f-030e-4ec1-ad4d-9bbbd61063ce'),
 ('889', '155', '97', '888', '2', '3', '1', '2018-01-10 11:57:30', '2018-01-10 11:57:30', 'aa37199b-5690-4081-a1c1-e1998c1f694d'),
 ('890', '155', '80', '888', '4', '5', '1', '2018-01-10 11:57:30', '2018-01-10 11:57:30', '6c2e8f4f-64a6-4035-beb7-c02fefab837a'),
 ('891', '155', '60', '888', '6', '7', '1', '2018-01-10 11:57:30', '2018-01-10 11:57:30', 'fafd2878-ef74-40ae-bfe5-e2ef50f09c6f'),
 ('892', '155', '62', '888', '8', '9', '1', '2018-01-10 11:57:30', '2018-01-10 11:57:30', '40d6b30d-e378-4dda-9542-d135aa7dbc9b'),
 ('893', '155', '173', '888', '10', '11', '1', '2018-01-10 11:57:30', '2018-01-10 11:57:30', 'dbbd09f4-74db-4840-8e21-81a2b722119d'),
 ('894', '155', '123', '888', '12', '13', '1', '2018-01-10 11:57:30', '2018-01-10 11:57:30', '1cbb9ee1-0804-4aec-9dd0-0843babc3b5c'),
 ('895', '155', '124', '888', '14', '15', '1', '2018-01-10 11:57:30', '2018-01-10 11:57:30', 'a4166f11-69d9-4fd7-abbb-9e39394bdc30'),
 ('904', '159', NULL, '904', '1', '12', '0', '2018-01-10 12:12:03', '2018-01-10 12:12:03', '51738fa9-14b5-47a0-a4d5-ea44f94f7ce5'),
 ('905', '159', '102', '904', '2', '3', '1', '2018-01-10 12:12:03', '2018-01-10 12:12:03', '48822597-a9d7-44ed-97f1-44606bd2ba4f'),
 ('906', '159', '103', '904', '4', '5', '1', '2018-01-10 12:12:03', '2018-01-10 12:12:03', 'e57c9a26-012f-4420-b97c-16e43163c5a3'),
 ('907', '159', '104', '904', '6', '7', '1', '2018-01-10 12:12:03', '2018-01-10 12:12:03', '2bc6ca0b-a5da-4e38-903e-6837b4500d6e'),
 ('908', '159', '105', '904', '8', '9', '1', '2018-01-10 12:12:03', '2018-01-10 12:12:03', '553b3412-d39b-45e6-a1e4-81354fe1f952'),
 ('909', '159', '106', '904', '10', '11', '1', '2018-01-10 12:12:03', '2018-01-10 12:12:03', '80406ea6-bfea-4b21-8822-dbfb1e2935cb'),
 ('946', '170', NULL, '946', '1', '10', '0', '2018-01-10 13:17:26', '2018-01-10 13:17:26', '4aa0349d-9403-40a2-a8fc-d51f18dafd41'),
 ('947', '170', '179', '946', '2', '3', '1', '2018-01-10 13:17:26', '2018-01-10 13:17:26', '9c8ed7b2-79af-44bf-a808-a737d0791536'),
 ('948', '170', '133', '946', '4', '5', '1', '2018-01-10 13:17:26', '2018-01-10 13:17:26', '8b1d239a-be8c-4db4-8de0-e1548ca2ccb7'),
 ('949', '170', '134', '946', '6', '7', '1', '2018-01-10 13:17:26', '2018-01-10 13:17:26', 'd5d6437a-c34d-4be6-98e1-c1c905e22c58'),
 ('950', '170', '135', '946', '8', '9', '1', '2018-01-10 13:17:26', '2018-01-10 13:17:26', '336d2274-c043-42d5-b1bc-143848fe7bdc'),
 ('958', '173', NULL, '958', '1', '12', '0', '2018-01-10 13:20:51', '2018-01-10 13:20:51', '29c36c03-01eb-4d2d-b486-5b4e9bfd10d6'),
 ('959', '173', '180', '958', '2', '3', '1', '2018-01-10 13:20:51', '2018-01-10 13:20:51', 'f997072f-9004-4af1-ab65-6e980e07cbde'),
 ('960', '173', '165', '958', '4', '5', '1', '2018-01-10 13:20:51', '2018-01-10 13:20:51', '7938acfd-8cd5-43d2-9d8c-7a9474ca4c26'),
 ('961', '173', '182', '958', '6', '7', '1', '2018-01-10 13:20:51', '2018-01-10 13:20:51', '22752aac-294e-4085-930e-ea916df36abc'),
 ('962', '173', '183', '958', '8', '9', '1', '2018-01-10 13:20:51', '2018-01-10 13:20:51', '1c9f60a2-2159-481a-aad8-63c9901299be'),
 ('963', '173', '184', '958', '10', '11', '1', '2018-01-10 13:20:51', '2018-01-10 13:20:51', '0ca4a5ec-e285-4538-9e39-3ddf81df196d'),
 ('964', '174', NULL, '964', '1', '4', '0', '2018-01-10 13:22:13', '2018-01-10 13:22:13', '77ba5902-a2d8-497c-9c16-52194685d88b'),
 ('965', '174', '185', '964', '2', '3', '1', '2018-01-10 13:22:13', '2018-01-10 13:22:13', 'fd7bfcbc-11d3-4883-839a-aca889ceef54'),
 ('966', '175', NULL, '966', '1', '4', '0', '2018-01-10 13:23:24', '2018-01-10 13:23:24', '843a59f9-fa10-47f6-aa1d-fb85454497cd'),
 ('967', '175', '186', '966', '2', '3', '1', '2018-01-10 13:23:24', '2018-01-10 13:23:24', '1ff160b9-4fde-4b6a-83bf-0132efd8bede'),
 ('968', '176', NULL, '968', '1', '4', '0', '2018-01-10 13:27:32', '2018-01-10 13:27:32', '3ecde5d9-4412-45e6-acf8-ce702a7b9fb5'),
 ('969', '176', '74', '968', '2', '3', '1', '2018-01-10 13:27:32', '2018-01-10 13:27:32', 'b74c8967-56a7-4e51-83af-a2f1b35ee1c6'),
 ('970', '177', NULL, '970', '1', '4', '0', '2018-01-10 14:07:06', '2018-01-10 14:07:06', '462b6634-17b1-4c6a-a96d-147652da0373'),
 ('971', '177', '190', '970', '2', '3', '1', '2018-01-10 14:07:06', '2018-01-10 14:07:06', 'df569747-32fd-4a09-9099-c2c5d6ad20e9'),
 ('972', '178', NULL, '972', '1', '4', '0', '2018-01-10 14:08:30', '2018-01-10 14:08:30', '1ce6765f-9294-41bc-b00b-83676ceb20b2'),
 ('973', '178', '193', '972', '2', '3', '1', '2018-01-10 14:08:30', '2018-01-10 14:08:30', 'b26e50b0-5a9c-4f10-a1e4-243e857f5b9b'),
 ('974', '179', NULL, '974', '1', '4', '0', '2018-01-10 14:10:01', '2018-01-10 14:10:01', 'e35e798d-779d-4879-b45b-96b36f04ed5d'),
 ('975', '179', '196', '974', '2', '3', '1', '2018-01-10 14:10:01', '2018-01-10 14:10:01', '818629c2-98ff-4604-82ab-10f688b9821c'),
 ('978', '182', NULL, '978', '1', '4', '0', '2018-01-10 14:16:19', '2018-01-10 14:16:19', 'd9215f7f-beb5-4160-b924-21825c1aa3ab'),
 ('979', '182', '202', '978', '2', '3', '1', '2018-01-10 14:16:19', '2018-01-10 14:16:19', 'c25278ed-9b0f-4265-85f6-d9e3cffc3824'),
 ('988', '184', NULL, '988', '1', '16', '0', '2018-01-10 14:33:47', '2018-01-10 14:33:47', 'fe6877ad-7607-4e77-8aa0-089991778dcd'),
 ('989', '184', '177', '988', '2', '3', '1', '2018-01-10 14:33:47', '2018-01-10 14:33:47', 'c970ad41-4b02-4fa5-bd63-1c7ab4da1d87'),
 ('990', '184', '142', '988', '4', '5', '1', '2018-01-10 14:33:47', '2018-01-10 14:33:47', 'b40f969f-cbb7-451a-a97d-ce433593064c'),
 ('991', '184', '203', '988', '6', '7', '1', '2018-01-10 14:33:47', '2018-01-10 14:33:47', '6c7a6b3f-f68e-4134-a8e4-62a7eaf691ea'),
 ('992', '184', '204', '988', '8', '9', '1', '2018-01-10 14:33:47', '2018-01-10 14:33:47', 'e670fe2b-213c-4865-a370-2fd9b4afd844');
INSERT INTO `craft_structureelements` (`id`, `structureId`, `elementId`, `root`, `lft`, `rgt`, `level`, `dateCreated`, `dateUpdated`, `uid`) VALUES
 ('993', '184', '205', '988', '10', '11', '1', '2018-01-10 14:33:47', '2018-01-10 14:33:47', '2d8e89ae-6194-42ab-862e-b69d988d733f'),
 ('994', '184', '206', '988', '12', '13', '1', '2018-01-10 14:33:47', '2018-01-10 14:33:47', '06a879fe-de19-4645-a651-0a05be1ede45'),
 ('995', '184', '207', '988', '14', '15', '1', '2018-01-10 14:33:47', '2018-01-10 14:33:47', 'd7acea30-e34d-4718-a503-1f10c436e055');



DROP TABLE IF EXISTS `craft_structures`;


--
-- Schema for table `craft_structures`
--
CREATE TABLE `craft_structures` (
  `id` int(11) NOT NULL AUTO_INCREMENT,
  `maxLevels` smallint(6) unsigned DEFAULT NULL,
  `dateCreated` datetime NOT NULL,
  `dateUpdated` datetime NOT NULL,
  `uid` char(36) COLLATE utf8_unicode_ci NOT NULL DEFAULT '0',
  PRIMARY KEY (`id`)
) ENGINE=InnoDB AUTO_INCREMENT=185 DEFAULT CHARSET=utf8 COLLATE=utf8_unicode_ci;

--
-- Data for table `craft_structures`
--

INSERT INTO `craft_structures` (`id`, `maxLevels`, `dateCreated`, `dateUpdated`, `uid`) VALUES
 ('1', NULL, '2017-09-15 09:20:07', '2017-09-21 08:56:42', '0711fcf2-342e-4f0f-9c8e-7a6ac7d1ff1d'),
 ('2', NULL, '2017-09-15 09:20:42', '2017-09-15 09:20:42', '00d9e334-55d9-494d-91d6-b6981d704e29'),
 ('3', NULL, '2017-09-15 09:53:34', '2017-09-20 09:04:44', 'd4f6277a-8852-4feb-89df-bd7c361c28c6'),
 ('39', NULL, '2017-09-21 08:27:56', '2017-09-21 08:27:56', '74e87de7-90f6-4c50-8b4d-77acc3132a09'),
 ('49', NULL, '2017-09-21 09:14:07', '2017-09-21 09:14:07', 'b991a79b-5e00-4069-9b47-90e1eeebddf9'),
 ('52', NULL, '2017-09-21 10:14:10', '2017-09-21 10:14:10', '755c0fb6-a01a-4e01-a65c-2e4391511e53'),
 ('54', NULL, '2017-09-21 10:23:14', '2017-09-21 10:23:14', '84096e09-0189-4f69-b51a-e9350c69c2a4'),
 ('60', NULL, '2017-09-23 18:27:51', '2017-09-23 18:27:51', 'b680c262-ee3c-4657-937d-bbda472f6b02'),
 ('61', NULL, '2017-09-23 18:28:08', '2017-09-23 18:28:08', '3b1144ef-d646-425c-b54a-862db00d611d'),
 ('62', NULL, '2017-09-23 18:28:42', '2017-09-23 18:28:42', '7d3108a0-3c29-4dad-b677-6e7596847229'),
 ('110', NULL, '2017-12-15 14:19:55', '2017-12-15 14:19:55', '4d57ca27-a0fe-4736-96df-73cd9d700672'),
 ('111', NULL, '2017-12-15 14:20:17', '2017-12-15 14:20:17', '3f30ecbc-1140-46ff-a9a9-5368002f4273'),
 ('115', NULL, '2017-12-15 15:17:50', '2017-12-15 15:17:50', '9fb74750-f6a6-44ee-ad64-dc7a0123296a'),
 ('126', NULL, '2017-12-17 13:35:05', '2017-12-17 13:35:05', '2e173e99-dd9e-483f-b7ff-f9172bb39cbe'),
 ('128', NULL, '2017-12-17 19:00:21', '2017-12-17 19:00:21', '2d52947f-02f3-45e9-b175-0583fcdad5b8'),
 ('130', NULL, '2017-12-17 19:33:54', '2017-12-17 19:33:54', 'b8379382-8c31-49ad-861c-f43c8b5fd735'),
 ('131', NULL, '2017-12-17 19:41:26', '2017-12-17 19:41:26', '0471333d-ce4b-4d13-9ac5-0aad975f9911'),
 ('145', NULL, '2018-01-10 11:31:56', '2018-01-10 11:31:56', '42b33818-b569-49c1-9838-4d7f95ad587f'),
 ('153', NULL, '2018-01-10 11:45:59', '2018-01-10 11:45:59', 'edf8cba9-14e7-4b51-9544-51ac09fad657'),
 ('154', NULL, '2018-01-10 11:46:17', '2018-01-10 11:46:17', '90b183a3-1cf2-49f2-b1af-218698dda336'),
 ('155', NULL, '2018-01-10 11:57:30', '2018-01-10 11:57:30', '93e40144-5cff-499b-be05-f2359bc1b697'),
 ('159', NULL, '2018-01-10 12:12:03', '2018-01-10 12:12:03', '4aa3d491-a442-4fc0-a213-def019a14cc6'),
 ('170', NULL, '2018-01-10 13:17:26', '2018-01-10 13:17:26', '4669a1e8-3483-4247-89f1-27694542840d'),
 ('173', NULL, '2018-01-10 13:20:51', '2018-01-10 13:20:51', 'e6e462e3-f3c7-46a0-8c52-f6cb75437180'),
 ('174', NULL, '2018-01-10 13:22:13', '2018-01-10 13:22:13', '4f8a6c88-a0b6-43c3-958a-dae9d9cdb656'),
 ('175', NULL, '2018-01-10 13:23:24', '2018-01-10 13:23:24', '5f3f7854-1322-4d25-928e-b1e58e54ae52'),
 ('176', NULL, '2018-01-10 13:27:32', '2018-01-10 13:27:32', 'df586240-9f04-44a9-86eb-494312b13c26'),
 ('177', NULL, '2018-01-10 14:07:06', '2018-01-10 14:07:06', '5272a08d-ee88-47bf-bf6f-29685b6775c7'),
 ('178', NULL, '2018-01-10 14:08:30', '2018-01-10 14:08:30', 'a77b5015-84f4-461a-892f-790796ea925e'),
 ('179', NULL, '2018-01-10 14:10:01', '2018-01-10 14:10:01', '77fc6398-f3d5-4193-9570-1378a50284d2'),
 ('181', NULL, '2018-01-10 14:12:30', '2018-01-10 14:12:30', '56fe88fb-69ed-4f9d-8661-e14f3be7bbfd'),
 ('182', NULL, '2018-01-10 14:16:19', '2018-01-10 14:16:19', '2ba89d80-126d-4862-a0b1-bd308b0448b8'),
 ('184', NULL, '2018-01-10 14:33:47', '2018-01-10 14:33:47', '45f8469a-e5b2-4876-8498-c249582dbfba');



DROP TABLE IF EXISTS `craft_systemsettings`;


--
-- Schema for table `craft_systemsettings`
--
CREATE TABLE `craft_systemsettings` (
  `id` int(11) NOT NULL AUTO_INCREMENT,
  `category` varchar(15) COLLATE utf8_unicode_ci NOT NULL,
  `settings` text COLLATE utf8_unicode_ci,
  `dateCreated` datetime NOT NULL,
  `dateUpdated` datetime NOT NULL,
  `uid` char(36) COLLATE utf8_unicode_ci NOT NULL DEFAULT '0',
  PRIMARY KEY (`id`),
  UNIQUE KEY `craft_systemsettings_category_unq_idx` (`category`)
) ENGINE=InnoDB AUTO_INCREMENT=2 DEFAULT CHARSET=utf8 COLLATE=utf8_unicode_ci;

--
-- Data for table `craft_systemsettings`
--

INSERT INTO `craft_systemsettings` (`id`, `category`, `settings`, `dateCreated`, `dateUpdated`, `uid`) VALUES
 ('1', 'email', '{\"protocol\":\"php\",\"emailAddress\":\"magnus@skogen.io\",\"senderName\":\"Credo\"}', '2017-09-15 09:15:46', '2017-09-15 09:15:46', 'cd4acc5a-0709-4c29-9d78-845b93a6870b');



DROP TABLE IF EXISTS `craft_taggroups`;


--
-- Schema for table `craft_taggroups`
--
CREATE TABLE `craft_taggroups` (
  `id` int(11) NOT NULL AUTO_INCREMENT,
  `name` varchar(255) COLLATE utf8_unicode_ci NOT NULL,
  `handle` varchar(255) COLLATE utf8_unicode_ci NOT NULL,
  `fieldLayoutId` int(10) DEFAULT NULL,
  `dateCreated` datetime NOT NULL,
  `dateUpdated` datetime NOT NULL,
  `uid` char(36) COLLATE utf8_unicode_ci NOT NULL DEFAULT '0',
  PRIMARY KEY (`id`),
  UNIQUE KEY `craft_taggroups_name_unq_idx` (`name`),
  UNIQUE KEY `craft_taggroups_handle_unq_idx` (`handle`),
  KEY `craft_taggroups_fieldLayoutId_fk` (`fieldLayoutId`)
) ENGINE=InnoDB AUTO_INCREMENT=2 DEFAULT CHARSET=utf8 COLLATE=utf8_unicode_ci;

--
-- Data for table `craft_taggroups`
--

INSERT INTO `craft_taggroups` (`id`, `name`, `handle`, `fieldLayoutId`, `dateCreated`, `dateUpdated`, `uid`) VALUES
 ('1', 'Default', 'default', '1', '2017-09-15 09:15:46', '2017-09-15 09:15:46', '34032c54-5c4b-4895-b996-1fd98fe11e4f');



DROP TABLE IF EXISTS `craft_tags`;


--
-- Schema for table `craft_tags`
--
CREATE TABLE `craft_tags` (
  `id` int(11) NOT NULL,
  `groupId` int(11) NOT NULL,
  `dateCreated` datetime NOT NULL,
  `dateUpdated` datetime NOT NULL,
  `uid` char(36) COLLATE utf8_unicode_ci NOT NULL DEFAULT '0',
  PRIMARY KEY (`id`),
  KEY `craft_tags_groupId_fk` (`groupId`)
) ENGINE=InnoDB DEFAULT CHARSET=utf8 COLLATE=utf8_unicode_ci;

DROP TABLE IF EXISTS `craft_tasks`;


--
-- Schema for table `craft_tasks`
--
CREATE TABLE `craft_tasks` (
  `id` int(11) NOT NULL AUTO_INCREMENT,
  `root` int(11) unsigned DEFAULT NULL,
  `lft` int(11) unsigned NOT NULL,
  `rgt` int(11) unsigned NOT NULL,
  `level` smallint(6) unsigned NOT NULL,
  `currentStep` int(11) unsigned DEFAULT NULL,
  `totalSteps` int(11) unsigned DEFAULT NULL,
  `status` enum('pending','error','running') COLLATE utf8_unicode_ci DEFAULT NULL,
  `type` varchar(150) COLLATE utf8_unicode_ci NOT NULL,
  `description` varchar(255) COLLATE utf8_unicode_ci DEFAULT NULL,
  `settings` mediumtext COLLATE utf8_unicode_ci,
  `dateCreated` datetime NOT NULL,
  `dateUpdated` datetime NOT NULL,
  `uid` char(36) COLLATE utf8_unicode_ci NOT NULL DEFAULT '0',
  PRIMARY KEY (`id`),
  KEY `craft_tasks_root_idx` (`root`),
  KEY `craft_tasks_lft_idx` (`lft`),
  KEY `craft_tasks_rgt_idx` (`rgt`),
  KEY `craft_tasks_level_idx` (`level`)
) ENGINE=InnoDB AUTO_INCREMENT=131 DEFAULT CHARSET=utf8 COLLATE=utf8_unicode_ci;

DROP TABLE IF EXISTS `craft_templatecachecriteria`;


--
-- Schema for table `craft_templatecachecriteria`
--
CREATE TABLE `craft_templatecachecriteria` (
  `id` int(11) NOT NULL AUTO_INCREMENT,
  `cacheId` int(11) NOT NULL,
  `type` varchar(150) COLLATE utf8_unicode_ci NOT NULL,
  `criteria` text COLLATE utf8_unicode_ci NOT NULL,
  PRIMARY KEY (`id`),
  KEY `craft_templatecachecriteria_cacheId_fk` (`cacheId`),
  KEY `craft_templatecachecriteria_type_idx` (`type`)
) ENGINE=InnoDB DEFAULT CHARSET=utf8 COLLATE=utf8_unicode_ci;

DROP TABLE IF EXISTS `craft_templatecacheelements`;


--
-- Schema for table `craft_templatecacheelements`
--
CREATE TABLE `craft_templatecacheelements` (
  `cacheId` int(11) NOT NULL,
  `elementId` int(11) NOT NULL,
  KEY `craft_templatecacheelements_cacheId_fk` (`cacheId`),
  KEY `craft_templatecacheelements_elementId_fk` (`elementId`)
) ENGINE=InnoDB DEFAULT CHARSET=utf8 COLLATE=utf8_unicode_ci;

DROP TABLE IF EXISTS `craft_templatecaches`;


--
-- Schema for table `craft_templatecaches`
--
CREATE TABLE `craft_templatecaches` (
  `id` int(11) NOT NULL AUTO_INCREMENT,
  `cacheKey` varchar(255) COLLATE utf8_unicode_ci NOT NULL,
  `locale` char(12) COLLATE utf8_unicode_ci NOT NULL,
  `path` varchar(255) COLLATE utf8_unicode_ci DEFAULT NULL,
  `expiryDate` datetime NOT NULL,
  `body` mediumtext COLLATE utf8_unicode_ci NOT NULL,
  PRIMARY KEY (`id`),
  KEY `craft_templatecaches_expiryDate_cacheKey_locale_path_idx` (`expiryDate`,`cacheKey`,`locale`,`path`),
  KEY `craft_templatecaches_locale_fk` (`locale`)
) ENGINE=InnoDB DEFAULT CHARSET=utf8 COLLATE=utf8_unicode_ci;

DROP TABLE IF EXISTS `craft_tokens`;


--
-- Schema for table `craft_tokens`
--
CREATE TABLE `craft_tokens` (
  `id` int(11) NOT NULL AUTO_INCREMENT,
  `token` char(32) COLLATE utf8_unicode_ci NOT NULL,
  `route` text COLLATE utf8_unicode_ci,
  `usageLimit` tinyint(3) unsigned DEFAULT NULL,
  `usageCount` tinyint(3) unsigned DEFAULT NULL,
  `expiryDate` datetime NOT NULL,
  `dateCreated` datetime NOT NULL,
  `dateUpdated` datetime NOT NULL,
  `uid` char(36) COLLATE utf8_unicode_ci NOT NULL DEFAULT '0',
  PRIMARY KEY (`id`),
  UNIQUE KEY `craft_tokens_token_unq_idx` (`token`),
  KEY `craft_tokens_expiryDate_idx` (`expiryDate`)
) ENGINE=InnoDB DEFAULT CHARSET=utf8 COLLATE=utf8_unicode_ci;

DROP TABLE IF EXISTS `craft_usergroups`;


--
-- Schema for table `craft_usergroups`
--
CREATE TABLE `craft_usergroups` (
  `id` int(11) NOT NULL AUTO_INCREMENT,
  `name` varchar(255) COLLATE utf8_unicode_ci NOT NULL,
  `handle` varchar(255) COLLATE utf8_unicode_ci NOT NULL,
  `dateCreated` datetime NOT NULL,
  `dateUpdated` datetime NOT NULL,
  `uid` char(36) COLLATE utf8_unicode_ci NOT NULL DEFAULT '0',
  PRIMARY KEY (`id`),
  UNIQUE KEY `craft_usergroups_name_unq_idx` (`name`),
  UNIQUE KEY `craft_usergroups_handle_unq_idx` (`handle`)
) ENGINE=InnoDB AUTO_INCREMENT=2 DEFAULT CHARSET=utf8 COLLATE=utf8_unicode_ci;

--
-- Data for table `craft_usergroups`
--

INSERT INTO `craft_usergroups` (`id`, `name`, `handle`, `dateCreated`, `dateUpdated`, `uid`) VALUES
 ('1', 'Credo', 'credo', '2017-09-21 09:42:04', '2017-09-21 09:42:04', '99ea8e45-3491-4be2-b76d-54f155c9c039');



DROP TABLE IF EXISTS `craft_usergroups_users`;


--
-- Schema for table `craft_usergroups_users`
--
CREATE TABLE `craft_usergroups_users` (
  `id` int(11) NOT NULL AUTO_INCREMENT,
  `groupId` int(11) NOT NULL,
  `userId` int(11) NOT NULL,
  `dateCreated` datetime NOT NULL,
  `dateUpdated` datetime NOT NULL,
  `uid` char(36) COLLATE utf8_unicode_ci NOT NULL DEFAULT '0',
  PRIMARY KEY (`id`),
  UNIQUE KEY `craft_usergroups_users_groupId_userId_unq_idx` (`groupId`,`userId`),
  KEY `craft_usergroups_users_userId_fk` (`userId`)
) ENGINE=InnoDB AUTO_INCREMENT=5 DEFAULT CHARSET=utf8 COLLATE=utf8_unicode_ci;

--
-- Data for table `craft_usergroups_users`
--

INSERT INTO `craft_usergroups_users` (`id`, `groupId`, `userId`, `dateCreated`, `dateUpdated`, `uid`) VALUES
 ('1', '1', '49', '2017-09-21 09:46:55', '2017-09-21 09:46:55', 'b1bedb9e-6d90-43fc-ba0f-bc4942cd6217'),
 ('2', '1', '50', '2017-09-21 09:47:25', '2017-09-21 09:47:25', '4fc4aea3-bf3f-4df6-9871-b7efdda4e981'),
 ('3', '1', '59', '2017-09-21 10:27:29', '2017-09-21 10:27:29', '99aeafff-b88e-4d23-ab42-8821ffa8d97e'),
 ('4', '1', '66', '2017-09-21 13:23:04', '2017-09-21 13:23:04', '7559bdaa-57f7-4850-9c60-6b636737f61f');



DROP TABLE IF EXISTS `craft_userpermissions`;


--
-- Schema for table `craft_userpermissions`
--
CREATE TABLE `craft_userpermissions` (
  `id` int(11) NOT NULL AUTO_INCREMENT,
  `name` varchar(255) COLLATE utf8_unicode_ci NOT NULL,
  `dateCreated` datetime NOT NULL,
  `dateUpdated` datetime NOT NULL,
  `uid` char(36) COLLATE utf8_unicode_ci NOT NULL DEFAULT '0',
  PRIMARY KEY (`id`),
  UNIQUE KEY `craft_userpermissions_name_unq_idx` (`name`)
) ENGINE=InnoDB AUTO_INCREMENT=35 DEFAULT CHARSET=utf8 COLLATE=utf8_unicode_ci;

--
-- Data for table `craft_userpermissions`
--

INSERT INTO `craft_userpermissions` (`id`, `name`, `dateCreated`, `dateUpdated`, `uid`) VALUES
 ('1', 'accesssitewhensystemisoff', '2017-09-21 09:42:04', '2017-09-21 09:42:04', 'd09c9dca-5c6a-40fd-afad-7527393a0935'),
 ('2', 'accesscp', '2017-09-21 09:42:04', '2017-09-21 09:42:04', '0f6bdaaf-43d7-4111-9c95-4df87e6e6edb'),
 ('3', 'registerusers', '2017-09-21 09:42:04', '2017-09-21 09:42:04', 'e6c7a55b-31f2-4b90-9fbb-3f3a9d6fcf7d'),
 ('4', 'assignuserpermissions', '2017-09-21 09:42:04', '2017-09-21 09:42:04', 'fff4ff77-94d1-48f7-b91f-e7a125cc9575'),
 ('5', 'changeuseremails', '2017-09-21 09:42:04', '2017-09-21 09:42:04', '22a13c0c-d0d7-4a48-9515-b1cd4cd287f0'),
 ('6', 'administrateusers', '2017-09-21 09:42:04', '2017-09-21 09:42:04', '4f8d6c71-a811-48f2-8863-74a4232032aa'),
 ('7', 'editusers', '2017-09-21 09:42:04', '2017-09-21 09:42:04', '1807d911-de3b-4180-a344-7b1f19a52d63'),
 ('8', 'deleteusers', '2017-09-21 09:42:04', '2017-09-21 09:42:04', 'dead8079-ec44-4bac-9aa1-9482cad84177'),
 ('9', 'createentries:3', '2017-09-21 09:42:04', '2017-09-21 09:42:04', '185bc9ff-951a-44fd-bb43-7a1c29c4b96b'),
 ('10', 'publishentries:3', '2017-09-21 09:42:04', '2017-09-21 09:42:04', '2c2e1f09-292d-49e3-9dbc-bd7a16be7a68'),
 ('11', 'deleteentries:3', '2017-09-21 09:42:04', '2017-09-21 09:42:04', 'a55a2406-e4bf-4d94-880f-eb686d4e6c50'),
 ('12', 'publishpeerentries:3', '2017-09-21 09:42:04', '2017-09-21 09:42:04', '9756f98a-dbce-4a70-9435-322378b291e1'),
 ('13', 'deletepeerentries:3', '2017-09-21 09:42:04', '2017-09-21 09:42:04', 'db2c0294-b231-4472-a661-33b7c9f5ab0f'),
 ('14', 'editpeerentries:3', '2017-09-21 09:42:04', '2017-09-21 09:42:04', '62576e7c-d09b-484c-a236-b6118e7bdd04'),
 ('15', 'publishpeerentrydrafts:3', '2017-09-21 09:42:04', '2017-09-21 09:42:04', 'dd90712c-7c32-4938-ba91-5dfcce8e248f'),
 ('16', 'deletepeerentrydrafts:3', '2017-09-21 09:42:04', '2017-09-21 09:42:04', 'fea7a4bb-cf7f-42f9-a05d-4dc40f7aa0e2'),
 ('17', 'editpeerentrydrafts:3', '2017-09-21 09:42:04', '2017-09-21 09:42:04', 'dbee3f53-0a3e-4807-87ee-ea7c45fe5b97'),
 ('18', 'editentries:3', '2017-09-21 09:42:04', '2017-09-21 09:42:04', 'e63e1a55-38cf-45a1-b228-1cbea1d26591'),
 ('19', 'createentries:4', '2017-09-21 09:42:04', '2017-09-21 09:42:04', '396763ca-9c79-4aeb-b71e-d4b3d37f5b39'),
 ('20', 'publishentries:4', '2017-09-21 09:42:04', '2017-09-21 09:42:04', 'f0cf9f2b-4b77-4648-a1d4-4413c2d16eee'),
 ('21', 'deleteentries:4', '2017-09-21 09:42:04', '2017-09-21 09:42:04', 'eeb5422f-aa16-430c-b660-55ac0e953362'),
 ('22', 'publishpeerentries:4', '2017-09-21 09:42:04', '2017-09-21 09:42:04', '0be16fe0-817e-481d-8e2e-71cf18686a2c'),
 ('23', 'deletepeerentries:4', '2017-09-21 09:42:04', '2017-09-21 09:42:04', '9b409f16-3ea0-4230-a120-7b6c8b293eea'),
 ('24', 'editpeerentries:4', '2017-09-21 09:42:04', '2017-09-21 09:42:04', '2da3c15a-9a24-4f65-bbc0-30d93b23c488'),
 ('25', 'publishpeerentrydrafts:4', '2017-09-21 09:42:04', '2017-09-21 09:42:04', 'da145bf1-586d-4dce-bda5-445e1f6e7074'),
 ('26', 'deletepeerentrydrafts:4', '2017-09-21 09:42:04', '2017-09-21 09:42:04', 'a7948fc5-7428-4320-b947-9e549df63ebe'),
 ('27', 'editpeerentrydrafts:4', '2017-09-21 09:42:04', '2017-09-21 09:42:04', '2eb33198-8f42-4dd2-8ee1-917a30f7c381'),
 ('28', 'editentries:4', '2017-09-21 09:42:04', '2017-09-21 09:42:04', 'dd97a1a0-39db-46ee-a678-8c6d96a00c3b'),
 ('29', 'editcategories:1', '2017-09-21 09:42:04', '2017-09-21 09:42:04', '22b57f04-d9dc-41da-9ae8-e44f10b15d5c'),
 ('30', 'editcategories:2', '2017-09-21 09:42:04', '2017-09-21 09:42:04', '1979bee7-9156-4342-99c6-cffd06ea7fb4'),
 ('31', 'uploadtoassetsource:1', '2017-09-21 09:42:04', '2017-09-21 09:42:04', '75a0380e-1bce-47e6-b74e-17580dbde7e7'),
 ('32', 'createsubfoldersinassetsource:1', '2017-09-21 09:42:04', '2017-09-21 09:42:04', '48b9fe4d-a571-4772-b3fc-9cb8428ed7dd'),
 ('33', 'removefromassetsource:1', '2017-09-21 09:42:04', '2017-09-21 09:42:04', '2be3145b-7ff1-4d98-80f2-a14f24ad7b57'),
 ('34', 'viewassetsource:1', '2017-09-21 09:42:04', '2017-09-21 09:42:04', '6a0da8a9-cdbc-4ba9-97a8-570656694fa2');



DROP TABLE IF EXISTS `craft_userpermissions_usergroups`;


--
-- Schema for table `craft_userpermissions_usergroups`
--
CREATE TABLE `craft_userpermissions_usergroups` (
  `id` int(11) NOT NULL AUTO_INCREMENT,
  `permissionId` int(11) NOT NULL,
  `groupId` int(11) NOT NULL,
  `dateCreated` datetime NOT NULL,
  `dateUpdated` datetime NOT NULL,
  `uid` char(36) COLLATE utf8_unicode_ci NOT NULL DEFAULT '0',
  PRIMARY KEY (`id`),
  UNIQUE KEY `craft_userpermissions_usergroups_permissionId_groupId_unq_idx` (`permissionId`,`groupId`),
  KEY `craft_userpermissions_usergroups_groupId_fk` (`groupId`)
) ENGINE=InnoDB AUTO_INCREMENT=35 DEFAULT CHARSET=utf8 COLLATE=utf8_unicode_ci;

--
-- Data for table `craft_userpermissions_usergroups`
--

INSERT INTO `craft_userpermissions_usergroups` (`id`, `permissionId`, `groupId`, `dateCreated`, `dateUpdated`, `uid`) VALUES
 ('1', '1', '1', '2017-09-21 09:42:04', '2017-09-21 09:42:04', '608bbbcb-80bb-4121-bd44-4ee30bafe3f3'),
 ('2', '2', '1', '2017-09-21 09:42:04', '2017-09-21 09:42:04', '6269b227-8ac6-4953-85ef-44cf4904b21e'),
 ('3', '3', '1', '2017-09-21 09:42:04', '2017-09-21 09:42:04', '02bb14fd-6a10-4758-a983-b64c2f3088d2'),
 ('4', '4', '1', '2017-09-21 09:42:04', '2017-09-21 09:42:04', '0fa42f57-47b2-4389-ada1-626afde7dc80'),
 ('5', '5', '1', '2017-09-21 09:42:04', '2017-09-21 09:42:04', 'd67a12a5-16da-4454-8ec0-8684103fe71b'),
 ('6', '6', '1', '2017-09-21 09:42:04', '2017-09-21 09:42:04', '92f1060f-70f1-427d-bbcc-f684ec8a42f4'),
 ('7', '7', '1', '2017-09-21 09:42:04', '2017-09-21 09:42:04', 'be505694-917a-4315-b95b-d86efec10da9'),
 ('8', '8', '1', '2017-09-21 09:42:04', '2017-09-21 09:42:04', 'bae96d62-7822-4a2b-82e6-b9c8689e6188'),
 ('9', '9', '1', '2017-09-21 09:42:04', '2017-09-21 09:42:04', '5eaff5e2-b46a-4904-8d61-96f374046863'),
 ('10', '10', '1', '2017-09-21 09:42:04', '2017-09-21 09:42:04', 'cb178268-8c4c-423c-b5f9-a639416a45cd'),
 ('11', '11', '1', '2017-09-21 09:42:04', '2017-09-21 09:42:04', '60a366af-08d3-4d7f-b18a-f40c3475d027'),
 ('12', '12', '1', '2017-09-21 09:42:04', '2017-09-21 09:42:04', 'd40b9afb-c247-4a21-bdab-972095401e49'),
 ('13', '13', '1', '2017-09-21 09:42:04', '2017-09-21 09:42:04', '852d9150-9cd2-41cd-8a62-fc14219c3b37'),
 ('14', '14', '1', '2017-09-21 09:42:04', '2017-09-21 09:42:04', 'ddb4e1cf-c7bd-4446-9d43-46c6b355c67d'),
 ('15', '15', '1', '2017-09-21 09:42:04', '2017-09-21 09:42:04', '6c6c5eae-3a4f-477c-a5e5-fec2f248c438'),
 ('16', '16', '1', '2017-09-21 09:42:04', '2017-09-21 09:42:04', 'bad634ec-96e4-4372-8832-c724ad870cf7'),
 ('17', '17', '1', '2017-09-21 09:42:04', '2017-09-21 09:42:04', 'ba7dc906-690d-47f1-8951-dec00f1a9484'),
 ('18', '18', '1', '2017-09-21 09:42:04', '2017-09-21 09:42:04', '2a49b500-3c76-4e67-9274-4bb55f582398'),
 ('19', '19', '1', '2017-09-21 09:42:04', '2017-09-21 09:42:04', 'a7728931-ef84-48d5-b293-e5f66e075c41'),
 ('20', '20', '1', '2017-09-21 09:42:04', '2017-09-21 09:42:04', '7178443b-26ee-42a1-bc5e-faf8578a3f20'),
 ('21', '21', '1', '2017-09-21 09:42:04', '2017-09-21 09:42:04', '6907e27e-c6a6-4c99-aa2d-703ab9fa1fe0'),
 ('22', '22', '1', '2017-09-21 09:42:04', '2017-09-21 09:42:04', 'f197ffba-bc9b-466e-b214-60574616c3af'),
 ('23', '23', '1', '2017-09-21 09:42:04', '2017-09-21 09:42:04', '69abc19e-02c9-48ac-974a-81f7bcfecac8'),
 ('24', '24', '1', '2017-09-21 09:42:04', '2017-09-21 09:42:04', '24db9afc-9eca-46a8-b34c-c220ed7101d3'),
 ('25', '25', '1', '2017-09-21 09:42:04', '2017-09-21 09:42:04', 'a23c20bd-181b-487c-81fc-f4d07430eb08'),
 ('26', '26', '1', '2017-09-21 09:42:04', '2017-09-21 09:42:04', '3dd6ad13-683b-4383-a49c-f3a96be37b9e'),
 ('27', '27', '1', '2017-09-21 09:42:04', '2017-09-21 09:42:04', 'ce720817-76cb-46c8-8113-3c4d3087d222'),
 ('28', '28', '1', '2017-09-21 09:42:04', '2017-09-21 09:42:04', '58717d45-a4a6-4e93-a921-d2b33676e516'),
 ('29', '29', '1', '2017-09-21 09:42:04', '2017-09-21 09:42:04', 'de5b4331-17ea-4a02-8a41-3dc09c4b8542'),
 ('30', '30', '1', '2017-09-21 09:42:04', '2017-09-21 09:42:04', 'bbdcd6ed-c254-403d-ac29-cd8006f9eeb5'),
 ('31', '31', '1', '2017-09-21 09:42:04', '2017-09-21 09:42:04', 'd7bc1949-405f-4e9b-a70e-81db8d9f8017'),
 ('32', '32', '1', '2017-09-21 09:42:04', '2017-09-21 09:42:04', '167128eb-5fa4-4221-ba69-813ee603bfc2'),
 ('33', '33', '1', '2017-09-21 09:42:04', '2017-09-21 09:42:04', 'f324b4b3-9842-42b8-b7aa-61498e1166d2'),
 ('34', '34', '1', '2017-09-21 09:42:04', '2017-09-21 09:42:04', '5644d321-986c-44b7-83d8-792e7ff29925');



DROP TABLE IF EXISTS `craft_userpermissions_users`;


--
-- Schema for table `craft_userpermissions_users`
--
CREATE TABLE `craft_userpermissions_users` (
  `id` int(11) NOT NULL AUTO_INCREMENT,
  `permissionId` int(11) NOT NULL,
  `userId` int(11) NOT NULL,
  `dateCreated` datetime NOT NULL,
  `dateUpdated` datetime NOT NULL,
  `uid` char(36) COLLATE utf8_unicode_ci NOT NULL DEFAULT '0',
  PRIMARY KEY (`id`),
  UNIQUE KEY `craft_userpermissions_users_permissionId_userId_unq_idx` (`permissionId`,`userId`),
  KEY `craft_userpermissions_users_userId_fk` (`userId`)
) ENGINE=InnoDB DEFAULT CHARSET=utf8 COLLATE=utf8_unicode_ci;

DROP TABLE IF EXISTS `craft_users`;


--
-- Schema for table `craft_users`
--
CREATE TABLE `craft_users` (
  `id` int(11) NOT NULL,
  `username` varchar(100) COLLATE utf8_unicode_ci NOT NULL,
  `photo` varchar(100) COLLATE utf8_unicode_ci DEFAULT NULL,
  `firstName` varchar(100) COLLATE utf8_unicode_ci DEFAULT NULL,
  `lastName` varchar(100) COLLATE utf8_unicode_ci DEFAULT NULL,
  `email` varchar(255) COLLATE utf8_unicode_ci NOT NULL,
  `password` char(255) COLLATE utf8_unicode_ci DEFAULT NULL,
  `preferredLocale` char(12) COLLATE utf8_unicode_ci DEFAULT NULL,
  `weekStartDay` tinyint(1) unsigned NOT NULL DEFAULT '0',
  `admin` tinyint(1) unsigned NOT NULL DEFAULT '0',
  `client` tinyint(1) unsigned NOT NULL DEFAULT '0',
  `locked` tinyint(1) unsigned NOT NULL DEFAULT '0',
  `suspended` tinyint(1) unsigned NOT NULL DEFAULT '0',
  `pending` tinyint(1) unsigned NOT NULL DEFAULT '0',
  `archived` tinyint(1) unsigned NOT NULL DEFAULT '0',
  `lastLoginDate` datetime DEFAULT NULL,
  `lastLoginAttemptIPAddress` varchar(45) COLLATE utf8_unicode_ci DEFAULT NULL,
  `invalidLoginWindowStart` datetime DEFAULT NULL,
  `invalidLoginCount` tinyint(4) unsigned DEFAULT NULL,
  `lastInvalidLoginDate` datetime DEFAULT NULL,
  `lockoutDate` datetime DEFAULT NULL,
  `verificationCode` char(100) COLLATE utf8_unicode_ci DEFAULT NULL,
  `verificationCodeIssuedDate` datetime DEFAULT NULL,
  `unverifiedEmail` varchar(255) COLLATE utf8_unicode_ci DEFAULT NULL,
  `passwordResetRequired` tinyint(1) unsigned NOT NULL DEFAULT '0',
  `lastPasswordChangeDate` datetime DEFAULT NULL,
  `dateCreated` datetime NOT NULL,
  `dateUpdated` datetime NOT NULL,
  `uid` char(36) COLLATE utf8_unicode_ci NOT NULL DEFAULT '0',
  PRIMARY KEY (`id`),
  UNIQUE KEY `craft_users_username_unq_idx` (`username`),
  UNIQUE KEY `craft_users_email_unq_idx` (`email`),
  KEY `craft_users_verificationCode_idx` (`verificationCode`),
  KEY `craft_users_uid_idx` (`uid`),
  KEY `craft_users_preferredLocale_fk` (`preferredLocale`)
) ENGINE=InnoDB DEFAULT CHARSET=utf8 COLLATE=utf8_unicode_ci;

--
-- Data for table `craft_users`
--

INSERT INTO `craft_users` (`id`, `username`, `photo`, `firstName`, `lastName`, `email`, `password`, `preferredLocale`, `weekStartDay`, `admin`, `client`, `locked`, `suspended`, `pending`, `archived`, `lastLoginDate`, `lastLoginAttemptIPAddress`, `invalidLoginWindowStart`, `invalidLoginCount`, `lastInvalidLoginDate`, `lockoutDate`, `verificationCode`, `verificationCodeIssuedDate`, `unverifiedEmail`, `passwordResetRequired`, `lastPasswordChangeDate`, `dateCreated`, `dateUpdated`, `uid`) VALUES
 ('1', 'magnus@skogen.io', NULL, NULL, NULL, 'magnus@skogen.io', '$2y$13$UEQzRqya2Sw/79VJGgHTReb4qAGlEfc/8V/kfZyDLXXcPvvgWwQ/2', NULL, '1', '1', '0', '0', '0', '0', '0', '2018-01-10 13:30:46', '213.145.187.186', NULL, NULL, '2017-12-11 08:15:25', NULL, NULL, NULL, NULL, '0', '2017-09-15 09:15:42', '2017-09-15 09:15:42', '2018-01-10 13:30:46', '042e3f1f-8540-4950-b83b-da6236296f86'),
 ('49', 'aasmund@skogen.io', NULL, '', '', 'aasmund@skogen.io', '$2y$13$mCC7p/HZHBXAxXvLnrRK/eTd6ps3GveGIZ0Y4rULxbjco60RrF/iK', NULL, '1', '0', '0', '0', '0', '0', '0', '2018-01-10 12:24:18', '90.149.58.50', NULL, NULL, NULL, NULL, NULL, NULL, NULL, '0', '2017-09-21 09:49:07', '2017-09-21 09:46:55', '2018-01-10 12:24:18', '43674f9d-d0ee-4255-b6d0-1ddfb9a80a5b'),
 ('50', 'havard@skogen.io', NULL, '', '', 'havard@skogen.io', '$2y$13$VjRAHi9Hmv6FQ0IrEecQzOuRorCS5mt4aAybTlhJeXGltu3nljLne', NULL, '1', '0', '0', '0', '0', '0', '0', '2017-09-21 09:49:44', '213.145.187.186', '2017-12-11 08:05:54', '1', '2017-12-11 08:05:54', NULL, '$2y$13$J2OrjM8zeQ.T3tBv6Q0TE.Q4ndEZBMSzLfu9UXhXremCOcctLAKX2', '2017-12-11 08:06:09', NULL, '0', '2017-09-21 09:48:55', '2017-09-21 09:47:25', '2017-12-11 08:06:09', '91e1485b-7a97-44cb-8f11-1a4cb6eb0e24'),
 ('59', 'karolinekaspersen@gmail.com', NULL, 'Karoline', 'Kaspersen', 'karolinekaspersen@gmail.com', '$2y$13$.k8Em6vwbAp5PzBttErkguyMAZNmOCPgBYil5og.oTWeE5V3AWw9K', NULL, '1', '0', '0', '0', '0', '0', '0', '2018-01-10 10:55:47', '82.194.215.186', NULL, NULL, '2018-01-08 19:49:37', NULL, NULL, NULL, NULL, '0', '2017-09-21 11:34:39', '2017-09-21 10:27:29', '2018-01-10 10:55:47', '83248d8d-bc4a-4fbd-9bd8-8b7c525d840e'),
 ('66', 'credo@restaurantcredo.no', NULL, '', '', 'credo@restaurantcredo.no', '$2y$13$mUVadxFVamKkgg932EdExu4zbYkv0vZuvezBabTx8U.wUZeuj9LDG', NULL, '1', '0', '0', '0', '0', '0', '0', '2018-01-08 23:33:47', '82.43.86.179', NULL, NULL, NULL, NULL, NULL, NULL, NULL, '0', '2017-09-21 13:31:20', '2017-09-21 13:23:04', '2018-01-08 23:33:47', 'f8f42dc5-6665-44ba-a85c-a3143471e13f');



DROP TABLE IF EXISTS `craft_widgets`;


--
-- Schema for table `craft_widgets`
--
CREATE TABLE `craft_widgets` (
  `id` int(11) NOT NULL AUTO_INCREMENT,
  `userId` int(11) NOT NULL,
  `type` varchar(150) COLLATE utf8_unicode_ci NOT NULL,
  `sortOrder` smallint(6) unsigned DEFAULT NULL,
  `colspan` tinyint(4) unsigned DEFAULT NULL,
  `settings` text COLLATE utf8_unicode_ci,
  `enabled` tinyint(1) unsigned NOT NULL DEFAULT '1',
  `dateCreated` datetime NOT NULL,
  `dateUpdated` datetime NOT NULL,
  `uid` char(36) COLLATE utf8_unicode_ci NOT NULL DEFAULT '0',
  PRIMARY KEY (`id`),
  KEY `craft_widgets_userId_fk` (`userId`)
) ENGINE=InnoDB AUTO_INCREMENT=5 DEFAULT CHARSET=utf8 COLLATE=utf8_unicode_ci;

--
-- Data for table `craft_widgets`
--

INSERT INTO `craft_widgets` (`id`, `userId`, `type`, `sortOrder`, `colspan`, `settings`, `enabled`, `dateCreated`, `dateUpdated`, `uid`) VALUES
 ('1', '1', 'RecentEntries', '1', NULL, NULL, '1', '2017-09-15 09:16:04', '2017-09-15 09:16:04', '86eda402-ec39-4cf4-bd41-2890c66c373e'),
 ('2', '1', 'GetHelp', '2', NULL, NULL, '1', '2017-09-15 09:16:04', '2017-09-15 09:16:04', '42bdb2b3-ed87-4472-a2ea-81323acfb0cd'),
 ('3', '1', 'Updates', '3', NULL, NULL, '1', '2017-09-15 09:16:04', '2017-09-15 09:16:04', 'efb89d48-392f-47b4-8d45-b98083cf5af3'),
 ('4', '1', 'Feed', '4', NULL, '{\"url\":\"https:\\/\\/craftcms.com\\/news.rss\",\"title\":\"Craft News\"}', '1', '2017-09-15 09:16:04', '2017-09-15 09:16:04', '08c8a733-7379-4831-9a51-9230c09a288e');


--
-- Constraints for tables
--


--
-- Constraints for table `craft_assetfiles`
--
ALTER TABLE `craft_assetfiles`
	ADD CONSTRAINT `craft_assetfiles_folderId_fk` FOREIGN KEY (`folderId`) REFERENCES `craft_assetfolders` (`id`) ON DELETE CASCADE,
	ADD CONSTRAINT `craft_assetfiles_id_fk` FOREIGN KEY (`id`) REFERENCES `craft_elements` (`id`) ON DELETE CASCADE,
	ADD CONSTRAINT `craft_assetfiles_sourceId_fk` FOREIGN KEY (`sourceId`) REFERENCES `craft_assetsources` (`id`) ON DELETE CASCADE;

--
-- Constraints for table `craft_assetfolders`
--
ALTER TABLE `craft_assetfolders`
	ADD CONSTRAINT `craft_assetfolders_parentId_fk` FOREIGN KEY (`parentId`) REFERENCES `craft_assetfolders` (`id`) ON DELETE CASCADE,
	ADD CONSTRAINT `craft_assetfolders_sourceId_fk` FOREIGN KEY (`sourceId`) REFERENCES `craft_assetsources` (`id`) ON DELETE CASCADE;

--
-- Constraints for table `craft_assetindexdata`
--
ALTER TABLE `craft_assetindexdata`
	ADD CONSTRAINT `craft_assetindexdata_sourceId_fk` FOREIGN KEY (`sourceId`) REFERENCES `craft_assetsources` (`id`) ON DELETE CASCADE;

--
-- Constraints for table `craft_assetsources`
--
ALTER TABLE `craft_assetsources`
	ADD CONSTRAINT `craft_assetsources_fieldLayoutId_fk` FOREIGN KEY (`fieldLayoutId`) REFERENCES `craft_fieldlayouts` (`id`) ON DELETE SET NULL;

--
-- Constraints for table `craft_categories`
--
ALTER TABLE `craft_categories`
	ADD CONSTRAINT `craft_categories_groupId_fk` FOREIGN KEY (`groupId`) REFERENCES `craft_categorygroups` (`id`) ON DELETE CASCADE,
	ADD CONSTRAINT `craft_categories_id_fk` FOREIGN KEY (`id`) REFERENCES `craft_elements` (`id`) ON DELETE CASCADE;

--
-- Constraints for table `craft_categorygroups`
--
ALTER TABLE `craft_categorygroups`
	ADD CONSTRAINT `craft_categorygroups_fieldLayoutId_fk` FOREIGN KEY (`fieldLayoutId`) REFERENCES `craft_fieldlayouts` (`id`) ON DELETE SET NULL,
	ADD CONSTRAINT `craft_categorygroups_structureId_fk` FOREIGN KEY (`structureId`) REFERENCES `craft_structures` (`id`) ON DELETE CASCADE;

--
-- Constraints for table `craft_categorygroups_i18n`
--
ALTER TABLE `craft_categorygroups_i18n`
	ADD CONSTRAINT `craft_categorygroups_i18n_groupId_fk` FOREIGN KEY (`groupId`) REFERENCES `craft_categorygroups` (`id`) ON DELETE CASCADE,
	ADD CONSTRAINT `craft_categorygroups_i18n_locale_fk` FOREIGN KEY (`locale`) REFERENCES `craft_locales` (`locale`) ON DELETE CASCADE ON UPDATE CASCADE;

--
-- Constraints for table `craft_content`
--
ALTER TABLE `craft_content`
	ADD CONSTRAINT `craft_content_elementId_fk` FOREIGN KEY (`elementId`) REFERENCES `craft_elements` (`id`) ON DELETE CASCADE,
	ADD CONSTRAINT `craft_content_locale_fk` FOREIGN KEY (`locale`) REFERENCES `craft_locales` (`locale`) ON DELETE CASCADE ON UPDATE CASCADE;

--
-- Constraints for table `craft_cpnav_navs`
--
ALTER TABLE `craft_cpnav_navs`
	ADD CONSTRAINT `craft_cpnav_navs_layoutId_fk` FOREIGN KEY (`layoutId`) REFERENCES `craft_cpnav_layouts` (`id`) ON DELETE SET NULL;

--
-- Constraints for table `craft_elements_i18n`
--
ALTER TABLE `craft_elements_i18n`
	ADD CONSTRAINT `craft_elements_i18n_elementId_fk` FOREIGN KEY (`elementId`) REFERENCES `craft_elements` (`id`) ON DELETE CASCADE,
	ADD CONSTRAINT `craft_elements_i18n_locale_fk` FOREIGN KEY (`locale`) REFERENCES `craft_locales` (`locale`) ON DELETE CASCADE ON UPDATE CASCADE;

--
-- Constraints for table `craft_emailmessages`
--
ALTER TABLE `craft_emailmessages`
	ADD CONSTRAINT `craft_emailmessages_locale_fk` FOREIGN KEY (`locale`) REFERENCES `craft_locales` (`locale`) ON DELETE CASCADE ON UPDATE CASCADE;

--
-- Constraints for table `craft_entries`
--
ALTER TABLE `craft_entries`
	ADD CONSTRAINT `craft_entries_authorId_fk` FOREIGN KEY (`authorId`) REFERENCES `craft_users` (`id`) ON DELETE CASCADE,
	ADD CONSTRAINT `craft_entries_id_fk` FOREIGN KEY (`id`) REFERENCES `craft_elements` (`id`) ON DELETE CASCADE,
	ADD CONSTRAINT `craft_entries_sectionId_fk` FOREIGN KEY (`sectionId`) REFERENCES `craft_sections` (`id`) ON DELETE CASCADE,
	ADD CONSTRAINT `craft_entries_typeId_fk` FOREIGN KEY (`typeId`) REFERENCES `craft_entrytypes` (`id`) ON DELETE CASCADE;

--
-- Constraints for table `craft_entrydrafts`
--
ALTER TABLE `craft_entrydrafts`
	ADD CONSTRAINT `craft_entrydrafts_creatorId_fk` FOREIGN KEY (`creatorId`) REFERENCES `craft_users` (`id`) ON DELETE CASCADE,
	ADD CONSTRAINT `craft_entrydrafts_entryId_fk` FOREIGN KEY (`entryId`) REFERENCES `craft_entries` (`id`) ON DELETE CASCADE,
	ADD CONSTRAINT `craft_entrydrafts_locale_fk` FOREIGN KEY (`locale`) REFERENCES `craft_locales` (`locale`) ON DELETE CASCADE ON UPDATE CASCADE,
	ADD CONSTRAINT `craft_entrydrafts_sectionId_fk` FOREIGN KEY (`sectionId`) REFERENCES `craft_sections` (`id`) ON DELETE CASCADE;

--
-- Constraints for table `craft_entrytypes`
--
ALTER TABLE `craft_entrytypes`
	ADD CONSTRAINT `craft_entrytypes_fieldLayoutId_fk` FOREIGN KEY (`fieldLayoutId`) REFERENCES `craft_fieldlayouts` (`id`) ON DELETE SET NULL,
	ADD CONSTRAINT `craft_entrytypes_sectionId_fk` FOREIGN KEY (`sectionId`) REFERENCES `craft_sections` (`id`) ON DELETE CASCADE;

--
-- Constraints for table `craft_entryversions`
--
ALTER TABLE `craft_entryversions`
	ADD CONSTRAINT `craft_entryversions_creatorId_fk` FOREIGN KEY (`creatorId`) REFERENCES `craft_users` (`id`) ON DELETE SET NULL,
	ADD CONSTRAINT `craft_entryversions_entryId_fk` FOREIGN KEY (`entryId`) REFERENCES `craft_entries` (`id`) ON DELETE CASCADE,
	ADD CONSTRAINT `craft_entryversions_locale_fk` FOREIGN KEY (`locale`) REFERENCES `craft_locales` (`locale`) ON DELETE CASCADE ON UPDATE CASCADE,
	ADD CONSTRAINT `craft_entryversions_sectionId_fk` FOREIGN KEY (`sectionId`) REFERENCES `craft_sections` (`id`) ON DELETE CASCADE;

--
-- Constraints for table `craft_fieldlayoutfields`
--
ALTER TABLE `craft_fieldlayoutfields`
	ADD CONSTRAINT `craft_fieldlayoutfields_fieldId_fk` FOREIGN KEY (`fieldId`) REFERENCES `craft_fields` (`id`) ON DELETE CASCADE,
	ADD CONSTRAINT `craft_fieldlayoutfields_layoutId_fk` FOREIGN KEY (`layoutId`) REFERENCES `craft_fieldlayouts` (`id`) ON DELETE CASCADE,
	ADD CONSTRAINT `craft_fieldlayoutfields_tabId_fk` FOREIGN KEY (`tabId`) REFERENCES `craft_fieldlayouttabs` (`id`) ON DELETE CASCADE;

--
-- Constraints for table `craft_fieldlayouttabs`
--
ALTER TABLE `craft_fieldlayouttabs`
	ADD CONSTRAINT `craft_fieldlayouttabs_layoutId_fk` FOREIGN KEY (`layoutId`) REFERENCES `craft_fieldlayouts` (`id`) ON DELETE CASCADE;

--
-- Constraints for table `craft_fields`
--
ALTER TABLE `craft_fields`
	ADD CONSTRAINT `craft_fields_groupId_fk` FOREIGN KEY (`groupId`) REFERENCES `craft_fieldgroups` (`id`) ON DELETE CASCADE;

--
-- Constraints for table `craft_globalsets`
--
ALTER TABLE `craft_globalsets`
	ADD CONSTRAINT `craft_globalsets_fieldLayoutId_fk` FOREIGN KEY (`fieldLayoutId`) REFERENCES `craft_fieldlayouts` (`id`) ON DELETE SET NULL,
	ADD CONSTRAINT `craft_globalsets_id_fk` FOREIGN KEY (`id`) REFERENCES `craft_elements` (`id`) ON DELETE CASCADE;

--
-- Constraints for table `craft_matrixblocks`
--
ALTER TABLE `craft_matrixblocks`
	ADD CONSTRAINT `craft_matrixblocks_fieldId_fk` FOREIGN KEY (`fieldId`) REFERENCES `craft_fields` (`id`) ON DELETE CASCADE,
	ADD CONSTRAINT `craft_matrixblocks_id_fk` FOREIGN KEY (`id`) REFERENCES `craft_elements` (`id`) ON DELETE CASCADE,
	ADD CONSTRAINT `craft_matrixblocks_ownerId_fk` FOREIGN KEY (`ownerId`) REFERENCES `craft_elements` (`id`) ON DELETE CASCADE,
	ADD CONSTRAINT `craft_matrixblocks_ownerLocale_fk` FOREIGN KEY (`ownerLocale`) REFERENCES `craft_locales` (`locale`) ON DELETE CASCADE ON UPDATE CASCADE,
	ADD CONSTRAINT `craft_matrixblocks_typeId_fk` FOREIGN KEY (`typeId`) REFERENCES `craft_matrixblocktypes` (`id`) ON DELETE CASCADE;

--
-- Constraints for table `craft_matrixblocktypes`
--
ALTER TABLE `craft_matrixblocktypes`
	ADD CONSTRAINT `craft_matrixblocktypes_fieldId_fk` FOREIGN KEY (`fieldId`) REFERENCES `craft_fields` (`id`) ON DELETE CASCADE,
	ADD CONSTRAINT `craft_matrixblocktypes_fieldLayoutId_fk` FOREIGN KEY (`fieldLayoutId`) REFERENCES `craft_fieldlayouts` (`id`) ON DELETE SET NULL;

--
-- Constraints for table `craft_matrixcontent_customintrolinks`
--
ALTER TABLE `craft_matrixcontent_customintrolinks`
	ADD CONSTRAINT `craft_matrixcontent_customintrolinks_elementId_fk` FOREIGN KEY (`elementId`) REFERENCES `craft_elements` (`id`) ON DELETE CASCADE,
	ADD CONSTRAINT `craft_matrixcontent_customintrolinks_locale_fk` FOREIGN KEY (`locale`) REFERENCES `craft_locales` (`locale`) ON DELETE CASCADE ON UPDATE CASCADE;

--
-- Constraints for table `craft_migrations`
--
ALTER TABLE `craft_migrations`
	ADD CONSTRAINT `craft_migrations_pluginId_fk` FOREIGN KEY (`pluginId`) REFERENCES `craft_plugins` (`id`) ON DELETE CASCADE;

--
-- Constraints for table `craft_neoblocks`
--
ALTER TABLE `craft_neoblocks`
	ADD CONSTRAINT `craft_neoblocks_fieldId_fk` FOREIGN KEY (`fieldId`) REFERENCES `craft_fields` (`id`) ON DELETE CASCADE,
	ADD CONSTRAINT `craft_neoblocks_id_fk` FOREIGN KEY (`id`) REFERENCES `craft_elements` (`id`) ON DELETE CASCADE,
	ADD CONSTRAINT `craft_neoblocks_ownerId_fk` FOREIGN KEY (`ownerId`) REFERENCES `craft_elements` (`id`) ON DELETE CASCADE,
	ADD CONSTRAINT `craft_neoblocks_ownerLocale_fk` FOREIGN KEY (`ownerLocale`) REFERENCES `craft_locales` (`locale`) ON DELETE CASCADE ON UPDATE CASCADE,
	ADD CONSTRAINT `craft_neoblocks_typeId_fk` FOREIGN KEY (`typeId`) REFERENCES `craft_neoblocktypes` (`id`) ON DELETE CASCADE;

--
-- Constraints for table `craft_neoblockstructures`
--
ALTER TABLE `craft_neoblockstructures`
	ADD CONSTRAINT `craft_neoblockstructures_fieldId_fk` FOREIGN KEY (`fieldId`) REFERENCES `craft_fields` (`id`) ON DELETE CASCADE,
	ADD CONSTRAINT `craft_neoblockstructures_ownerId_fk` FOREIGN KEY (`ownerId`) REFERENCES `craft_elements` (`id`) ON DELETE CASCADE,
	ADD CONSTRAINT `craft_neoblockstructures_ownerLocale_fk` FOREIGN KEY (`ownerLocale`) REFERENCES `craft_locales` (`locale`) ON DELETE CASCADE ON UPDATE CASCADE,
	ADD CONSTRAINT `craft_neoblockstructures_structureId_fk` FOREIGN KEY (`structureId`) REFERENCES `craft_structures` (`id`) ON DELETE CASCADE;

--
-- Constraints for table `craft_neoblocktypes`
--
ALTER TABLE `craft_neoblocktypes`
	ADD CONSTRAINT `craft_neoblocktypes_fieldId_fk` FOREIGN KEY (`fieldId`) REFERENCES `craft_fields` (`id`) ON DELETE CASCADE,
	ADD CONSTRAINT `craft_neoblocktypes_fieldLayoutId_fk` FOREIGN KEY (`fieldLayoutId`) REFERENCES `craft_fieldlayouts` (`id`) ON DELETE SET NULL;

--
-- Constraints for table `craft_neogroups`
--
ALTER TABLE `craft_neogroups`
	ADD CONSTRAINT `craft_neogroups_fieldId_fk` FOREIGN KEY (`fieldId`) REFERENCES `craft_fields` (`id`) ON DELETE CASCADE;

--
-- Constraints for table `craft_reasons`
--
ALTER TABLE `craft_reasons`
	ADD CONSTRAINT `craft_reasons_fieldLayoutId_fk` FOREIGN KEY (`fieldLayoutId`) REFERENCES `craft_fieldlayouts` (`id`) ON DELETE CASCADE;

--
-- Constraints for table `craft_relabel`
--
ALTER TABLE `craft_relabel`
	ADD CONSTRAINT `craft_relabel_fieldId_fk` FOREIGN KEY (`fieldId`) REFERENCES `craft_fields` (`id`) ON DELETE CASCADE,
	ADD CONSTRAINT `craft_relabel_fieldLayoutId_fk` FOREIGN KEY (`fieldLayoutId`) REFERENCES `craft_fieldlayouts` (`id`) ON DELETE CASCADE;

--
-- Constraints for table `craft_relations`
--
ALTER TABLE `craft_relations`
	ADD CONSTRAINT `craft_relations_fieldId_fk` FOREIGN KEY (`fieldId`) REFERENCES `craft_fields` (`id`) ON DELETE CASCADE,
	ADD CONSTRAINT `craft_relations_sourceId_fk` FOREIGN KEY (`sourceId`) REFERENCES `craft_elements` (`id`) ON DELETE CASCADE,
	ADD CONSTRAINT `craft_relations_sourceLocale_fk` FOREIGN KEY (`sourceLocale`) REFERENCES `craft_locales` (`locale`) ON DELETE CASCADE ON UPDATE CASCADE,
	ADD CONSTRAINT `craft_relations_targetId_fk` FOREIGN KEY (`targetId`) REFERENCES `craft_elements` (`id`) ON DELETE CASCADE;

--
-- Constraints for table `craft_routes`
--
ALTER TABLE `craft_routes`
	ADD CONSTRAINT `craft_routes_locale_fk` FOREIGN KEY (`locale`) REFERENCES `craft_locales` (`locale`) ON DELETE CASCADE ON UPDATE CASCADE;

--
-- Constraints for table `craft_sections`
--
ALTER TABLE `craft_sections`
	ADD CONSTRAINT `craft_sections_structureId_fk` FOREIGN KEY (`structureId`) REFERENCES `craft_structures` (`id`) ON DELETE SET NULL;

--
-- Constraints for table `craft_sections_i18n`
--
ALTER TABLE `craft_sections_i18n`
	ADD CONSTRAINT `craft_sections_i18n_locale_fk` FOREIGN KEY (`locale`) REFERENCES `craft_locales` (`locale`) ON DELETE CASCADE ON UPDATE CASCADE,
	ADD CONSTRAINT `craft_sections_i18n_sectionId_fk` FOREIGN KEY (`sectionId`) REFERENCES `craft_sections` (`id`) ON DELETE CASCADE;

--
-- Constraints for table `craft_sessions`
--
ALTER TABLE `craft_sessions`
	ADD CONSTRAINT `craft_sessions_userId_fk` FOREIGN KEY (`userId`) REFERENCES `craft_users` (`id`) ON DELETE CASCADE;

--
-- Constraints for table `craft_shunnedmessages`
--
ALTER TABLE `craft_shunnedmessages`
	ADD CONSTRAINT `craft_shunnedmessages_userId_fk` FOREIGN KEY (`userId`) REFERENCES `craft_users` (`id`) ON DELETE CASCADE;

--
-- Constraints for table `craft_structureelements`
--
ALTER TABLE `craft_structureelements`
	ADD CONSTRAINT `craft_structureelements_elementId_fk` FOREIGN KEY (`elementId`) REFERENCES `craft_elements` (`id`) ON DELETE CASCADE,
	ADD CONSTRAINT `craft_structureelements_structureId_fk` FOREIGN KEY (`structureId`) REFERENCES `craft_structures` (`id`) ON DELETE CASCADE;

--
-- Constraints for table `craft_taggroups`
--
ALTER TABLE `craft_taggroups`
	ADD CONSTRAINT `craft_taggroups_fieldLayoutId_fk` FOREIGN KEY (`fieldLayoutId`) REFERENCES `craft_fieldlayouts` (`id`) ON DELETE SET NULL;

--
-- Constraints for table `craft_tags`
--
ALTER TABLE `craft_tags`
	ADD CONSTRAINT `craft_tags_groupId_fk` FOREIGN KEY (`groupId`) REFERENCES `craft_taggroups` (`id`) ON DELETE CASCADE,
	ADD CONSTRAINT `craft_tags_id_fk` FOREIGN KEY (`id`) REFERENCES `craft_elements` (`id`) ON DELETE CASCADE;

--
-- Constraints for table `craft_templatecachecriteria`
--
ALTER TABLE `craft_templatecachecriteria`
	ADD CONSTRAINT `craft_templatecachecriteria_cacheId_fk` FOREIGN KEY (`cacheId`) REFERENCES `craft_templatecaches` (`id`) ON DELETE CASCADE;

--
-- Constraints for table `craft_templatecacheelements`
--
ALTER TABLE `craft_templatecacheelements`
	ADD CONSTRAINT `craft_templatecacheelements_cacheId_fk` FOREIGN KEY (`cacheId`) REFERENCES `craft_templatecaches` (`id`) ON DELETE CASCADE,
	ADD CONSTRAINT `craft_templatecacheelements_elementId_fk` FOREIGN KEY (`elementId`) REFERENCES `craft_elements` (`id`) ON DELETE CASCADE;

--
-- Constraints for table `craft_templatecaches`
--
ALTER TABLE `craft_templatecaches`
	ADD CONSTRAINT `craft_templatecaches_locale_fk` FOREIGN KEY (`locale`) REFERENCES `craft_locales` (`locale`) ON DELETE CASCADE ON UPDATE CASCADE;

--
-- Constraints for table `craft_usergroups_users`
--
ALTER TABLE `craft_usergroups_users`
	ADD CONSTRAINT `craft_usergroups_users_groupId_fk` FOREIGN KEY (`groupId`) REFERENCES `craft_usergroups` (`id`) ON DELETE CASCADE,
	ADD CONSTRAINT `craft_usergroups_users_userId_fk` FOREIGN KEY (`userId`) REFERENCES `craft_users` (`id`) ON DELETE CASCADE;

--
-- Constraints for table `craft_userpermissions_usergroups`
--
ALTER TABLE `craft_userpermissions_usergroups`
	ADD CONSTRAINT `craft_userpermissions_usergroups_groupId_fk` FOREIGN KEY (`groupId`) REFERENCES `craft_usergroups` (`id`) ON DELETE CASCADE,
	ADD CONSTRAINT `craft_userpermissions_usergroups_permissionId_fk` FOREIGN KEY (`permissionId`) REFERENCES `craft_userpermissions` (`id`) ON DELETE CASCADE;

--
-- Constraints for table `craft_userpermissions_users`
--
ALTER TABLE `craft_userpermissions_users`
	ADD CONSTRAINT `craft_userpermissions_users_permissionId_fk` FOREIGN KEY (`permissionId`) REFERENCES `craft_userpermissions` (`id`) ON DELETE CASCADE,
	ADD CONSTRAINT `craft_userpermissions_users_userId_fk` FOREIGN KEY (`userId`) REFERENCES `craft_users` (`id`) ON DELETE CASCADE;

--
-- Constraints for table `craft_users`
--
ALTER TABLE `craft_users`
	ADD CONSTRAINT `craft_users_id_fk` FOREIGN KEY (`id`) REFERENCES `craft_elements` (`id`) ON DELETE CASCADE,
	ADD CONSTRAINT `craft_users_preferredLocale_fk` FOREIGN KEY (`preferredLocale`) REFERENCES `craft_locales` (`locale`) ON DELETE SET NULL ON UPDATE CASCADE;

--
-- Constraints for table `craft_widgets`
--
ALTER TABLE `craft_widgets`
	ADD CONSTRAINT `craft_widgets_userId_fk` FOREIGN KEY (`userId`) REFERENCES `craft_users` (`id`) ON DELETE CASCADE;

SET FOREIGN_KEY_CHECKS = 1;
